,Filter 1,ID,gruppo,età,classe,sezione,CBT_F_SPAN_PRE,CBT_B_SPAN_PRE,TOL_TP_PRE,TOL_TE_PRE,TOL16-T_tot_PRE,TOL16_ACC_PRE,TOL_VIO_REG_PRE,Raven_ACC_PRE,RAVEN_T_PRE,WM_span_PRE,WM_trial_PRE,WM_acc_PRE,PLANNING_TP_PRE,PLANNING_TE_PRE,PLANNING_TOT_PRE,PLANNING_span_PRE,PLANNING_trial_PRE,PLANNING_ACC_PRE,PLANNING_OST_PRE,PLANNING_MATT_PRE,PLANNING_MATTI_MIN_PRE,PLANNING_PERC_PRE,PWM_ TP_PRE,PWM_ TE_PRE,PWM_ T_PRE,PWM_ TRIAL_PRE,PWM_ ACC_PRE,PWM_ OST_PRE,PWM_ MATT_PRE,PWM_ MATT_MIN_PRE,PWM_ PERC_PRE,ABAS_amb,ABAS_amb_suppongo,ABAS_comscol,ABAS_comscol_suppongo,ABAS_vitascuola,ABAS_vitascuola_suppongo,ABAS_sal_sic,ABAS_sal_sic_suppongo,ABAS_tempo_libero,ABAS_tempo_libero_suppongo,ABAS_curadisè,ABAS_curadisè_suppongo,ABAS_autocontrollo,ABAS_autocontrollo_suppongo,ABAS_soc,ABAS_soc_suppongo,BRIEF_ini,BRIEF_autom,BRI,BRIEF_shift,BRIEF_regem,ERI,BRIEF_avvio,BRIEF_WM,BRIEF_pianific,BRIEF_monitoraggiodelcompito,BRIEF_organiz,CRI,CBT_F_SPAN_POST,CBT_T_SPAN_POST,TOL_TP_POST,TOL_TE_POST,TOL16-T_tot_POST,TOL16_ACC_POST,TOL_VIO_REG_POST,Raven_ACC_POST,RAVEN_T_POST,WM_span_POST,WM_trial_POST,WM_acc_POST,PLANNING_TP_POST,PLANNING_TE_POST,PLANNING_TOT_POST,PLANNING_span_POST,PLANNING_trial_POST,PLANNING_ACC_POST,PLANNING_OST_POST,PLANNING_MATT_POST,PLANNING_MATTI_MIN_POST,PLANNING_PERC_POST,PWM_ TP_POST,PWM_ TE_POST,PWM_ T_POST,PWM_ TRIAL_POST,PWM_ ACC_POST,PWM_ OST_POST,PWM_ MATT_POST,PWM_ MATT_MIN_POST,PWM_ PERC_POST,tol_tp_pre,tol_te_pre,tol_rt_tot_pre,planning_tp_pre,planning_te_pre,planning_tr_tot_pre,pwm_tp_pre,pwm_te_pre,pwm_tr_tot_pre,tol_tp_post,tol_te_post,tol_tr_tot_post,plan_tp_post,plan_te_post,plan_rt_tot_post,pwm_tp_post,pwm_te_post,pwm_rt_tot_post,plan_eff_pre,plan_eff_post,delta_tol_acc,delta_corsi_F,delta_corsi_B,delta_plan,delta_wplan,delta_wm,delta_RT_tol,delta_RT_plan,delta_RT_wplan,abas_tot,brief_tot,pwm_eff_pre,pwm_eff_ps
Filter 1,,,,,,,,,,,,,,,,,,,,,,,,,,,,,,,,,,,,,,,,,,,,,,,,,,,,,,,,,,,,,,,,,,,,,,,,,,,,,,,,,,,,,,,,,,,,,,,,,,,,,,,,,,,,,,,,,,,,,,,,,,,,,,,,,
ID,,1.0,0.07027422444928434,-0.05436904656696098,-0.4018523995498533,-0.027480011747348928,0.09359526724694718,-0.26620710217728116,0.06753757077771765,-0.07085785603689204,0.0059839813609372855,0.18956073715799104,0.07004163341589766,-0.08252950189928915,0.005795729072709434,-0.06844771258667852,0.08687191892271329,-0.11780825389287126,0.10450352387108629,-0.09907450154411958,0.18123350249682607,0.09604376791310175,0.045498777866777064,0.1428092985098275,-0.11329296653513232,0.03314599976444156,0.14043726347308053,0.1709077481796401,0.04175608500960147,-0.041415685765277675,0.07866160676726852,-0.09673551516682835,-0.02095824366862217,-0.19081096479570087,-0.0324609849297491,-0.025314538166783425,0.11976443579967376,-0.14393432169070838,0.20483693924728896,-0.029161583949583517,0.34508013714575836,0.049787764704086294,-0.010073077595524742,0.22222198746603988,-0.23230584702073093,0.17023807546711733,-0.11884928368254633,0.13431678174262426,-0.11582098608529538,0.2230200828245015,0.5953368204906886,0.12119317661513677,0.30508692791411807,-0.06212258310603353,-0.056139036648725486,-0.08833414544750542,-0.0482012218573955,0.07291636837399404,0.01537207552972719,-0.0692785395584013,-0.12909064752159166,0.007666526759824047,-0.12428599057330789,-0.0499146390558417,-0.08148490231251711,-0.09682435460269717,-0.11177887829252131,-0.25898852337993783,0.053362120145412834,-0.14674048613891869,0.04545475207161,0.0013012857191955593,-0.1781533150987171,-0.45094676177405174,-0.24938433853788963,-0.2550819926901486,-0.2677774814606136,-0.09560402612035579,-0.04160743295716849,-0.0567676335138904,-0.15703017016519558,-0.12409799437181741,-0.12430846812190018,-0.026405813914405253,-0.04576262995086528,-0.14770371864437662,-0.06444366861765116,-0.1809687137814019,0.18099977127862285,0.009151486446926378,0.08233309285552008,0.06137949685780623,0.05312435163172485,0.0791551596299073,0.09390828692892655,0.046314040868785204,0.03503827053031373,-0.024013348116169085,0.017652576301586766,0.1630819596728245,0.19968059221461687,0.2127534154137391,0.13945722748129677,0.10036125873625358,0.18802198433114367,-0.27069272370660874,0.06397135572676768,-0.1444184684537942,-0.0856268284740235,-0.016440654407370837,-0.04054335098855387,-0.10254282733142722,-0.006159360248042876,0.012966679553059232,-0.08651700848561965,0.01006692414949397,-0.11506675641901169,-0.18563546238161224,0.15301354540221399,0.06883310246725449,0.057260739302231065,-0.12938434361012807,-0.13663478998188744,-0.2676727950279577,-0.12616491766874946,0.09071791070748107,-0.06670826998611773,-0.042895841601358356,0.0027522370033920478
gruppo,,0.07027422444928434,1.0,-0.18002057495577384,-0.07818261411971492,-0.4429149842902556,-0.1651788912221972,-0.06062711486148597,0.00824420920843779,-0.15170089903105172,-0.08143877638166061,-0.046022821821023845,0.09747198083268707,-0.06301035965629956,0.02814131456709917,-0.018975834751776936,-0.031784226732225355,-0.0038445617537807386,0.12239920475141688,-0.11945508624021105,0.09509499436811686,0.07392212709545731,0.07858667988737345,-0.07139943474719238,0.16881618892162958,-0.04386999680812906,-0.11501783228530937,-0.1214936222263607,0.11890659838143093,-0.11837567958421501,0.10235015944236753,0.015158615890924949,0.049323505103547896,0.07416872778908405,0.009102039824746637,0.004535341098067911,0.052693956456935635,-0.012687508484408415,-0.23350155163013758,-0.10370209012175677,-0.5324954512617388,-0.06937130289331865,-0.2973505167250262,-0.2240808132654151,-0.2312279755224667,-0.039866740812058946,0.23297277907402333,-0.33210686030864717,-0.014750610319128133,-0.16152619550189595,0.5773502691896258,-0.33427189804324303,0.5773502691896258,0.23235390444826137,0.35779359989376064,0.27533532664717464,0.15333496047972023,0.10418756109024979,0.14378023643935525,0.015572130435390609,-0.04338882258762657,0.24775456684196376,0.14440120110618737,0.13903287965746383,0.11737427876540465,0.042365927286816395,-0.15251572327044033,-0.1998961469481243,0.15529426898194348,-0.0501773558667078,0.1621530459394131,0.11501272696448485,-0.1147596432729272,-0.12308454668737175,-0.19257375703541288,-0.12421095671672013,-0.30464101901545765,0.05683439593005085,0.15124830040145282,0.14097154331542738,0.06656965660245623,0.11051627487769382,0.06480335690083366,0.04872028364983394,0.09118645000488258,0.08747280256576338,-0.12858870266841127,0.136357521794074,-0.13533775074912077,0.14132284228187794,0.07757677015615601,-0.0011726432241618867,0.13039490349064273,0.05507978591229281,0.018791205841255147,-0.10932105662593156,0.008469145798616733,-0.11230032276081378,-0.054707478375623564,0.18755401064078112,0.07751390753462002,0.08068900452064709,0.2266616569163224,-0.025162554725519162,0.09929094860263667,-0.1952947341516223,0.15472408807104263,-0.03765420992527588,0.086556289182306,0.22627704640035373,0.2006215153453812,0.17164820349355817,0.17356472110681373,0.16243595932166455,0.04534927301067555,0.06548146231118096,0.15885894114664248,0.21760197624939837,-0.09427277987915599,0.031072152317629897,-0.03507961806603455,-0.26273590323597906,0.016535022233289412,0.1005632134172086,0.07659208539331876,-0.18839724174115158,0.17643185480085463,0.021627808556573747,0.1405070960487688
età,,-0.05436904656696098,-0.18002057495577384,1.0,0.7312105871292053,0.4123529932986283,0.25487656258609004,0.27434671414479334,-0.017017992830832815,0.05532076122253561,0.0200128467500571,0.2949479524929589,-0.22784055314849613,0.3757422138720927,-0.02387369900562972,0.3560490402559953,0.41563262495526376,0.32224186120680814,-0.08091687627449755,0.0684245780167678,-0.39664297908659346,0.2235660642041899,-0.025095936840232747,0.1569824592260195,-0.022367325120154564,-0.16357935049133165,0.02947912557705311,0.22196403758278868,0.03885727888213185,-0.0392028936834011,-0.07007754877866045,0.1368797554506155,0.17149628929601532,0.11361250555480105,0.11966836536074724,0.12740533850732463,-0.12668164849072497,0.5549175840162877,0.29787258849947956,0.5918625091728924,0.6265499037463736,0.3583341696130614,0.2868002428243081,0.230336370135676,0.24876033358683175,0.20649178154035436,-0.18176010364571576,0.38296902887648765,-0.2159903238502324,0.31751580291688,0.0,0.29565883508003016,-0.577350269189626,-0.004486215119348212,-0.024360935748677946,0.0032860910128311273,0.28511722806902295,0.04969292658192405,0.18478724381517908,0.08125980568768823,0.15874315961328045,0.3126069348962115,0.419880878830868,0.3740385809546401,0.3040932528480588,0.23795424396766346,0.21602468994692875,-0.05815900205740703,-0.36143487473307606,-0.2422459889094471,-0.17121828253624605,-0.23698869204801887,0.35939825633142236,0.035331135621280936,0.25404152345619385,0.2276147523977323,0.3121755541132609,-0.09715099316268397,-0.1951583511071659,-0.1872550674886722,-0.037749309746974366,-0.18553698205587998,-0.014874070399648451,-0.17796453232201948,-0.05421530866795422,-0.08826239474149862,0.04702089125080663,0.09803171888928322,-0.0990599034906208,-0.14865580984409008,-0.06061584281726637,0.019252311557763323,-0.12721266463263262,0.015732941242364556,-0.03144442598769762,-0.21375796760787547,0.0023872259129385925,0.05464785405508052,0.034098296533704164,-0.19428197170357173,-0.39920162848981433,-0.3951520165933438,0.028355761231200163,-0.04583767178724275,-0.07821391098603346,-0.03074646770143807,-0.3720018965331884,-0.2503037844596044,-0.14532563198325518,-0.23735608415557857,-0.22336591084345467,0.016306954233847603,-0.09615520706131903,-0.18305920312268212,-0.2782771849620225,-0.023938729003613445,-0.3619363262554132,-0.07610721815894839,-0.055227791305301026,0.16794962033489702,-0.10574042255123449,-0.013267973462605245,-0.2398940430996325,0.2177306218592707,-0.08823217901848983,0.5134816690922988,0.2348818945136189,0.030470895904605836,0.14972285974687508
classe,,-0.4018523995498533,-0.07818261411971492,0.7312105871292053,1.0,0.6868198101613203,0.22060351328341185,0.4523091596053308,0.09569728588341893,0.02680078465727737,0.08154471034903958,0.2741932053350384,-0.19420497529440908,0.3659961990259013,0.009436471709039385,0.34977588864227116,0.3211171022088351,0.33162581578613065,-0.16786319773013414,0.15855273554462224,-0.3095858405807316,0.1596141236534785,-0.009994003262453824,0.04343166195736299,0.07962571955343833,-0.06977545272890188,-0.06700813432064094,-0.030197493204400523,0.1337051785007504,-0.1338040312306545,-0.016289282441575362,0.20094400946312033,0.19462672977020237,0.22494014036153928,0.16179521050869347,0.1603571887312742,-0.13903029914332068,0.600391633486774,0.3701689722382964,0.6999492277352592,0.46222058638271224,0.3322073552408568,0.4940901796874404,-0.01530156304372975,0.6123526576144757,0.025932909902574325,-0.31298621848313535,0.24438278292851276,-0.3125252864821819,0.17355048479864763,-0.33333333333333326,0.02440908758329684,-0.5222329678670934,0.07934721301901208,0.03780113317605182,0.1014526092111035,0.2519727483783865,0.006888654342118892,0.14208149885176147,0.07611970951668123,0.0712429069258156,0.23549546580854264,0.29862660096436205,0.3012273733728196,0.21719377681284313,0.2735552728602479,0.2567617704553115,0.1828424798878542,-0.29104450852410607,-0.03790636420503625,-0.08671965211320572,-0.16307655461398485,0.4958241229020732,0.12735939954492698,0.3594999375993989,0.34298239886441534,0.39875672202928564,-0.11670741221578584,-0.21553030078268728,-0.2089197414440498,0.06819543365941833,-0.003659485244912411,0.020228729739032152,-0.020776795289443595,-0.026963998386519614,0.012374096244671163,0.12642313867921326,0.12386997809788178,-0.12550037864283742,-0.2348977850490943,-0.18518837761465182,-0.06963389397144558,-0.22888553671804246,-0.08425885116635465,-0.14235222545579015,-0.20486765482459882,0.14768102701424818,0.030275181694313973,0.08833115977044219,-0.24334929850845977,-0.33247211924777464,-0.3509533732075682,0.1049805069382722,-0.05617948082212025,-0.09331057381906643,0.25939937135681246,-0.29271338704366556,-0.016028753493754586,-0.16086237907138948,-0.22474348542118872,-0.21980994284994237,0.029397210602995365,-0.09727985719209077,-0.19163981589411136,-0.041023660678929916,-0.035177427715106416,-0.28169880987409296,-0.008005972395667848,-0.19205901158115746,-0.0052763122414876545,-0.18364648406134407,0.05404469963177478,-0.09112404938286126,0.17332958373523302,-0.07623742869666811,0.40653638161328315,0.1944591504587228,0.08576729328538227,0.12326172231544312
sezione,,-0.027480011747348928,-0.4429149842902556,0.4123529932986283,0.6868198101613203,1.0,0.25555995469844817,0.32584506662302115,0.25193402916944196,0.02510596467015257,0.19695591049580183,0.2183598855431943,-0.10494157856432337,0.14511938730673302,0.07775978877133051,0.18861720283550729,0.2234855723186097,0.09198955113671334,-0.16766895126042203,0.17049350976496014,0.0770695295099741,0.15187060907570443,0.02362926595858304,0.1365269520313356,-0.05676479043438282,0.13070625630071575,0.07724986119916988,-0.050020111161478295,0.12123162349545256,-0.12093235311850975,0.07350272808255466,0.09616240323407357,0.09208279270232163,0.05344736475818864,0.09859813144082917,0.0965592779046669,-0.05102185116690763,0.1648646190463662,0.46658318284285183,0.48583790323745785,0.5638805822774094,0.2987413797325402,0.7222474670460846,0.03279939739417924,0.7362103770773486,0.04543375243063871,-0.41930636118350995,0.35955540375605444,-0.34027826371874825,0.25179346973358463,,0.07894500333056492,-0.5222329678670934,-0.10027285344953696,-0.21027365481380705,-0.11613674222310166,0.043124364160312824,-0.1033769478077105,-0.03277700992064907,-0.03375735668383043,-0.06581165812431322,0.017669520951545694,0.08421931667495455,0.1261232372467103,0.01980347287043215,0.07633724386726333,0.16525932545644498,0.3535465530905517,-0.22329595749825104,0.11218026954195887,-0.03886792996612488,-0.11097350404225272,0.33402086006341036,0.10559726620321529,0.15370417992438024,0.1299750291692194,0.3069801214942461,0.026298042880561572,-0.14174182785525125,-0.11110947162075764,-0.0015421534014696985,0.0032142616718391845,-0.027767086623521585,0.03214882222728133,0.0038358053631464303,-0.021075278323563113,0.09121045272569775,0.003408007790627682,-0.005631858900359008,-0.29622536300849456,-0.2756052111845811,-0.1546971993336141,-0.2838212896483319,-0.18885063539098101,-0.2083158876323982,-0.010530143230750614,0.30123891029679506,0.031080413556537508,0.1887554197318888,-0.11559579366466773,0.07099961520699014,0.03751254984354758,0.06751858193830582,0.1427986404710587,0.05663632309968256,0.44082713324757594,-0.24661185046655337,0.14053419136909015,-0.010860782337006668,-0.15716715260453246,-0.128241405466328,-0.0693081359181786,-0.19123612750550276,-0.23428691008652974,0.12716419065463644,0.013445735808762073,-0.19887648259555893,-0.21703689648433888,-0.1675090840543205,-0.07293627108343227,-0.16988388992722633,0.1670500865234038,-0.05085376410589559,-0.1560112028288031,-0.21455430418871257,0.277582202973418,-0.026297277954137034,0.05962674344823754,-0.06016804322601654
CBT_F_SPAN_PRE,,0.09359526724694718,-0.1651788912221972,0.25487656258609004,0.22060351328341185,0.25555995469844817,1.0,0.4161740402475939,0.08152459091840915,-0.24837042469243448,-0.08631142324867716,0.2400849401084994,-0.15753537731376907,0.3041732547649393,-0.1825630701040294,0.34066530107917425,0.3431454464477494,0.3501613028754308,0.0814696180298964,-0.09455865088951435,-0.3906822269330747,-0.00915778124281068,-0.03183132785142323,0.06635910312550236,-0.10752406221520079,-0.0429426319778792,0.08314266694203205,0.1699768715110159,0.080390083278966,-0.08172900878674229,-0.23375936755677593,-0.07361417094058835,-0.003026103556987177,-0.16505583983082434,-0.02805681226144147,-0.013202232557995405,0.051160887479634765,0.17724321609799787,0.1343375650970478,0.2401441510687753,0.26465333569211635,0.27334580017350935,0.1542173151909975,0.08786230896464477,0.20577606762266412,0.234586761053078,-0.005515861602679205,0.3207473396084681,-0.031161200788570223,0.22474504510805102,0.7745966692414834,0.1538412020407597,0.577350269189626,0.0025810962120275107,-0.10241254646724031,-0.08196032202769528,-0.04435167184017827,0.016111221316555555,-0.015078751075474024,-0.1620476350230361,-0.1703632289987038,-0.06689757951594592,-0.13215519001706547,-0.08262626576328656,-0.13771560419715168,0.49905429741462776,0.42915345889238776,0.012182524276940344,-0.24993806433436722,-0.13141713884218845,0.11083639210130364,-0.08066704956516976,0.42165567150148897,-0.18685183148140663,0.16031796311463575,0.13711034646044507,0.256246276315801,-0.2755633219117227,-0.4932993451970005,-0.480069224615515,-0.06680010505481415,-0.08887555597629658,-0.06583050183818927,-0.03775038377807477,-0.09419904188747619,-0.07813250357784757,0.14440795954512206,0.009841880191919271,-0.011873174061264712,-0.2888725575818549,-0.055618407559884835,-0.02765977560046526,-0.06253108716660909,-0.016849522984480458,-0.03949761962818575,-0.07535138658857055,0.07058781453537857,-0.24744425389092561,-0.10156444627034565,-0.12888872759885464,-0.3223011270031548,-0.2985456943432364,0.00850342839535274,-0.14300493761987237,-0.1786465142150547,0.003270377236224752,-0.2784070659066109,-0.14705473903214614,-0.29074303591717116,-0.44584077972752223,-0.4276796378564197,-0.026954431885046346,-0.22677801005848006,-0.2365819346844672,-0.1466509306092845,-0.07270271687391901,-0.1054690345703915,-0.6705984090430378,0.019319680035768123,0.03148389600921769,-0.017140680451100974,-0.08690957354385075,-0.03400100580533108,-0.0777392091604986,-0.05962355573230974,0.26500820832151306,-0.10745374337579139,-0.06958081916322001,0.057488085457568755
CBT_B_SPAN_PRE,,-0.26620710217728116,-0.06062711486148597,0.27434671414479334,0.4523091596053308,0.32584506662302115,0.4161740402475939,1.0,0.07984885552934565,-0.1486199099604143,-0.03017271177944857,0.16577175667374874,-0.13318979834399403,0.34934141277374625,0.021054989685711303,0.36547983592645045,0.2829221077696882,0.4329486723665272,0.14013946893384993,-0.1525888107790755,-0.37297421024893135,-0.08703904589956793,-0.14725198265802342,-0.07254059827883631,0.010428761731569014,-0.06678270452731869,-0.11490538626831044,-0.11674056100498507,-0.09009598850926376,0.089856404695703,-0.06395100446677648,0.12131105537235204,0.09616309713012909,0.13677088477141505,0.07793531425037667,0.07192966581531003,-0.16908256512093725,0.40161578995043984,0.03353051660312598,0.4040684847335749,0.1057582001073213,0.2426400950674458,0.2862824063825641,-0.034117028308957124,0.3679902599808653,0.13108698061559124,-0.06928095759263489,0.2500031408516687,0.10070263712640051,0.19051152941824245,0.49374193110101877,0.10286403292997388,0.3333333333333333,-0.03141930133161045,-0.18643154940075407,-0.13583333653525523,-0.17363666715929782,-0.05728589803106445,-0.12802533131070973,-0.23997416340732877,-0.2350959288763141,-0.11365599050891839,-0.13502185982428538,-0.12214329751569908,-0.19006273214652,0.36378410116240295,0.5088282634079917,0.2002361888677742,-0.22180823301859245,0.012153047231715631,0.05294331420013662,-0.16012239268080491,0.4903797638896024,-0.015360419722087952,0.19766713332801833,0.17667412872475666,0.28541742752259214,-0.13924410179970767,-0.3126459320865539,-0.2962975666696658,0.13015862050233848,0.03046865483098712,0.15465932568515314,-0.10039992217551445,0.030362790741750887,0.13480292810223674,0.16196950723882234,0.043509091794766655,-0.043851057727995295,-0.049727264886699964,0.06294883850151374,0.13205518849092138,-0.04783545610207204,0.14656124228132725,0.08522375474661016,-0.1779029470642663,0.07241215593397557,-0.12824099460275395,-0.029147026306647256,-0.04169228040702837,-0.3920350037281035,-0.36268685392938355,-0.06894318344401694,-0.04671383498640601,-0.033887327014030515,0.21742138019670357,-0.23301485391847676,0.007988342071183286,-0.11870286823234438,-0.28812081906756487,-0.26176526272552963,0.007258049949830795,-0.053367593573296124,-0.05918080864212479,0.010291259877166295,-0.02189975805186912,-0.09065322086998179,-0.14546555324785398,-0.4844142613745146,-0.02783497787431884,0.025068363776455688,-0.1349004211348869,0.032332229577539257,0.14674789536502558,-0.04705529680915353,0.29652941449525055,-0.18254821477143526,0.061214562221646306,0.26901729194221813
TOL_TP_PRE,,0.06753757077771765,0.00824420920843779,-0.017017992830832815,0.09569728588341893,0.25193402916944196,0.08152459091840915,0.07984885552934565,1.0,0.2420848460992655,0.830299122675181,0.22655695553334973,-0.1389574227364259,0.02751029651938427,0.09828490299056603,-0.009595032764701665,0.03899092922868319,-0.11769547918000164,0.38443248871865543,-0.37577946243905985,0.3065569226099892,0.053223507999271495,-0.04187778599632921,0.140329839576944,-0.1565199702165184,0.11605317653237963,0.12594151523198188,0.021443671157026487,-0.04046012141962996,0.04116817007117468,0.13744185683101584,-0.03375877896651529,-0.03650663359260229,-0.08486358452925355,-0.0391457605587658,-0.010564922654036094,0.058385016084794655,-0.021111795799650866,0.2955206200838212,0.10112642318363838,0.060381671579260554,0.047227960337102214,0.09471797217211163,0.026236969991150685,0.17260090353146218,0.059894371796968035,-0.027601967094979894,0.1575521072323026,-0.07450714160727237,0.14138204128824253,-0.10862749168439238,-0.07414909721825308,-0.49046043379457294,-0.10380866924733367,-0.1509505461208476,-0.14917731763787637,-0.14059261257846525,-0.054283223797393185,-0.10818923901217953,-0.12005543075097501,-0.20104542177519075,-0.13089954690349395,-0.10163793826042015,-0.05236529030811354,-0.14648151824066066,0.004424131859585154,0.05043312886838958,0.3423995774466854,0.2294134569181799,0.3637547429411983,0.13339461665971203,-0.2188776756027538,0.06182628440983405,0.03718216808405465,-0.09726102761377718,-0.10574489288006153,-0.06862686468948516,0.28364177852623057,0.16993057051014007,0.20782056473171953,-0.02442223083042151,0.05126564544189493,-0.10340010605184853,0.15384803237425348,-0.14156795360852487,-0.10426465483573331,0.07037791446577775,0.0004486610391731053,0.0005218275982807673,0.13787939226151136,-0.04898750728459798,0.028164696808083194,-0.11924440372002193,-0.01592188305203452,0.01603596278471652,0.0735071356421414,0.9164547524741776,0.2690648632891131,0.7802082987840279,0.4204639435330816,0.24590603036730996,0.2759413184103847,-0.035791392609090505,0.12463953082201766,0.11139745754822031,0.3062313814774353,0.2528724441706007,0.3897936901346542,0.2442906458966707,0.201777886777255,0.21762315640923152,0.0483489507005069,0.20002861454611914,0.18940994521143362,0.05408810966564431,-0.11470339790817208,-0.07775218700425116,-0.08571124144876881,-0.0287170483655392,-0.1459175010710918,0.04495436278065703,0.044502476740276437,-0.3592649885757352,-0.09437373009913042,0.05392081436418253,0.05549127613978621,-0.15401255104745926,-0.12650545976271418,-0.10452598817431306
TOL_TE_PRE,,-0.07085785603689204,-0.15170089903105172,0.05532076122253561,0.02680078465727737,0.02510596467015257,-0.24837042469243448,-0.1486199099604143,0.2420848460992655,1.0,0.7417434700000761,0.24529659296306008,-0.1192896169884863,-0.09088272076925479,0.19466707265605152,-0.29849794593158235,-0.15254993736991063,-0.36044188735595395,0.04151619725388892,-0.03396707934571795,0.23547884792782176,-0.09515334077416918,-0.11537077560086179,-0.06008891350462972,-0.014198207690633425,-0.08271775707408521,-0.06911679841587254,-0.04104286888202552,-0.09998980960685765,0.10013607687773496,0.01266604071874874,0.03423681251264965,-0.03697294208905923,0.09169035865456789,0.008248795543653169,0.01868760241174669,0.13250349689652113,0.04112751392578018,0.10948403885334217,0.05189299145832303,0.022814700652506452,0.06802413586666574,-0.1836612213316276,0.21097523163509682,-0.2762754266410066,0.014551392448945448,0.38620978878288675,0.20604017736602168,0.04513021469038585,0.056919541449899407,-0.9303666181503862,0.06738473799613229,-0.9226220933261874,-0.08402144721827035,-0.10482776626175899,-0.0718263872782891,-0.007923164904700396,-0.03656853854156191,-0.025304906329933964,0.1347310497062919,-0.010289377170385245,-0.012570219831651306,-0.015951037489000723,0.020138393893744732,0.01576405929574504,-0.18353987567109922,0.0840557087061852,0.0641849880321182,0.1911502510012751,0.15162834401909214,0.06895153826030213,-0.25975422411219806,-0.005673792312345217,0.28743802114397526,-0.08973428790295242,-0.12477269701546134,-0.060362570034796253,0.14243798554483905,0.08261885440026345,0.10206040647607785,-0.014148872714286718,-0.052517274404402625,-0.02966939936592575,-0.018324982024130413,-0.09129911625764127,-0.06126046911979222,0.08558204486740557,0.10622844749434827,-0.10561238444723833,0.0847512346323342,-0.02014620034829682,-0.00863064838283039,-0.00845327667105005,-0.03629016140082899,-0.014032963495955855,-0.00535350277362404,0.2562923556064301,0.9796340980824653,0.7628300757414215,0.09937379266631914,0.20174529922846074,0.18202032160396237,-0.1292150516898786,0.04631190880352394,-0.0013071584552077522,0.0774880596552021,0.21311936166119508,0.16440199224964924,0.08400649693788505,0.0731132216485725,0.07501693694652424,0.08085890202071046,0.12627727761981455,0.08347208815303835,-0.058706115986395885,-0.07644738406117334,-0.1412402059845847,0.11554567993847473,0.23426267077760557,-0.03232744912159432,0.01967986253146561,0.26716666729173455,-0.5329969123923293,-0.1263710866652502,0.0285801652458006,0.10567725575754294,-0.014606273179424305,-0.03500345990566391,-0.08765701004033483
TOL16-T_tot_PRE,,0.0059839813609372855,-0.08143877638166061,0.0200128467500571,0.08154471034903958,0.19695591049580183,-0.08631142324867716,-0.03017271177944857,0.830299122675181,0.7417434700000761,1.0,0.29750554423535375,-0.16457396954334488,-0.03318701483417098,0.17975638704135752,-0.17809081024576312,-0.06067295931976522,-0.28839549551122196,0.28958397951333137,-0.27926638032398554,0.34716575064891414,-0.017865952776882157,-0.09521718704420312,0.06248697186576516,-0.11634910391917981,0.032707767624819105,0.047355469106444496,-0.00873027724379592,-0.0854023516680309,0.08597580300374762,0.10228137663202805,-0.0036698292313041337,-0.046472408575190666,-0.005994232323553645,-0.02254268944648361,0.0032684736799766523,0.11642488358967028,0.009097788957755515,0.28728717530167147,0.09978009980852197,0.06089943508096514,0.07184514479319218,-0.023314273734548023,0.13949165918901033,-0.025546930498085173,0.04963555396138073,0.23208886761965009,0.22759410138761338,-0.035966545518523234,0.13021989757560645,-0.6044094246705163,-0.012056870675108109,-0.6753816335059705,-0.11997672359227915,-0.16443683764057268,-0.14414965676635158,-0.10132144206377153,-0.058481011598547655,-0.0890667703081997,-0.0047691002885542925,-0.14428696939007704,-0.09733640873398339,-0.07915440388984729,-0.024398049683436132,-0.09168806212160914,-0.10236780744525026,0.08314353545663558,0.273549986726774,0.26837823200707406,0.3385394104487978,0.1318143356310019,-0.3005017979333296,0.03947804566462405,0.19080741115029487,-0.1187748693426745,-0.1447654846875805,-0.08211043506878593,0.27788277214902846,0.1649201762485628,0.20227873202276583,-0.02500890142187085,0.005270995062329975,-0.08851698670049062,0.09582070376957069,-0.15030064084572417,-0.10726062565365141,0.0981400694284274,0.061328137169552356,-0.060303423195541515,0.14398981553211213,-0.04543440554066787,0.014511222342407381,-0.08728265649714649,-0.031890892624610624,0.0029768647327586112,0.04773634781796296,0.7807097563984697,0.7486950169466104,0.9774872049156229,0.34772414330978796,0.28486596782869406,0.295296106089474,-0.09832365028967167,0.11217049643818403,0.07572824924125757,0.25619024460895107,0.2972132692196629,0.3638759246200288,0.2171182522883719,0.18147439566116405,0.19352085548277523,0.08145350094593516,0.21448235946423624,0.18134254640840947,0.0036671156616318763,-0.12319977024701768,-0.1348746710968478,0.007122411719878011,0.11471081336074207,-0.1194337046807434,0.04237864959406584,0.1842235972093649,-0.5544953698319488,-0.1378233492717063,0.054113399745201525,0.09898426978514488,-0.11441714486875129,-0.1078823587014568,-0.12260451782692924
TOL16_ACC_PRE,,0.18956073715799104,-0.046022821821023845,0.2949479524929589,0.2741932053350384,0.2183598855431943,0.2400849401084994,0.16577175667374874,0.22655695553334973,0.24529659296306008,0.29750554423535375,1.0,-0.48238970022068933,0.3893574671537849,0.1636914091559271,0.2037220791533503,0.2116538334032362,0.2669183829134349,0.04391225825389892,-0.04869654452777157,-0.14592565029773458,-0.11652209227512685,-0.2200660992538564,-0.08161237692963377,-0.015350445739016378,-0.18995673755190284,-0.15365672442402792,0.003497776894850929,-0.06165319758115111,0.061271089236718396,-0.08635427957439125,0.06163352417782671,0.03219282494246867,0.10341919744554219,-0.027075585500120583,0.006550021705362361,-0.012194584029304343,0.2705840819491448,0.46068439299569375,0.35255082975211455,0.3279740788627837,0.30478511168274924,-0.010323689346464736,0.17861866165656304,0.04231251149447686,0.24006974834048395,0.26082227999365953,0.2950577711023146,-0.0478132007066367,0.36670581969527255,0.6793662204867574,0.16323634499548476,0.7745966692414834,-0.10851889820987107,-0.06130174609805087,-0.10635961529708894,0.0102265968009898,0.009762481653641037,0.01120221114340408,-0.09467860122775547,-0.12914376950316597,0.04959686346261107,-0.019145743881952726,-0.08036830695790102,-0.055659424503958235,0.12904127750918312,0.25324393207863527,-0.03827927423279937,-0.07743678870469607,-0.06923707588922358,0.16181947819572093,-0.3660581850986895,0.3309182451742915,-0.1497337117004431,0.21092360466423443,0.16126373675236116,0.12886385153346228,-0.1443521183755669,-0.19150044658470244,-0.19477169575966044,0.0356854151206158,-0.16645977252063499,0.07862778826680633,-0.22911666411257414,-0.1256007074789431,-0.018780634140205886,0.2974640325021526,-0.03068619401132278,0.03052752120048243,-0.021741381011608257,0.030993258789397675,0.14213300948061947,-0.10837251847815942,0.07064323928153664,0.09409884495805314,0.002907062095877035,0.2765106579825785,0.277405607522891,0.3375026772700971,-0.040603397016631015,-0.23320741585400115,-0.21144469477692568,-0.04298595873516266,-0.06245380570086704,-0.0623571934577661,-0.0055995175216843164,-0.06364870167961127,-0.05731707170153901,-0.14702950748966387,-0.1821821284613181,-0.18778948573023163,-0.07987576553845771,0.07592010365157735,-0.01022583870859026,-0.1397601720346986,-0.13225537949009727,-0.665959693831496,-0.15310286202509354,0.09133329820137515,-0.029755130759954288,0.07651803762915954,-0.12431618586615968,-0.34488088077139084,0.0526385205912228,-0.012765238113061916,0.3429779487545797,-0.05651803187850174,-0.13940554101878097,-0.028173767937038744
TOL_VIO_REG_PRE,,0.07004163341589766,0.09747198083268707,-0.22784055314849613,-0.19420497529440908,-0.10494157856432337,-0.15753537731376907,-0.13318979834399403,-0.1389574227364259,-0.1192896169884863,-0.16457396954334488,-0.48238970022068933,1.0,-0.3453254938976309,-0.012062065527710173,-0.12406629534266457,0.010803531520006087,-0.22697534833464086,0.0059886167331252745,0.0009115332229936922,0.2180401715836851,-0.12179789385694856,0.2721733550328245,-0.1432812779016455,0.11958877463811766,0.09724180982545233,0.027089634353870483,-0.0023776571406905417,0.18818666181285448,-0.18711674840040862,0.23718517476923218,0.09599465786306663,0.1025634078731514,-0.03417521693627316,0.1759651994380399,0.1546988704688594,0.038989779847216764,-0.20521519532810645,-0.35049681908804653,-0.2306621432835718,-0.20761732111827988,-0.34876504015903553,0.02145664216056289,-0.30973443121515504,-0.051768955218602475,-0.31136758311848944,0.014153462926807454,-0.4473103349059222,-0.041744588460060315,-0.44217729669079314,-0.3651483716701107,-0.3424421687628297,-0.8164965809277261,0.3273162791526043,0.2699572382417606,0.33363813714060037,0.2683109676091698,0.18136832722908178,0.2510513665815752,0.3202361738952441,0.3610656247262436,0.2690488370391083,0.23086107585125293,0.24507998621007518,0.326195598088577,-0.016517963409838177,-0.31170285113887847,-0.09503950871792105,0.18260374793310133,0.037006086730115004,-0.09414531818525242,0.45279880497050323,-0.31843455105994867,-0.005204460182052892,-0.22886589287537695,-0.2011639235643998,-0.24780110423889729,0.005498711403319366,0.13618758742189374,0.11666029255751391,0.0034315115007848124,0.23201748180323037,-0.07594997796101577,0.28347056476660304,0.11286315898220355,0.05652827381158904,-0.1946012351890489,-0.012796216203922765,0.012296213250503002,-0.07070746793502172,-0.18917516920066038,-0.258053909881364,-0.0444687043239335,-0.1830782354696788,-0.20519669622915346,0.020585056232266755,-0.1292319262915932,-0.12230033183842802,-0.15205872615423546,0.062298583423143365,0.29543132142560175,0.28091696073047184,0.25852571147870373,0.20269605748136968,0.32145342459126613,-0.07157912286386683,0.20261078728405438,0.07009112297545987,0.061385116876840874,0.16195680398591428,0.1450985261739854,0.05278042332869999,0.08540313150359172,0.07540250939613577,0.12187998390989352,0.1024444608438878,0.3090924242236681,0.15880379313271184,-0.18337175880960407,0.013714521533814507,-0.2507757346870328,-0.015043277410064294,0.19250590095315115,-0.16759844910096264,-0.18163069518540378,-0.38912945592440273,0.3460305153414372,0.1670795653383678,-0.042101667314195915
Raven_ACC_PRE,,-0.08252950189928915,-0.06301035965629956,0.3757422138720927,0.3659961990259013,0.14511938730673302,0.3041732547649393,0.34934141277374625,0.02751029651938427,-0.09088272076925479,-0.03318701483417098,0.3893574671537849,-0.3453254938976309,1.0,0.04800164972146667,0.34794118419400155,0.19020980960157016,0.5035562656845624,0.01811100945419133,-0.030127534747867148,-0.37623299152247613,0.004002848278380794,-0.21104249601569167,-0.03696599504833032,0.023490414388631614,-0.2163429820110161,-0.1430653756749129,0.05212956886415957,-0.12446725006068493,0.1242309603748411,-0.07715737366919864,0.08479342697310405,0.14561768019568008,0.11149772214429707,0.04738345932322478,0.03517568397383076,-0.21572038572946586,0.4987015454212852,0.3318800092206169,0.5421117334240544,0.280489084137845,0.3989050988477756,-0.14636285561244639,0.31728161579695224,0.030634484434854427,0.32578291584587765,0.10437633998779389,0.39987623056463606,0.07013783150527855,0.3978255484650234,0.47059105250452654,0.1923264001196975,0.6299407883487121,-0.005746806829816598,-0.04371407281482419,-0.05673004107710854,-0.10981750106567659,0.020488786954290402,-0.04845822769372013,-0.2082777822970428,-0.2053790202258703,-0.08085788452412447,-0.1518035311043745,-0.08140945843667298,-0.16356656958212012,0.18869973805296084,0.35367784226105686,0.027601068547236797,-0.26089600644767735,-0.12770202424870108,-0.009134881267764326,-0.24284395787911156,0.640019099500615,-0.06134571596104228,0.2727552816479309,0.2795133801606424,0.17132942468004705,-0.09233283136778464,-0.22711495957792982,-0.21325561321408976,-0.11820189736730181,-0.23920207232898133,-0.030321565042240543,-0.22431073963626086,-0.13727542846920324,-0.10733847209604622,0.19984129938813405,0.1247930102542487,-0.1251298139536783,-0.05112223009518303,-0.02081359691970759,0.13804251016176097,-0.20997767846278426,0.10134796650510955,0.06211818355852887,-0.1507195122524398,0.028026800814043327,-0.101486443419156,-0.04637867000901941,-0.10912121720668379,-0.4674223208824541,-0.4424620914598938,-0.14444799142915543,0.007777911959705056,-0.10434079985944764,-0.0015594225531991178,-0.2544269933800137,-0.16358558028111422,-0.15120429787645465,-0.27037761635276913,-0.25219832660631786,0.11567777796869022,-0.08763544854841727,-0.1173724753916839,-0.1903442363327424,-0.10864680072755947,-0.31383105614718004,-0.17238950827055324,0.009552082161827213,0.02730917096422656,-0.005121140531117246,-0.29723900382823115,-0.09639663308159462,0.2418436851160075,-0.057724280364282586,0.514952578612955,-0.12598461551687332,0.06926805121576446,0.17654400674558293
RAVEN_T_PRE,,0.005795729072709434,0.02814131456709917,-0.02387369900562972,0.009436471709039385,0.07775978877133051,-0.1825630701040294,0.021054989685711303,0.09828490299056603,0.19466707265605152,0.17975638704135752,0.1636914091559271,-0.012062065527710173,0.04800164972146667,1.0,0.0014928442237784985,-0.07337494491435705,-0.07667845769904547,-0.010861681958048831,0.018346044514698494,0.21716114402242273,0.058689211319134675,0.11270358396568392,-0.17054012529252624,0.30148198087941636,-0.21448180065612277,-0.228163221622532,0.030491540369701343,0.008167685699647056,-0.007738998984468334,0.060057708159677835,0.0637230385546422,0.045754339257613096,0.2243717345095179,-0.026642957586515633,-0.017328692555745304,-0.13483108316388573,-0.08675284749650718,-0.2215039524328887,-0.062386254145891225,-0.11997681495135024,0.014963892860985602,-0.2617060018509383,0.1472082576710949,-0.2625232749646759,-0.14411725677864212,0.09921944240809208,0.07270518451608994,-0.09901010270823718,-0.07050086660364187,-0.6671786152547191,-0.1189112154578149,-0.8913745596776137,-0.10004955949053043,-0.01464236539697497,-0.051855027102117805,0.08979053796951034,-0.1416702044117298,-0.03198283734910391,0.1614231700620234,0.16823345317153213,0.11851453172913605,0.12433694390952188,0.09143365929964245,0.15187563618599437,-0.2748559715198048,-0.052197287441668634,0.20854894355220213,0.10884409247260413,0.20297024754001292,-0.07422871715847995,-0.1635215681775554,-0.09166403590031515,0.2209220920204305,-0.16008085429844016,-0.0808927938028732,-0.2793576908260564,0.21287991379830273,0.14904736168802873,0.17420507735601568,-0.001327085369638522,-0.021185957027090287,-0.020076063704428892,-0.0158837487399788,-0.12057645354054701,-0.027906359588790047,0.10732735551601319,0.02524013195498174,-0.02454921714448001,0.09750718739921675,-0.057987148968217814,0.003595976028746515,-0.09271389064174707,-0.03274105321377217,0.012140490661051587,0.22732706089086674,0.10438528363592703,0.20340629504736707,0.1940290040447911,0.13487384735258626,0.129985032303564,0.1081094407981356,0.1032565680633025,0.059100660781302224,0.1301538202625984,0.21535154703289705,0.11184237934135109,0.19723062859908358,0.20047137875084942,0.17789271364871315,0.18910986631699717,-0.006125826168566832,0.12902200254037144,0.032759732234410456,-0.10444560466720948,-0.12288022115606928,-0.18514911749804466,-0.03486864524715674,-0.07413095115713601,-0.045054393134120706,-0.029282690321590785,-0.1760051623619856,-0.005238447092049864,0.06018332597364379,-0.07178961442265755,-0.04632014997047171,0.07103444726001173,-0.04812559013162627,-0.15291668162952582
WM_span_PRE,,-0.06844771258667852,-0.018975834751776936,0.3560490402559953,0.34977588864227116,0.18861720283550729,0.34066530107917425,0.36547983592645045,-0.009595032764701665,-0.29849794593158235,-0.17809081024576312,0.2037220791533503,-0.12406629534266457,0.34794118419400155,0.0014928442237784985,1.0,0.8723704635233402,0.8430537491643905,-0.1399167139306566,0.12790086473511333,-0.39555035192833965,0.018936909921553724,-0.02723148250078744,-0.14849308071457817,0.22500879005316973,-0.19690475486769307,-0.23482859216267282,0.05203644841438054,-0.065683021719278,0.06456476767998963,-0.24292286853906195,-0.013807074730168846,-0.03824043415941146,0.2095766681351604,-0.1235664285631635,-0.12776665760770536,-0.20901806039924764,0.3646364711601886,0.011120101593818061,0.338002334941858,0.18720245900081003,0.22245295179760174,0.01646494895899452,0.006077453040436364,0.2734566571577426,0.14643458340241314,0.06262899910525169,0.14540812646133766,0.03731036727779477,0.15333683489910085,0.9801960588196067,0.06261279204947709,0.8268106308031118,0.10419092990858271,-0.05778361382043619,-0.0333295811169694,0.008711359957566417,0.0788704217706903,0.04998478209970188,-0.1378266066641959,-0.06864504353130677,0.07500633310924733,0.0032308014135350453,-0.033724658034848976,-0.025535119122759492,0.3224903099319421,0.27711879429953634,0.14534400820847423,-0.25778103656492674,-0.04465131243679369,0.010596985930309829,-0.09334224236026917,0.3249511674068351,-0.06480744423954322,0.154940106339793,0.14629696069758238,0.30949608263641576,-0.1517688654725823,-0.3229568968788043,-0.30785361186781846,0.032211977480854394,0.01366135982391799,0.04980276057238139,-0.024205301714590673,-0.10213676732584112,0.025213206786269225,0.20630356237525282,0.03572884812292886,-0.03669846754712751,-0.1387032067876089,0.012403090479567717,0.0870493703820333,-0.08237198095574025,0.0190465644562035,0.026868748188051624,0.032671126675304016,-0.022054786102316076,-0.2947878198451603,-0.1837096139723814,-0.21311128020782108,-0.48958882361148065,-0.4757763626263296,-0.06713055042938046,-0.17224158079283758,-0.2024208620568782,0.11353312702329409,-0.28823219847460474,-0.06968227700925846,-0.12941086505776764,-0.29101349930885073,-0.2643894858127119,0.012342372381218594,-0.04209646484107125,-0.03864501179277521,-0.07112997533725979,-0.12429129788652173,-0.15258072077040546,-0.09792053396182898,-0.08441204515484411,-0.06922056661579186,0.0871247167494112,-0.47784379420462825,0.10312608625061812,0.2664124229698597,0.0998089368991926,0.2598638251004462,-0.010159630489999955,-0.045655352645892114,-0.012056138600421736
WM_trial_PRE,,0.08687191892271329,-0.031784226732225355,0.41563262495526376,0.3211171022088351,0.2234855723186097,0.3431454464477494,0.2829221077696882,0.03899092922868319,-0.15254993736991063,-0.06067295931976522,0.2116538334032362,0.010803531520006087,0.19020980960157016,-0.07337494491435705,0.8723704635233402,1.0,0.6401137394574566,-0.14048402654193096,0.13127987124718085,-0.30064143723643616,-0.002349557648130766,0.003127701101225657,-0.05273020800146944,0.07806724183217302,-0.12077525051483039,-0.08531742323422503,0.1577879494571171,-0.007177258332823079,0.006413497097272576,-0.15218763010290562,0.0312209565106668,-0.013586815401806833,0.12815660045203617,-0.04335564253523174,-0.033631671779850526,-0.1099595407421736,0.2726210568319788,0.1200483323312273,0.32169600816041005,0.2786415945193283,0.22504491451899636,0.1642292295889588,0.01832336555914637,0.23655364002938598,0.13849264900827954,0.06172864558230379,0.1616614593595263,-0.06229259905418854,0.1740412252568261,0.9801960588196067,0.0915672925093987,0.676481425202546,0.12342134573811868,-0.032519826125585294,0.01105272693441944,0.07875231102402618,0.10896328571025214,0.10563109607427994,-0.10299414150395877,-0.0218644238178434,0.12554005059899684,0.03128875607528486,0.018355185908061702,0.0231914917635149,0.32910127751509716,0.1750731180634156,0.0263582131226816,-0.2306248177955664,-0.11060553418074695,-0.0047332762311374545,-0.04604169482731215,0.2530614196834543,-0.09157289540122873,0.09375445573581365,0.11658702428358862,0.27037298899826456,-0.13020601375071955,-0.2628283636186367,-0.2520426176076691,-0.019889131554024705,0.016860836823905136,-0.01755915211905442,0.03570080609521004,-0.0977585654249645,-0.03249027564212704,0.13852221190590092,0.036767516677838535,-0.03783373638756992,-0.15245578271254975,-0.015906501957975546,0.008020839305867972,-0.03689942983636824,-0.028355892378552492,-0.027396869553905266,-0.010215572813309506,0.03416067778308373,-0.14175846801069505,-0.05653434727970166,-0.19915075328997747,-0.3299117338562197,-0.31431094502959783,0.01263992991647301,-0.09061670893790089,-0.05556533767522027,0.012282089069561795,-0.23402961725914515,-0.11260590615669992,-0.10369899097074024,-0.24434845222096716,-0.22302249129425772,0.0077119068177907285,-0.03909967559550158,-0.03337799921611754,-0.1009417607959194,-0.0955466537269394,-0.1704221467313385,-0.09498399822674601,-0.10543220786270582,-0.021514580575379406,0.015018501559562377,-0.3319086279428807,-0.044713376191910924,0.13075571004829903,0.0009215856547142284,0.2466482675537125,0.04507481941669259,-0.05796321535753579,-0.019574412401780917
WM_acc_PRE,,-0.11780825389287126,-0.0038445617537807386,0.32224186120680814,0.33162581578613065,0.09198955113671334,0.3501613028754308,0.4329486723665272,-0.11769547918000164,-0.36044188735595395,-0.28839549551122196,0.2669183829134349,-0.22697534833464086,0.5035562656845624,-0.07667845769904547,0.8430537491643905,0.6401137394574566,1.0,-0.1265314668745241,0.11213966120924332,-0.46557098879570413,0.015133553222880416,-0.05887620361490772,-0.12231699327306605,0.1747173316930418,-0.1781059229315673,-0.20322148316052563,-0.005078225773608675,-0.05218484318334757,0.05130062918922715,-0.1942615906790688,0.056646444317455254,0.07888494069393849,0.17590931644508134,-0.02581129345331877,-0.03177280644451586,-0.24512073458468778,0.4198381783459508,0.009968992977129934,0.3495341753020937,0.1827725087142631,0.18084433370876885,-0.03320903209244791,0.0005395670687025157,0.26554971696966995,0.16937317293752538,0.18077312096144152,0.0954655293345037,0.23086789229121576,0.14716983083564855,0.9684959969581863,0.11760298640723924,0.936585811581694,0.10144813220568695,-0.05104808048829857,-0.04903687048865067,-0.06276736871164873,0.13637852598289865,0.043763856452610043,-0.21138324926492089,-0.12890313193592257,-0.005040753686959181,-0.0874549329748107,-0.0694232390559336,-0.10410254722138373,0.3112606677104715,0.3671556474860538,0.023749004465568505,-0.31436610151825134,-0.15987657754967044,-0.011640665507148021,-0.05258463687443511,0.3734052124558271,-0.12570221261408432,0.19705467035950577,0.15309167725309542,0.35528241599801574,-0.255943592346452,-0.3818103733326962,-0.38116562219108435,0.05125021393615744,-0.02906224641985237,0.09992091477219107,-0.11187404311258871,-0.07735322440733332,0.0665607877042272,0.24237734334282718,0.0671605623533706,-0.06821340774377659,-0.1513513512975885,0.026575861417006536,0.164706206277039,-0.14641523024549075,0.08620761688356263,0.07861917853928468,0.011947600189380847,-0.10960683080703262,-0.36042287587397875,-0.28934387164883574,-0.2361061142346415,-0.5473802080861936,-0.527121231531721,-0.04866348491411463,-0.17071246948783156,-0.18773790878031904,-0.0017120962824186585,-0.3275737907075236,-0.18863126609588726,-0.24219687191530914,-0.3798671540117556,-0.36112894056077044,0.04222982331804878,-0.12390181887964621,-0.10656522775486842,-0.07330666218789501,-0.1137617140082949,-0.21920813452183568,-0.11795837719640914,-0.060484065436816774,-0.057736196393783315,0.05978630414226587,-0.5771369259054826,0.09627392951980139,0.23135075774250707,0.020068001608288432,0.2715223967190398,-0.06330738550373287,0.009507339128413079,0.07342105146303882
PLANNING_TP_PRE,,0.10450352387108629,0.12239920475141688,-0.08091687627449755,-0.16786319773013414,-0.16766895126042203,0.0814696180298964,0.14013946893384993,0.38443248871865543,0.04151619725388892,0.28958397951333137,0.04391225825389892,0.0059886167331252745,0.01811100945419133,-0.010861681958048831,-0.1399167139306566,-0.14048402654193096,-0.1265314668745241,1.0,-0.9994868312704914,0.10954922801218939,0.018366863239817555,-0.020746436471070932,0.03701906237068864,-0.03714761531456981,0.036533318652672384,0.025722151570472508,-0.024750433634294418,-0.03213266095885634,0.03309401951588461,0.17816614122787885,0.026430154349256895,-0.0011908952257466932,0.0309183418649135,0.024218127260129896,0.008303866023120183,-0.025326487372362604,0.1156382034220486,0.09240813717980455,0.0050850144978409,-0.05452914046951048,-0.0034390277835473324,-0.10015542524604312,0.04580724372817771,-0.0941133639838614,0.10893086393222369,-0.08587878324295656,0.11074302197069094,0.07336514907344525,0.012887462205699902,-0.3335943998403766,0.08255823912552826,-0.33375732408867315,0.058072664354794544,0.0011264495560913963,0.036829528203774595,-0.0915588693259071,-0.057188714561383476,-0.08297411832208809,-0.07945000481514418,-0.08182403195315127,-0.11157029805651784,-0.09041152824823225,-0.055775520151776205,-0.09820926302384332,-0.002067142549451976,0.12608341936297723,-0.0755882506045877,0.15139085741943561,0.032961698216527925,0.034056111622471234,-0.06129393847685144,-0.008552470677212336,-0.07292818360176212,0.008142359697977546,-0.01995298083079819,-0.028431954378779267,0.0920984767294283,0.15461800329102948,0.1517593335891675,0.004955925211348603,-0.015331129550632056,0.025240364426941227,-0.03493947768880303,0.04839776107686656,0.013125823158550848,-0.08068844226135767,-0.02180578790318192,0.023937810595179094,0.303497813355147,0.14017531358357613,0.15556582226127927,0.05422699667698695,0.1636536428407059,0.16435548675026032,-0.027716413101293982,0.24737325527055448,0.05576738047017011,0.23232208814370148,0.8176714573323317,0.5605401818186255,0.10951797858110322,0.04262861246985451,0.08940880395501363,0.1440171800200122,-0.07948319538415496,0.1492062397162618,0.05136276931625617,0.10797793101793805,0.15645248627165192,0.1505722278251339,0.03902646363277776,0.20769644197655357,0.19917680462897516,0.0306173609817575,0.04852653401024597,-0.00887072685799676,-0.0912076925913817,-0.012220114167427892,0.025075230926009873,0.10905405378453797,0.08746073596117646,-0.16124085722831813,0.0226077089623376,0.04006336286227099,0.07617724466557334,-0.07293181062966213,0.0716430761153171,0.09440532460141224
PLANNING_TE_PRE,,-0.09907450154411958,-0.11945508624021105,0.0684245780167678,0.15855273554462224,0.17049350976496014,-0.09455865088951435,-0.1525888107790755,-0.37577946243905985,-0.03396707934571795,-0.27926638032398554,-0.04869654452777157,0.0009115332229936922,-0.030127534747867148,0.018346044514698494,0.12790086473511333,0.13127987124718085,0.11213966120924332,-0.9994868312704914,1.0,-0.07767720224706602,-0.014748496586926748,0.028135041940054218,-0.03248259082100324,0.03457200552360558,-0.023184736864112317,-0.01820668054568645,0.01960495589433588,0.03304307445820002,-0.03396963109697811,-0.170941972482895,-0.0309062848243786,-0.002896695097842733,-0.03769149284630843,-0.024957637288380935,-0.009565970248142324,0.032990883094980064,-0.13080377939470483,-0.09316096025379572,-0.015925986469411228,0.051154940554860286,-0.0022027804858059693,0.10052593651690432,-0.04934343355266558,0.09368283891630108,-0.11426943167807975,-0.1059732434283765,-0.11514512972213252,-0.07640845711273647,-0.01727836974132985,0.33100599699352956,-0.08728492876226764,0.3323596684031498,-0.06358103592001155,-0.0021061889058580936,-0.03998879244551985,0.0895900223212142,0.05366867326707772,0.07987706916789943,0.08370464288721001,0.08220944817656839,0.10944210457859913,0.08872567643798936,0.05446594733456131,0.0978208259057089,-0.009295769640991972,-0.13568192382674896,0.08281722813466937,-0.13786755113051424,-0.020453041557590777,-0.03128649390255905,0.06503621656868404,-0.0021754901602702662,0.08025231641166326,-0.01742218686900729,0.011162969760292216,0.01790432335374673,-0.0771279353944946,-0.137955688988111,-0.13427018748539218,-0.00273762961288555,0.02072269686279518,-0.024810493507602473,0.039827740720427426,-0.0420163611587721,-0.010255662839680268,0.0727715142453016,0.02195820146348629,-0.024061605835524413,-0.2994355920942604,-0.14507698419831286,-0.1613941324791522,-0.05554779767855976,-0.16983232335443732,-0.16934448500176394,0.03558366719567197,-0.23867380271476424,-0.04858923542530342,-0.22281796074670557,-0.8039821490373773,0.9279774213024876,-0.08082489380425116,-0.04141299414019519,-0.08500819881259011,-0.13705794727717496,0.08696549273179542,-0.13625966197031245,-0.03841559342413321,-0.09361750715139242,-0.13917970684961842,-0.13315998392507106,-0.037815459968174245,-0.2059523266684912,-0.19595675283845357,-0.017592537099082782,-0.04259939535529444,0.014735813754309025,0.09584983363506651,0.014933856423148604,-0.028374432800435053,-0.11026924779296103,-0.08388502215845638,0.16374011243161923,-0.03730157685567612,-0.042382360149091886,-0.08565285049385223,0.07110084259010195,-0.07005294427700115,-0.10159011056488793
PLANNING_TOT_PRE,,0.18123350249682607,0.09509499436811686,-0.39664297908659346,-0.3095858405807316,0.0770695295099741,-0.3906822269330747,-0.37297421024893135,0.3065569226099892,0.23547884792782176,0.34716575064891414,-0.14592565029773458,0.2180401715836851,-0.37623299152247613,0.21716114402242273,-0.39555035192833965,-0.30064143723643616,-0.46557098879570413,0.10954922801218939,-0.07767720224706602,1.0,0.11198435836502883,0.22642134162226868,0.16442618479846982,-0.11396720146774436,0.43759746570248315,0.2639908731230141,-0.1489981524019619,0.026800414677741313,-0.025626209218020456,0.2447132939530564,-0.13818435444414393,-0.12910540954821242,-0.22923499153035007,-0.0128168868152169,-0.031277002309755136,0.2539198738032784,-0.475751105827825,-0.02084384909985423,-0.34624045143927873,-0.21734659304438994,-0.18193946035264,-0.007156613274218001,-0.10923115252584069,-0.04083401731342594,-0.15825571501589003,-0.10312821984816838,-0.12754051486595455,-0.15164579393528393,-0.13664063781101524,-0.7636256342566202,-0.13711354330443756,-0.49549900110256306,-0.1694500647332779,-0.03047059241379835,-0.09705314875580005,-0.07075560628787962,-0.11175383491482413,-0.10284682338496394,0.12672809676756827,0.0038286266646049543,-0.08042629837342953,-0.06484727412178923,-0.045802788581788774,-0.023054663324124394,-0.34944820605767457,-0.2872447042969266,0.21621343300161286,0.43160262954756196,0.3893004450705573,0.08804305216405695,0.11274311822260386,-0.33549039697740707,0.2141736005459228,-0.28241928177041276,-0.26883653173618083,-0.32804629657828627,0.47123756027950825,0.5289092349090141,0.5542622680554152,0.0683896261210546,0.16519116252478472,0.01415959525528885,0.1489805531261769,0.20372061643342376,0.08874117971440411,-0.2564375885595532,0.003916408866407427,-0.0028456011358271916,0.15204235063367966,-0.1410442655941224,-0.17005230998001697,-0.03504830030340383,-0.17900633386072268,-0.14342634633179735,0.23601033401773588,0.2957952437664469,0.2249475912699703,0.31655268770564615,0.4993796599032993,0.917021750172149,0.9129473304398228,0.04292080531410777,0.1601835146221946,0.2438514531994426,0.22213005374089326,0.41306262822598194,0.40387603044347226,0.4531703964747095,0.5472430039708197,0.5511820564524609,0.0428275324641008,0.07401207039219658,0.11862410347713574,0.4097895240669338,0.1904123254755547,0.18158755455905598,0.12975251721640585,0.0816274223469031,-0.10006894671247095,-0.028618664216003335,0.12661113469572613,0.06030325716619668,-0.4701771984010441,-0.07987459154230596,-0.29639744763650583,-0.06506289427506515,0.06278009002503873,-0.2114681388801251
PLANNING_span_PRE,,0.09604376791310175,0.07392212709545731,0.2235660642041899,0.1596141236534785,0.15187060907570443,-0.00915778124281068,-0.08703904589956793,0.053223507999271495,-0.09515334077416918,-0.017865952776882157,-0.11652209227512685,-0.12179789385694856,0.004002848278380794,0.058689211319134675,0.018936909921553724,-0.002349557648130766,0.015133553222880416,0.018366863239817555,-0.014748496586926748,0.11198435836502883,1.0,0.5512515361126757,0.7299471358367339,-0.10282903461145997,0.4277484199256205,0.5894371103379348,0.15783336430233014,0.049602105646324716,-0.04891431761435531,0.1342636183399592,0.12623076074859013,0.18959711747901128,0.019438699523926146,0.15619107104245475,0.15147611997713367,0.010255055755850081,0.042043608416864026,0.04261666123209187,0.11084424233732403,-0.13598134598739056,-0.053728853650178814,-0.29888128883203086,0.084027384702403,-0.02016245769464909,-0.0377439910092348,0.1180943732433325,0.1180836343794047,-0.09489724821657804,0.05722769112448142,,0.07909562648665693,,-0.15674961174466984,-0.08633427735074863,-0.1353235901813865,0.08513370011971519,0.06596223235936481,0.0844808563403666,-0.05068266706340896,-0.18035491389048658,-0.02768218362145353,0.07687515512706775,0.22605006512849896,-0.013480174649604621,-1.896308840867622e-16,-0.08246501442488534,0.08483723081839756,-0.07452498458144934,0.016368451056365155,-0.139647720125853,-0.025832955700032044,0.017685475645091975,-0.06797092064180449,-0.14377816360249726,-0.10115962869776617,-0.05738195878297917,0.06352568441241865,0.012424731491349176,0.02481903349210049,-0.00692011492884498,0.024508794352876218,-0.03817351581825326,0.05402260500134647,0.044998702638410576,-0.019030200426126007,-0.05584627063754308,0.034456243164790644,-0.03468615684619786,-0.03356935500686771,-0.11511984491215152,-0.060462286314250276,-0.12639617411157766,-0.027763373892667365,-0.07414982533016772,-0.1471043939203071,0.02277323972922438,-0.11222722836255226,-0.04312425105077772,0.28459708298558334,0.12974058304693187,0.17179386032168253,0.07028772306593374,-0.007772912233495153,0.028916621188074497,0.08691477217556065,-0.09550017901411485,-0.0052906066662389275,0.03969811191285456,0.02198637405396589,0.026267893029895833,0.05476698914667161,-0.0595873399900379,-0.03999999144734913,0.0771149600133317,0.05803557297285847,-0.013713933936750747,0.01005350059033166,0.00336630620088579,0.0022407012810423915,-0.17377187202729627,-0.0635628987214357,0.033488581586242544,-0.16093612497878737,-0.022648790634798632,0.0694554049167659,-0.018283073355310032,0.09525779203066573,0.12172168837440885
PLANNING_trial_PRE,,0.045498777866777064,0.07858667988737345,-0.025095936840232747,-0.009994003262453824,0.02362926595858304,-0.03183132785142323,-0.14725198265802342,-0.04187778599632921,-0.11537077560086179,-0.09521718704420312,-0.2200660992538564,0.2721733550328245,-0.21104249601569167,0.11270358396568392,-0.02723148250078744,0.003127701101225657,-0.05887620361490772,-0.020746436471070932,0.028135041940054218,0.22642134162226868,0.5512515361126757,1.0,0.11996250550383586,0.39555542595310583,0.20976282263728302,0.30349819672616524,0.1311008299654517,0.020189060795827746,-0.020010121190532554,0.0388285483126819,-0.023245211486809726,0.021908789819324054,-0.07367628328375332,0.01153885318815178,0.024464198087817742,0.08855273429420771,-0.20174124430116722,-0.136040077765956,-0.14499305733138984,-0.08792704245629501,-0.24612038099818506,-0.35389488916665046,-0.23084196757930237,-0.04021261799925037,-0.2647623579172079,0.3120370390843951,-0.2085806365231922,0.11425773622475742,-0.2737453795613031,1.0,-0.32088851656184647,0.9999999999999999,0.2774354418502398,0.30510358695789114,0.26020285545482574,0.2400608694587535,0.3415911360905617,0.3274055198046558,0.20973318282944897,0.10424166105338692,0.0594728833282275,0.0674340533452742,0.21440603549413845,0.13256270948724622,-0.0677460026436572,-0.15304739791027486,-0.018791626186318352,0.04799991886848597,0.013892838012093825,-0.1836254204798119,0.2830642732251175,-0.1357904298280931,0.0060986655991078515,-0.21097738661911045,-0.15779104110153216,-0.22963880555805494,0.17904900725747477,0.13621191772923866,0.15571711869879337,0.024735841388357313,0.30903876799408575,-0.13052761963737808,0.40733220459507513,0.1359610900089998,0.06251471295743236,-0.19449540830723042,0.011311860455752703,-0.011564189104837775,-0.036148127906121784,-0.08940030594680204,-0.15140524150546494,0.03328576813692924,-0.11731516001302401,-0.11657143129625377,0.06462712204971566,-0.021786560600221033,-0.13073938761762044,-0.10022006498039157,0.22073092645977382,0.2450611211295254,0.26552445580832434,0.04144647075762543,0.02372366221298716,0.05409372873192526,0.004136073324987941,0.05360106434108922,0.027135573100868553,0.1814890726265094,0.1590232102138027,0.17146890693187344,0.05500612153195544,0.031369752187464364,0.03354674779322784,0.023717094120095705,0.1257187713800331,0.03466350764447568,-0.02304865749397885,-0.00805826906934169,0.10306137465342266,-0.12055175416087241,-0.14836850570099633,0.1108939221105815,-0.12630555517660286,-0.01827653516837376,-0.29260581835424715,0.23122647751621364,-0.042682973235594966,-0.07138632374701888
PLANNING_ACC_PRE,,0.1428092985098275,-0.07139943474719238,0.1569824592260195,0.04343166195736299,0.1365269520313356,0.06635910312550236,-0.07254059827883631,0.140329839576944,-0.06008891350462972,0.06248697186576516,-0.08161237692963377,-0.1432812779016455,-0.03696599504833032,-0.17054012529252624,-0.14849308071457817,-0.05273020800146944,-0.12231699327306605,0.03701906237068864,-0.03248259082100324,0.16442618479846982,0.7299471358367339,0.11996250550383586,1.0,-0.7501166872250266,0.6843223881406004,0.9108529753537853,0.3235758587496749,0.0653503998585834,-0.06460722752067546,0.19085977977896618,0.07599305664064321,0.1180150875397451,-0.3137565868291919,0.2544433558627784,0.23868240010949865,0.23418358971462214,-0.040487917656644674,0.09978625205751625,0.06589389422846087,-0.06895527444814245,-0.05635290576374113,-0.109489780290272,0.12316684112598986,0.01373247208554666,0.028541858791897894,-0.026929741373881218,0.18666682243463842,-0.17918861825121657,0.15253618868839203,-1.0,0.2515620469658622,-0.9999999999999999,-0.34322935482595573,-0.24385189552688566,-0.2990116215693324,-0.04999161313305245,-0.0561313075588284,-0.05958060232126753,-0.12596960838520374,-0.23979853738385024,-0.1273616001753606,-0.027196931246226613,0.11446967059027353,-0.11342584858241221,0.031458993912520945,-0.07424343738911433,0.11799136681493105,-0.06729965262657484,0.043154193506939637,-0.05821699089276341,-0.09281488975164237,-0.008851127254657346,-0.12666843157894245,-0.039207911944449246,-0.002405733029149384,0.006395223603528136,0.01465327208699493,-0.0017527449732125957,0.0018104121260102428,-0.021943182186770455,-0.09006032560636798,-0.004087115362989033,-0.08449837369085257,0.017029386545450345,-0.05682622308926593,-0.03240611404411474,0.04672951187350006,-0.046948313173142256,-0.032311838927797945,-0.12614635619966438,-0.08403864066851459,-0.12045095995124708,-0.02663475775509487,-0.09413115813381213,-0.22223941304011074,0.10842501263393711,-0.0793802369698906,0.03246924659962193,0.22253832739505097,0.2967223734208614,0.36677024908104405,0.0542570786366883,0.08633052105760408,0.1523788168066904,0.09199461208744826,-0.0991148963421561,0.007895093465253732,-0.019906090019044382,-0.013570460617467072,-0.014061730043331088,0.03814835713368018,-0.11366198110284949,-0.08968788876673155,0.15474353473810773,0.0424856482498256,0.020324812702076846,-0.04591945617427831,-0.0027988887411454348,-0.0657058438499205,-0.14044762812654293,0.11414685914398368,-0.021933971044313414,-0.4092124465083229,-0.15091034529699654,0.09850444563792726,-0.15718811687909182,0.18544602225124043,0.1852311390394885
PLANNING_OST_PRE,,-0.11329296653513232,0.16881618892162958,-0.022367325120154564,0.07962571955343833,-0.05676479043438282,-0.10752406221520079,0.010428761731569014,-0.1565199702165184,-0.014198207690633425,-0.11634910391917981,-0.015350445739016378,0.11958877463811766,0.023490414388631614,0.30148198087941636,0.22500879005316973,0.07806724183217302,0.1747173316930418,-0.03714761531456981,0.03457200552360558,-0.11396720146774436,-0.10282903461145997,0.39555542595310583,-0.7501166872250266,1.0,-0.581576795246833,-0.7436069636848932,-0.29161651331929667,-0.05161146366224269,0.05112695466775643,-0.1595318509587004,-0.008475473458476601,-0.0028865568006903263,0.44628976362403844,-0.23249857023358753,-0.21216171152929897,-0.32325829734569256,0.07909461362083366,-0.190349691091749,-0.010884161793885481,-0.002240232028366703,0.009527268628925185,-0.09560008094143614,-0.11709573532267284,-0.029561950624197655,-0.09287399024954261,0.1679116263895639,-0.17042868809403142,0.2553618670403174,-0.17569799710344228,1.0,-0.2966373871968286,1.0,0.3469871808827775,0.2688417715474242,0.3036076888333754,0.14950341076603804,0.13892257411207434,0.16159015093177975,0.13821786616415527,0.1797904991542434,0.14194390523283557,0.09941544062528346,0.04204480286916798,0.14448319675517837,-0.05206695592055184,0.01847422444802737,-0.08281064623351882,0.03070371851972862,-0.03958918204406476,-0.05666307508538943,0.12912144658429303,0.0010682670488405574,0.11565814150910235,-0.10132582076020234,-0.10984769604577785,-0.08539741096573797,0.0433603969816039,0.038150701703053215,0.04208691928002635,0.025397960739512854,0.1791065888512082,-0.04075096263644257,0.20816151766640878,0.011898951907403893,0.06757598269733019,-8.560496726237128e-05,-0.037746852566522444,0.03791232789748504,0.02449984628318687,0.07387379654711546,0.05184998704495353,0.0703272518185093,0.00601780398526158,0.06113827732029389,0.1916228017950704,-0.13850232115542,-0.005158559335757543,-0.09935948702849913,-0.04577143719683269,-0.2824101150440023,-0.3443699498674393,-0.010353112166649182,-0.11947380639532183,-0.1763754382092108,-0.037580741550479003,0.058620665190370506,-0.006699045319375001,0.07272530939081413,0.06131617151986909,0.06421893259899011,-0.0058505895034782675,0.11539769676327874,0.09904598815461288,-0.16126847859180074,-0.014681388299866465,-0.030733940103772082,0.07346947266447675,0.008329629515177297,0.09656382754888587,0.038077130568591175,-0.22967345891310678,0.08176314117664185,0.43194899909136963,0.1844844058375402,-0.09886051752513114,0.20450211699009918,-0.19168406941451205,-0.16054452276899267
PLANNING_MATT_PRE,,0.03314599976444156,-0.04386999680812906,-0.16357935049133165,-0.06977545272890188,0.13070625630071575,-0.0429426319778792,-0.06678270452731869,0.11605317653237963,-0.08271775707408521,0.032707767624819105,-0.18995673755190284,0.09724180982545233,-0.2163429820110161,-0.21448180065612277,-0.19690475486769307,-0.12077525051483039,-0.1781059229315673,0.036533318652672384,-0.023184736864112317,0.43759746570248315,0.4277484199256205,0.20976282263728302,0.6843223881406004,-0.581576795246833,1.0,0.7654578521423935,-0.20086521180819283,0.08620963779261558,-0.08528499412429402,0.23242913724101957,0.07120822028912459,0.03919491814120415,-0.2798196316661705,0.2942337388405402,0.24369077097560418,0.28426787523679303,-0.17501401887069842,0.10160889695357776,-0.05842167468982323,-0.3194730755936185,-0.04919508268753421,-0.17066631324814707,-0.021580860012458424,0.0764725278272414,-0.06167920612831677,-0.12946385461370777,0.015932954658244822,-0.07468685626458675,0.028069734282264322,-0.2581988897471601,0.044643180744466354,0.22645540682891924,-0.20257709973959573,-0.13452534467318514,-0.18209510751790664,-0.08736383178346646,-0.038378718980987055,-0.0698923331862669,-0.05433373147109684,-0.1962214614069374,-0.17581342246721626,-0.16833661322171212,-0.059528844291450715,-0.1629985384411112,0.04809439951592235,-0.10169773739192947,0.19412464041618058,0.13298507824586137,0.20750740723378416,-0.025723629397877583,0.0001692292864616341,-0.06010671029803524,-0.06956564865286803,-0.05259511277660176,-0.030862101229597292,-0.0014032099719895935,0.0795633929231457,0.08759045331468467,0.09213178638439157,0.0481141110286717,0.09843756167935737,0.011610848091449872,0.08998455044251101,0.24322963910527587,0.04331976562896834,-0.26200763404637695,0.02488989772999294,-0.024908048657512845,-0.0032307081872680996,-0.049528769762738616,-0.05751959314639483,-0.010305683598101963,-0.013823382481904574,-0.05374495785291516,-0.10166682727968072,0.11816769218144585,-0.09114731730726164,0.013713685943616851,0.24129334156761043,0.5627674700879015,0.6034870416248571,0.05253189371625131,0.08427938295716778,0.18497120097824796,0.14745895562719155,0.10368383971826685,0.17872617675873892,0.05937894709781588,0.10230141484900405,0.09716153770165857,0.02713708140852891,-0.023784065583888285,0.0003592702001199556,0.7781528155911259,0.2532421863768205,0.13029467789348714,0.08831364219355187,-0.03646526504753531,-0.29283413620704263,-0.06724397803128579,0.15684801150222766,0.13782063750132184,-0.5607739897582578,-0.09993953275883506,-0.04930325796102914,-0.16173422699571743,0.335499988701652,0.11069525708559468
PLANNING_MATTI_MIN_PRE,,0.14043726347308053,-0.11501783228530937,0.02947912557705311,-0.06700813432064094,0.07724986119916988,0.08314266694203205,-0.11490538626831044,0.12594151523198188,-0.06911679841587254,0.047355469106444496,-0.15365672442402792,0.027089634353870483,-0.1430653756749129,-0.228163221622532,-0.23482859216267282,-0.08531742323422503,-0.20322148316052563,0.025722151570472508,-0.01820668054568645,0.2639908731230141,0.5894371103379348,0.30349819672616524,0.9108529753537853,-0.7436069636848932,0.7654578521423935,1.0,0.3728811752089266,0.07647397071056056,-0.07581367503186114,0.1944597833977721,0.01662541300826578,0.05083338453914952,-0.46922937940071147,0.26232516740511974,0.24848084333118792,0.384826068203701,-0.18739322996392332,0.061661211135912906,-0.06648133826059878,-0.1209881450629293,-0.16059532551417602,-0.3088949792884455,-0.0038029168969512354,-0.05083726582980393,-0.07597788989292283,0.11122069432101861,0.06555117868420351,-0.11340893518962795,0.011912055907676517,,0.110979831247299,,-0.20952261051448726,-0.10364587446483109,-0.17576391481675704,-0.0007986354839037912,0.06384372721583031,0.03615792625278789,-0.00521653015890246,-0.1414789874477724,-0.12270851140673499,-0.06220026025803774,0.09865167305352132,-0.07416235916740502,0.009663083778924627,-0.11752514991694187,0.08035007104506058,-0.003429409544816399,0.05309712778465186,-0.07660919519125063,0.04266928940500049,-0.0734985563716879,-0.10841177680787159,-0.05686268175681156,-0.015346897152124285,-0.06014977881258798,0.08137667505025,0.04416288026011446,0.055733339424807155,-0.006975381286670187,0.025077970368039458,-0.04757949353368102,0.06335895373489318,0.08286038000655889,-0.028479712205460007,-0.12263385391234484,0.04386564991182757,-0.044290173319728766,-0.061466717490349494,-0.14629643744001214,-0.15330930619436406,-0.06969971716492056,-0.0853634308531859,-0.14559133469538754,-0.16739590803392032,0.11273748816549735,-0.09235293336333279,0.02173298955311553,0.22616658685062407,0.4372373326891532,0.5170039923177154,0.042094378576591776,0.11684212261494253,0.1937047327470639,0.051087558170178494,-0.034163862493280656,0.024684946707955742,0.04540207666460068,0.03874245292181058,0.044081816680380595,0.03688017815685213,-0.11072524499799102,-0.09406761952424021,0.19148569688564898,0.10415247288748682,0.06321285178753502,-0.08300282015030178,-0.004354663889033313,-0.032356551928898705,-0.14196960437936462,0.12781512646760476,0.001588045718159807,-0.5170450226209949,-0.18717137248976037,-0.06657634135492552,-0.07785451685418154,0.1821824639014,0.12896489271287795
PLANNING_PERC_PRE,,0.1709077481796401,-0.1214936222263607,0.22196403758278868,-0.030197493204400523,-0.050020111161478295,0.1699768715110159,-0.11674056100498507,0.021443671157026487,-0.04104286888202552,-0.00873027724379592,0.003497776894850929,-0.0023776571406905417,0.05212956886415957,0.030491540369701343,0.05203644841438054,0.1577879494571171,-0.005078225773608675,-0.024750433634294418,0.01960495589433588,-0.1489981524019619,0.15783336430233014,0.1311008299654517,0.3235758587496749,-0.29161651331929667,-0.20086521180819283,0.3728811752089266,1.0,-0.009594988680463367,0.00920993627220699,-0.04484672193205235,-0.07690500633849517,-0.014912454341771306,-0.2797624220270269,-0.02777804865823877,0.012552796795458706,0.1702834007875637,-0.05921864082683405,-0.0884203232507738,-0.027640044975602848,0.3219996471582095,-0.1565792638576966,0.01209777215851753,0.018164732847518038,-0.1493043435351261,-0.030673305577975027,0.20738001739503453,0.04472511197018472,-0.047357825983033085,-0.020117294654821753,0.24390207285549317,0.07669249630156058,-0.2511351597169432,-0.005561076497448964,0.049722837281853345,0.016992482571703507,0.12270947552974745,0.14662862531661994,0.15131873727093736,0.07189819586247499,0.07863059306979467,0.06684819680942476,0.1365119965580047,0.20588500928978348,0.11803906726287854,-0.05230209808263599,-0.106264070072422,-0.11015202247234006,-0.14376725750375283,-0.15628380516523788,0.00387695660244447,0.0740027122434725,-0.07909729133061619,-0.0021340418773876596,-0.02570917192082059,0.00845490342232602,-0.13394717640769807,0.004601591232551172,-0.024155660101803502,-0.01944367300389355,-0.0843774267095453,-0.09905598025277658,-0.0899947660913559,-0.028325584193179952,-0.19765089445714587,-0.10518095738410968,0.1578229787604214,0.010819185321684398,-0.011298555330600089,-0.0683920375131278,-0.09942296748058078,-0.15138061519069793,-0.0002465860724588816,-0.09187967040720604,-0.12370052250819799,-0.1079594480342076,0.012084336425325387,-0.05754060161280141,-0.01898506172860214,-0.0266014067710833,-0.05438410545447153,-0.0044117672034107505,-0.012269493924891033,0.06879533204231109,0.0453128270683607,-0.0916252382958934,-0.14303537588115944,-0.15342908791892984,-0.007368407502787851,-0.04648682674818282,-0.035858427965108956,-0.012489336164339174,-0.08574642647116297,-0.11129600081255665,-0.6702674415408522,-0.17687447757329394,0.0001921256265085646,-0.23048669804409738,0.008517579902144115,0.2914742662019699,-0.09473297664339979,-0.11197355111301745,-0.11186919491242175,-0.028819800963260846,-0.13591330793370987,-0.04279835347814991,0.11632089885816983,-0.16459335528998628,0.04036187883923978
PWM_ TP_PRE,,0.04175608500960147,0.11890659838143093,0.03885727888213185,0.1337051785007504,0.12123162349545256,0.080390083278966,-0.09009598850926376,-0.04046012141962996,-0.09998980960685765,-0.0854023516680309,-0.06165319758115111,0.18818666181285448,-0.12446725006068493,0.008167685699647056,-0.065683021719278,-0.007177258332823079,-0.05218484318334757,-0.03213266095885634,0.03304307445820002,0.026800414677741313,0.049602105646324716,0.020189060795827746,0.0653503998585834,-0.05161146366224269,0.08620963779261558,0.07647397071056056,-0.009594988680463367,1.0,-0.9999864189620593,0.1376978156726339,0.12260789667217248,0.14492416251620127,0.01676899942209,0.16850925492344043,0.16794136872905982,0.01623461714084681,0.09303038026735677,-0.09643143493345863,0.040625077716613577,0.12069369770723695,-0.013323097156604348,0.26516916018849435,0.07611564826863869,0.05767005698901628,-0.05676073080193116,-0.16919963446098546,-0.15321144186785754,-0.02023265193626514,-0.06889986241647932,-0.6375994325414149,-0.08828951632555525,-0.334233154773978,0.02554746328742275,-0.004506751764265796,0.020042290063336608,0.11362642287177371,-0.0865609270252052,0.012673212858057515,-0.03669406083333687,0.02851430425015026,0.06649717055140769,0.11232427993694821,0.055249384322399765,0.055132722789483585,0.03402499696337412,-0.11362497691609015,-0.0968391499278565,-0.006803389905513698,-0.07012585319347392,-0.11177318394245232,0.186793203303983,-0.07870107690254476,-0.014979612145080444,0.06999283009376815,0.0315110547261843,0.1052965857884201,-0.18750975864081576,-0.140218768218069,-0.16101611118992049,-0.417197659554904,-0.3026938495645694,-0.3912309400979505,-0.004118350264136755,-0.16310698340189425,-0.41170083622407033,-0.14510116878191812,-0.06617742473966193,0.06512490152298762,-0.14781409098174925,-0.06621260004151892,-0.14338796079826124,0.06491565358385096,-0.06880159946303445,-0.09116965372207952,-0.06765039464150104,-0.009828757114384641,-0.07913868707759075,-0.0637135336773183,-0.018149362068314835,0.06501250435777511,0.05797409553635798,0.9293220915204836,0.24741439995358486,0.12525570585101695,-0.10378662946045503,-0.007401502174792554,-0.06984657005744635,-0.28681652847947714,-0.188616226828368,-0.22094438502640265,-0.03692148218744015,-0.025339146945288032,-0.10317445871012962,0.05685123337825236,-0.011572873430012835,-0.035894605166107714,-0.05912619618993614,-0.025237810845801668,-0.049936079429894094,-0.20042987295464018,0.13830730761214027,-0.0025414073857036243,-0.26931195670947305,-0.10321712444336846,-0.008785611647182778,0.04170638073143582,0.08584352919821825,0.026022026043204142
PWM_ TE_PRE,,-0.041415685765277675,-0.11837567958421501,-0.0392028936834011,-0.1338040312306545,-0.12093235311850975,-0.08172900878674229,0.089856404695703,0.04116817007117468,0.10013607687773496,0.08597580300374762,0.061271089236718396,-0.18711674840040862,0.1242309603748411,-0.007738998984468334,0.06456476767998963,0.006413497097272576,0.05130062918922715,0.03309401951588461,-0.03396963109697811,-0.025626209218020456,-0.04891431761435531,-0.020010121190532554,-0.06460722752067546,0.05112695466775643,-0.08528499412429402,-0.07581367503186114,0.00920993627220699,-0.9999864189620593,1.0,-0.1325494016013755,-0.11864464009554798,-0.1409470659929996,-0.014916740283455781,-0.16435948599158878,-0.16380401319386836,-0.016479136110549603,-0.09327282629314944,0.09707013463172909,-0.040508514984978906,-0.12031160340648273,0.01333176257538542,-0.26530268687964637,-0.07616476731749436,-0.05816269104888398,0.05609726968723202,0.16970601707096258,0.15271393633903793,0.020095277658863542,0.06852093332862749,-0.8780135275165306,0.08797924910382897,0.33210276057086036,-0.02536110292371848,0.005123905645968835,-0.019460483558129217,-0.1128145134411148,0.0866657174318416,-0.012168052867314554,0.03719357078668111,-0.028048997222599282,-0.06593990285627908,-0.11175087729378817,-0.054343880140401424,-0.05447778913776534,-0.034694498093536565,0.11330750867964631,0.09670897376762444,0.007604135853907544,0.07048559556839765,0.11169902745061575,-0.18621345871059633,0.07786211207677383,0.015028493120707333,-0.07050524043140692,-0.03180163036895566,-0.10615980099032057,0.1881171807625258,0.14126670051148418,0.16204089428688206,0.41783768335797444,0.303451863688951,0.39163459092440106,0.004595152519309149,0.16330790752654886,0.41225588214439496,0.14501237556345248,0.06605705253450364,-0.06500187760264788,0.14819400989084716,0.06587052843770948,0.1430759352790533,-0.06517443237358703,0.06861087663854198,0.09090297317533262,0.06772253398633903,0.010721399551701948,0.07931699186961033,0.06429766681682723,0.01930131490615372,-0.06368276921837863,-0.05664662848194958,-0.9280693967381276,0.9278335741213206,-0.12093274912258609,0.10391750416577156,0.008275686708840536,0.07036739816124105,0.28784429995860095,0.1898669932188286,0.22216470738774052,0.036924144257149086,0.02588033781044422,0.10344124932151529,-0.05608537634147936,0.011567324132555465,0.03613975764490879,0.060022960712051036,0.025155133754411384,0.04940606745319214,0.19745000745253175,-0.13827668682309024,0.002464465720371052,0.26902018724259524,0.10007319244290346,0.008601851443341151,-0.04103264630385964,-0.08373540263668305,-0.02590835653267568
PWM_ T_PRE,,0.07866160676726852,0.10235015944236753,-0.07007754877866045,-0.016289282441575362,0.07350272808255466,-0.23375936755677593,-0.06395100446677648,0.13744185683101584,0.01266604071874874,0.10228137663202805,-0.08635427957439125,0.23718517476923218,-0.07715737366919864,0.060057708159677835,-0.24292286853906195,-0.15218763010290562,-0.1942615906790688,0.17816614122787885,-0.170941972482895,0.2447132939530564,0.1342636183399592,0.0388285483126819,0.19085977977896618,-0.1595318509587004,0.23242913724101957,0.1944597833977721,-0.04484672193205235,0.1376978156726339,-0.1325494016013755,1.0,0.7571432967683549,0.762044928982705,0.30496704590201174,0.8243740116899932,0.8212062583400042,-0.004090405176274578,-0.05694829855765781,0.10789546429977709,0.014253772050904445,0.07397867301879452,-0.014148645831874637,-0.04268167831845058,-0.007549084633397938,-0.08318699046412512,-0.13996222540152653,0.12829651895836705,-0.11788047615906427,-0.034969558862436606,-0.08491721594822142,-0.8569399148843382,-0.06780897416143979,-0.5749320292362186,0.03219341866096355,0.11637463330475144,0.10886804236684405,0.16697052796692682,0.015016451770701406,0.10014172690794751,0.0932116482969452,0.09091632393925901,0.1070512686917193,0.11567922711226267,0.17928938447293247,0.1278860706920943,-0.1216606612332455,-0.08319594361381104,-0.035113812522191805,0.15362565091630145,0.062072491272727445,-0.02811345440606903,0.1405271297310772,-0.1782730014555959,0.0004287061226945704,-0.08384804987103017,-0.04478410235236222,-0.15316129549332883,0.09487117869900864,0.18397248516859038,0.17726188376386262,0.06518625801192071,0.10475003373330036,0.021815670882169742,0.09318566154744147,0.022501330083162602,0.049026069088058365,-0.04556695940398184,-0.028912442841418987,0.029258342882655202,0.049904023171439785,-0.079556939030621,-0.08848763563651524,-0.038351999388265404,-0.04809062523616797,-0.06713231934212745,-0.0022270872022424316,0.17734838710977988,0.02054094709428712,0.10647542990619391,0.2196142727888239,0.300143527179733,0.29876714444965846,0.35953264396395024,0.8431554675501637,0.9419565552704432,0.010218733452405013,0.16619354014166143,0.0912670436418382,0.15951025216499873,0.21481067523666994,0.20516996467465967,0.0015142539143974943,0.08116421465932142,0.041509693192852526,0.16471655537153537,0.004809826035034198,0.04681958887006472,0.15247670199889002,-0.02049916076453469,-0.10829483476388384,-0.5909343058678987,0.03860394210134037,-0.017101882658436512,-0.13067300707272886,-0.6399970068996458,-0.050000701051261205,0.13081270682180787,0.42141938749612107,0.028331265760796805
PWM_ TRIAL_PRE,,-0.09673551516682835,0.015158615890924949,0.1368797554506155,0.20094400946312033,0.09616240323407357,-0.07361417094058835,0.12131105537235204,-0.03375877896651529,0.03423681251264965,-0.0036698292313041337,0.06163352417782671,0.09599465786306663,0.08479342697310405,0.0637230385546422,-0.013807074730168846,0.0312209565106668,0.056646444317455254,0.026430154349256895,-0.0309062848243786,-0.13818435444414393,0.12623076074859013,-0.023245211486809726,0.07599305664064321,-0.008475473458476601,0.07120822028912459,0.01662541300826578,-0.07690500633849517,0.12260789667217248,-0.11864464009554798,0.7571432967683549,1.0,0.8747809998627407,0.6903990539110825,0.8903343144412244,0.9192502247723582,-0.06015136459970272,0.18297620942326553,0.1030692499853863,0.2308971477998868,0.16341496871211905,0.17156762321244431,-0.07002473185092353,0.15998584614366532,-0.13386898235414008,-0.0811661197890493,0.2127369292883595,0.031528841532127,0.037139761646957675,0.06153021377102533,-0.9258200997725514,0.0766065616840964,-0.727606875108999,-0.03877356163700214,0.018521857686733374,0.023863832162377092,0.18260118506382433,-0.057503173175954055,0.06714170263797042,0.08123196716829974,0.07416796441300993,0.12909905154665935,0.12149047239773937,0.11000573290772298,0.11727081548950255,0.05510151663619708,-0.0572023241166974,-0.05042774038347301,-0.0028706020545588174,-0.035920416053312615,-0.04132111839522295,-0.02773400766374763,-0.035381641060756516,-0.019677529216457015,0.0574021973292817,0.06801691767555654,0.04486502623337244,-0.11587984152240595,-0.022280028548496405,-0.0449476045123918,0.002421849250625583,0.034979716120635364,-0.045862494324348496,0.08129223867689882,-0.06862362361626623,-0.041299663960277296,0.04867339438161456,0.0016352242357395702,-0.0018890165465171398,-0.03610270631861435,-0.008526935358715609,-0.009897480924533868,0.0015302758112119433,0.02199048309306392,-0.019050887946080435,-0.16489149428449681,0.01808797578551878,0.05596468326264842,0.02454211713658642,-0.038923202521376064,-0.09727895150918948,-0.10934981523211881,0.3027240694795379,0.6741262198497184,0.7031647004896182,0.005260806328242334,0.01251359927030462,-0.02039707584569373,-0.09344266390384355,-0.04128789681759252,-0.06316237442869281,-0.03309606418141389,0.05121367470701536,-0.04620741226712359,0.09238512042949742,-0.059423226822118355,-0.07982165800303094,0.12798353727274575,-0.17962367246634675,-0.11969471932205802,-0.6145742704500109,-0.0110791824290934,-0.03868852670839658,0.05898862191961232,-0.5421657784744813,0.17465830352881187,0.09494516306995594,0.3340103880447278,0.13514571448288573
PWM_ ACC_PRE,,-0.02095824366862217,0.049323505103547896,0.17149628929601532,0.19462672977020237,0.09208279270232163,-0.003026103556987177,0.09616309713012909,-0.03650663359260229,-0.03697294208905923,-0.046472408575190666,0.03219282494246867,0.1025634078731514,0.14561768019568008,0.045754339257613096,-0.03824043415941146,-0.013586815401806833,0.07888494069393849,-0.0011908952257466932,-0.002896695097842733,-0.12910540954821242,0.18959711747901128,0.021908789819324054,0.1180150875397451,-0.0028865568006903263,0.03919491814120415,0.05083338453914952,-0.014912454341771306,0.14492416251620127,-0.1409470659929996,0.762044928982705,0.8747809998627407,1.0,0.3891060090586726,0.9126249265430594,0.9365152462713574,-0.05981295589059254,0.182884002475911,0.07710469274093266,0.18626728143486046,0.16574710528355202,0.11543690795282247,-0.06774719473143027,0.13861190896539863,-0.16233966023663335,-0.07745321082223403,0.06375686223476576,0.013568467518395896,-0.08008473562090668,0.04699346786509314,-0.8372183582789213,0.03691622379186135,-0.816496580927726,-0.04510494846063228,0.03284638976830632,0.031548879657980276,0.17703768966429165,-0.04443347033095819,0.07158342318628307,0.08518509180068715,0.05638280745573015,0.13333316478845636,0.1407422761783382,0.1782981090128751,0.129690374134189,0.10866107359888662,0.01613095764392764,-0.16272837452684596,-0.08189498650275723,-0.1569730484941415,0.009324971807742563,0.0037818872169371426,0.0008314635260847309,-0.04611487519930618,-0.023049481456081333,-0.02471733833211886,-0.03756490714039752,-0.08441962463433658,-0.04920046139004696,-0.060687298489264824,0.021342417181622567,0.052641569034537324,-0.020776136581364325,0.0738393312569204,-0.05715238410859763,-0.0007099752899883637,0.06288595158595076,0.034996456133006955,-0.03556137111082877,-0.08118190522582926,-0.0677346816589358,-0.034587646682850706,-0.08091284316906365,0.003413480688946039,-0.044921644321266004,-0.15746741350747298,0.01022334882143144,-0.018571320002048995,-0.022469785917088578,-0.04723987255495365,-0.08616174423202384,-0.09867166043182601,0.33475383144072207,0.649769729199634,0.7088989038664455,-0.0996618061445889,-0.06822253083060703,-0.14237687502011345,-0.053777704553675226,-0.040450794971070736,-0.05298979070697047,0.02448753304557569,-0.0027212297231715347,-0.07156864423526357,0.010167204994473834,-0.06342104108605066,-0.01832797349829782,0.09634048462266433,-0.07991461075674802,-0.06715519612426508,-0.7187376863100516,-0.1028309481921124,-0.09963736344924864,0.0569749708150118,-0.5744801740750195,0.13151607955266137,0.10553314322031124,0.363909263390561,0.14590559270062722
PWM_ OST_PRE,,-0.19081096479570087,0.07416872778908405,0.11361250555480105,0.22494014036153928,0.05344736475818864,-0.16505583983082434,0.13677088477141505,-0.08486358452925355,0.09169035865456789,-0.005994232323553645,0.10341919744554219,-0.03417521693627316,0.11149772214429707,0.2243717345095179,0.2095766681351604,0.12815660045203617,0.17590931644508134,0.0309183418649135,-0.03769149284630843,-0.22923499153035007,0.019438699523926146,-0.07367628328375332,-0.3137565868291919,0.44628976362403844,-0.2798196316661705,-0.46922937940071147,-0.2797624220270269,0.01676899942209,-0.014916740283455781,0.30496704590201174,0.6903990539110825,0.3891060090586726,1.0,0.34117016383782306,0.36705039403451156,-0.2927411059200743,0.2663177286854058,0.1020834158149808,0.2654035942830187,0.10816242814243147,0.24853450535797844,-0.04688072309384953,0.16565083190705193,-0.05173501289295852,0.0031772525031307833,0.3165571568323276,0.06043597341831162,0.1765565131041881,0.07666149967857491,-1.0,0.05965841433738255,-0.5773502691896258,0.03308619387381306,-0.0027188861115772117,0.03593345293258873,0.11624791195290214,-0.09018490254713879,0.012033035609896086,0.01629304212820006,0.06441987899501621,0.11930523440441959,0.10355239134843823,-0.008312813341360822,0.07714065048244573,-0.02228124549277311,-0.043000051445472386,0.06557583216946967,0.04728433222839329,0.07140211509474187,-0.06577660319186189,-0.09460931017255576,0.01875432163729978,0.07622092349948423,0.07697211904419377,0.07771480314280493,0.12837975461787884,-0.12758331418261576,-0.02021376237368004,-0.045828806534925264,-0.01312896019383129,-0.011624625774509678,-0.02769131757571527,0.020964397206559644,-0.09170178211755381,-0.050371490813670344,0.08071875290998373,-0.04943666084755828,0.049707760188265365,0.03981345364069903,0.1024326930121893,0.09682517665783837,0.07300214322216239,0.07497952808732773,0.07996661485991252,-0.04732218155408127,-0.06110418893528625,0.11292705454094905,0.016816516244500986,-0.04836038109941518,-0.32775882113261845,-0.3706126618846017,0.12183140921459078,0.2521661433769693,0.20906434572662844,0.10973292386856626,0.06589083301840121,0.08943508110901704,-0.11205429870380362,-0.047922072858664504,-0.07129423966393862,-0.08289600851821173,0.11332275051693669,0.032381219584096954,0.031188798573353653,-0.0813995078997784,-0.13124791736669408,0.1621262202345749,-0.18067393734205903,-0.09862087299664646,-0.20294123017621082,-0.04396605817103517,0.06021172713543377,0.33350530195668193,-0.12487202921701594,0.23162385120073095,0.05873656586632186,0.07255353294960457,0.02936351917035727
PWM_ MATT_PRE,,-0.0324609849297491,0.009102039824746637,0.11966836536074724,0.16179521050869347,0.09859813144082917,-0.02805681226144147,0.07793531425037667,-0.0391457605587658,0.008248795543653169,-0.02254268944648361,-0.027075585500120583,0.1759651994380399,0.04738345932322478,-0.026642957586515633,-0.1235664285631635,-0.04335564253523174,-0.02581129345331877,0.024218127260129896,-0.024957637288380935,-0.0128168868152169,0.15619107104245475,0.01153885318815178,0.2544433558627784,-0.23249857023358753,0.2942337388405402,0.26232516740511974,-0.02777804865823877,0.16850925492344043,-0.16435948599158878,0.8243740116899932,0.8903343144412244,0.9126249265430594,0.34117016383782306,1.0,0.97630277066069,0.16907041686831117,0.12632575735548385,0.0855273486293628,0.16276264484769998,0.16958881134188483,0.11860250800743671,-0.08878589171590955,0.11393960974850822,-0.17244079627051023,-0.08033840611641668,0.18222549562343987,0.0006400822360525146,-0.016847702586213896,0.04383082160129586,-0.9509329651839316,0.055073462421897916,-0.7703288865196432,-0.034808405327223374,0.03323040700992087,0.03601916493015403,0.18399509381514745,-0.02236127767268068,0.08756150640668747,0.1449296767508146,0.053931986033051604,0.09859348989641266,0.10633848739858275,0.13818305512387064,0.11228446573954894,0.09043336117374695,0.010604905981998824,-0.09092192169258248,0.042631361797138514,-0.042744954091160414,-0.04279432064688678,-0.018408962073984302,-0.03071781257701248,-0.035088835225290944,0.044541914125035297,0.05659944875240474,-0.018874404839352394,-0.05552262125548835,-0.011733742734403625,-0.02143890444439132,0.0005528943697358686,0.03388022657605923,-0.02777941846417135,0.0596267965719418,0.010882575523655728,-0.009953672731546313,-0.03360055899525911,0.0062379693256912425,-0.0067320151866185765,-0.0705845641865229,-0.07505774522442803,-0.0626850174385886,-0.05333522111719233,-0.01436334399852754,-0.07441243942653655,-0.18406214451491354,0.012218610941361152,0.017823967155373745,-0.0010789748930738544,-0.006261951171505587,0.08706897743099326,0.08636880318172731,0.32667526447266454,0.7392264070595654,0.7974596655757611,-0.04508757224046849,0.022430204501240888,-0.03971594541371159,-0.05493023785286088,-0.012792117592134814,-0.028294924022347106,-0.008029921227044176,-0.023640333062688177,-0.09031456347317356,0.1924760475855064,0.016449512988104178,-0.011219854299052149,0.10883403357288012,-0.06628646960044488,-0.1178767242238768,-0.6673615310096956,0.006241341013415248,-0.03154359927220196,-0.11776761639311793,-0.6430097654763509,0.11901689173121384,0.10036491518971805,0.5855703392606233,0.1694696603173857
PWM_ MATT_MIN_PRE,,-0.025314538166783425,0.004535341098067911,0.12740533850732463,0.1603571887312742,0.0965592779046669,-0.013202232557995405,0.07192966581531003,-0.010564922654036094,0.01868760241174669,0.0032684736799766523,0.006550021705362361,0.1546988704688594,0.03517568397383076,-0.017328692555745304,-0.12776665760770536,-0.033631671779850526,-0.03177280644451586,0.008303866023120183,-0.009565970248142324,-0.031277002309755136,0.15147611997713367,0.024464198087817742,0.23868240010949865,-0.21216171152929897,0.24369077097560418,0.24848084333118792,0.012552796795458706,0.16794136872905982,-0.16380401319386836,0.8212062583400042,0.9192502247723582,0.9365152462713574,0.36705039403451156,0.97630277066069,1.0,0.27787696767142195,0.10076214334369657,0.09574739583136459,0.15848994290075877,0.20026433866598833,0.10186655633392318,-0.07960918200132035,0.10651213390120261,-0.187393500753632,-0.12301992401912833,0.1351807888721409,-0.009654329849105962,-0.04573061427260131,0.034357895939218085,-0.875376219064817,0.0464999493014567,-0.7543047960083719,-0.05937376852544773,0.028504486739712485,0.01918934450543097,0.19284783603051392,-0.04546680411636384,0.07904410245361115,0.18309091065540958,0.08193455107289865,0.10762179872642644,0.12571361081964014,0.1527337137344382,0.13534409122310556,0.07719181166680075,-0.042962637538991495,-0.12688999312724314,0.02458072231716347,-0.07693913041841172,-0.03410320688516672,0.022991828841807387,-0.06935445039105542,-0.03819039481528881,0.020329550849292922,0.029148526872178334,-0.021666617572853646,-0.039796952765009073,-0.009393150938205575,-0.01621290296178264,0.0023309490091787534,0.06385319701805128,-0.061124378889605084,0.11821758344416518,-0.011800671973951484,-0.027640673848997772,-0.02696229383441342,0.014932110362625536,-0.015539035303260037,-0.08692248216813794,-0.09021045207692732,-0.08432939096070467,-0.05527646067035097,-0.02855529345213349,-0.08958391219316846,-0.18852686595083773,0.047486591830223725,0.034075556127454956,0.028291281039299423,-0.028890092856076383,0.07190209711612476,0.068447817214772,0.3413622317185503,0.7230620232359443,0.7991323007670829,-0.07554476485424585,0.010930589629265183,-0.07034028865764129,-0.04088143690600724,-0.016255891572413392,-0.029033813349354773,-0.0068489037974878006,-0.025139649943944575,-0.09436715293136509,0.12863566557918893,-0.001310298530694491,-0.03085755860410641,0.08108561824451467,-0.11483698718242874,-0.0902393818127979,-0.6987093792103736,0.009056133956988302,-0.0823694693873871,-0.09940257023638827,-0.645895476125459,0.09520112397400607,0.10793441074500346,0.39626805112932584,0.16405207106536085
PWM_ PERC_PRE,,0.11976443579967376,0.052693956456935635,-0.12668164849072497,-0.13903029914332068,-0.05102185116690763,0.051160887479634765,-0.16908256512093725,0.058385016084794655,0.13250349689652113,0.11642488358967028,-0.012194584029304343,0.038989779847216764,-0.21572038572946586,-0.13483108316388573,-0.20901806039924764,-0.1099595407421736,-0.24512073458468778,-0.025326487372362604,0.032990883094980064,0.2539198738032784,0.010255055755850081,0.08855273429420771,0.23418358971462214,-0.32325829734569256,0.28426787523679303,0.384826068203701,0.1702834007875637,0.01623461714084681,-0.016479136110549603,-0.004090405176274578,-0.06015136459970272,-0.05981295589059254,-0.2927411059200743,0.16907041686831117,0.27787696767142195,1.0,-0.28730222254589893,-0.02731454684362911,-0.19458542616399985,-0.0252090221456607,-0.12265249579515354,-0.11839666543863217,-0.15260187317698354,-0.17129901538157474,-0.1936771259258704,-0.1739248689626076,-0.08808499615985066,-0.19399700552771873,-0.17870633750084916,-0.19245008972987546,-0.18556863345896396,0.49999999999999933,-0.027134009531326386,0.07606163111051695,0.025288008711463673,0.18238965979900063,0.040684955369258737,0.12290510034635746,0.4760715631557894,0.15231247118456284,0.14162631785700466,0.10817758629795392,0.07431653275548569,0.20020214670710967,-0.04007319917971604,-0.14549575623009028,-0.12893983588931507,0.408160678414646,0.14064230740666742,0.0010530264805808994,0.04795996758346663,-0.20970249311857406,-0.06843024400195787,-0.08819918792037004,-0.08370953661351871,-0.08263852433509615,0.4184647966781846,0.13225827791556335,0.20665647811902343,0.08462336647765335,0.2019772480022807,-0.20686655908003102,0.19397622404184592,0.2435480648462678,0.10248256320277233,-0.26920719514765296,-0.010830044143639783,0.009975556454641207,-0.12183804983913095,-0.16664713467270245,-0.19889071489551088,-0.050088411353256306,-0.1709869215001748,-0.19165895010652975,0.04259067696848736,0.08986277005770882,0.13002429494905424,0.12288152922798502,0.10971583799703248,0.2999406615967205,0.3475454802972616,-0.016151232997288597,-0.07300550829323668,-0.025639974368834917,-0.13295120823161816,0.27849200276311753,0.11138368574264329,0.27641859190580315,0.13928143174779523,0.18276802410463255,-0.06659997273806523,-0.12662536429322646,-0.13855155587898738,0.057767803553698704,0.24040435590511344,0.010465123191899774,-0.09028030481425783,0.021030896689399795,0.1887041939924277,-0.09560848193401002,0.14362323256274936,-0.016397667322850494,-0.22037230790366638,-0.07584119196190281,-0.23697305584860837,0.16045539016818544,-0.3216545201967261,-0.04056353462289645
ABAS_amb,,-0.14393432169070838,-0.012687508484408415,0.5549175840162877,0.600391633486774,0.1648646190463662,0.17724321609799787,0.40161578995043984,-0.021111795799650866,0.04112751392578018,0.009097788957755515,0.2705840819491448,-0.20521519532810645,0.4987015454212852,-0.08675284749650718,0.3646364711601886,0.2726210568319788,0.4198381783459508,0.1156382034220486,-0.13080377939470483,-0.475751105827825,0.042043608416864026,-0.20174124430116722,-0.040487917656644674,0.07909461362083366,-0.17501401887069842,-0.18739322996392332,-0.05921864082683405,0.09303038026735677,-0.09327282629314944,-0.05694829855765781,0.18297620942326553,0.182884002475911,0.2663177286854058,0.12632575735548385,0.10076214334369657,-0.28730222254589893,1.0,0.13715319172704804,0.8330449902877147,0.41341632268790834,0.5313113881766024,-0.13002373149669488,0.4747283323806787,0.09082690913865776,0.38800511865773735,-0.08497446633560822,0.4407092533483366,0.17290710105244825,0.42979010298231496,-0.025245764589341343,0.31253578287197314,-0.347524023428458,0.007434734065817114,-0.10702013595637486,-0.04694994526282224,-0.030355170908743685,-0.051246607200883636,-0.045972528065174795,-0.19825626685823408,-0.15737362441897174,0.01654377691280967,0.02075589555777875,0.024475763221658568,-0.06440561617796903,0.1626528312201995,0.29739247599107693,-0.06219277610116531,-0.24459825995033344,-0.17617960131995097,0.0809590219281957,-0.2286333455629963,0.4199570072255788,-0.131171704328784,0.3475814356427156,0.2842666059012799,0.32199638640635825,-0.3822129315862043,-0.4036240053423737,-0.4283036211690286,-0.0054875504894558655,-0.1320537595517777,0.014973815310305711,-0.1412691732865952,-0.17785641472272418,-0.053805545682221054,0.23445784387404656,-0.07811460276416936,0.07747010726790357,-0.0901531561821109,0.08400391304028583,0.1903357062784494,-0.07535239966878889,0.17419965842137905,0.1389760973780347,-0.16002689566255646,-0.02356569118851905,0.07059645975483314,0.02530339932079741,-0.09995370856938186,-0.5477356942703644,-0.533987578374085,0.12816660131442836,-0.13908605654414607,-0.10894551602698324,-0.03040499186046349,-0.20846409407147795,-0.15831159153858546,-0.40436740891230605,-0.4003373697194689,-0.4244745853695123,-0.10901922646121036,-0.022566810247449953,-0.0976502958211683,-0.08278743142625575,-0.17628502692319523,-0.2145447412213452,-0.04864257801657475,-0.09918438130051725,-0.11072697692133808,0.006715720938258909,-0.09261678288878507,-0.1563845781876288,0.17678557989385613,-0.007007594386979511,0.7844939712503488,-0.06279104619657605,0.16022147982870147,0.21039746492655773
ABAS_amb_suppongo,,0.20483693924728896,-0.23350155163013758,0.29787258849947956,0.3701689722382964,0.46658318284285183,0.1343375650970478,0.03353051660312598,0.2955206200838212,0.10948403885334217,0.28728717530167147,0.46068439299569375,-0.35049681908804653,0.3318800092206169,-0.2215039524328887,0.011120101593818061,0.1200483323312273,0.009968992977129934,0.09240813717980455,-0.09316096025379572,-0.02084384909985423,0.04261666123209187,-0.136040077765956,0.09978625205751625,-0.190349691091749,0.10160889695357776,0.061661211135912906,-0.0884203232507738,-0.09643143493345863,0.09707013463172909,0.10789546429977709,0.1030692499853863,0.07710469274093266,0.1020834158149808,0.0855273486293628,0.09574739583136459,-0.02731454684362911,0.13715319172704804,1.0,0.39929313953757495,0.5463651290238427,0.48813747491873477,0.4422122688127449,0.06923698804290755,0.4144566935412646,0.3387814283497287,-0.050953346897912186,0.38077941537931503,0.04859429775575577,0.5077620884760674,-0.8703882797784892,0.37791245556219233,-0.7745966692414834,-0.33076681547051023,-0.2900597781683191,-0.30395438499292043,-0.18729262665371238,-0.2308454255473392,-0.23628805283158147,-0.2066616470583734,-0.2563131766044873,-0.22051901584107214,-0.18849761428563697,-0.2524357435562348,-0.2545683355524872,0.12241595156699209,0.2246162042812621,0.030690259655773794,0.01582245057678227,0.030882799764948097,0.3837497578949025,-0.36134914798161266,0.36356094912076553,-0.09797828073014271,0.18065603047168474,0.11660591138021079,0.1871167341660379,0.08519077729108884,-0.029553968175237533,-0.005189465202945274,0.01945320822206202,-0.16805426658545528,0.0732406156287543,-0.30274551800524874,0.11677408633135823,-0.009393283521257336,-0.0680971131767139,0.009444773262142185,-0.008840211419677417,0.08424248050420768,0.015063368035597494,0.13832828880324521,-0.15779272922222246,0.14055848260731696,0.08921247183731441,-0.225667731480353,0.29373255736573534,0.13946571289260942,0.2721239738875338,0.06855872464354261,0.030641006935812808,0.025107533643193368,-0.12875780948206594,0.11613485234999926,0.001053883077276334,0.061416178085223185,0.05824176507833987,0.06860451272362629,0.07441874328440298,-0.01572500976048708,0.004104307953107321,0.02325823492526008,-0.04485799457982745,-0.0562833903833882,0.08880897079854816,0.1378890777520869,-0.23379408846707556,-0.038565181993118015,0.2046603676992795,0.0960116347974135,0.04567653786084553,0.1545722035969232,-0.170910563252278,-0.02251284258399094,-0.07808844626953877,0.4061011641699302,-0.2909209639564802,-0.01100658453976043,0.25127514916819094
ABAS_comscol,,-0.029161583949583517,-0.10370209012175677,0.5918625091728924,0.6999492277352592,0.48583790323745785,0.2401441510687753,0.4040684847335749,0.10112642318363838,0.05189299145832303,0.09978009980852197,0.35255082975211455,-0.2306621432835718,0.5421117334240544,-0.062386254145891225,0.338002334941858,0.32169600816041005,0.3495341753020937,0.0050850144978409,-0.015925986469411228,-0.34624045143927873,0.11084424233732403,-0.14499305733138984,0.06589389422846087,-0.010884161793885481,-0.05842167468982323,-0.06648133826059878,-0.027640044975602848,0.040625077716613577,-0.040508514984978906,0.014253772050904445,0.2308971477998868,0.18626728143486046,0.2654035942830187,0.16276264484769998,0.15848994290075877,-0.19458542616399985,0.8330449902877147,0.39929313953757495,1.0,0.5030893429903683,0.5755921302079012,0.10125264337754146,0.4185932710124039,0.230906216414982,0.32699155073474917,-0.12873371094719172,0.47944007907568786,-0.062276899799130495,0.5190285815402184,-0.7056503290095425,0.2655015425303106,-0.9214785982417301,0.018376279655115315,-0.12496404078053641,-0.027818910366390965,-0.03491907326386343,-0.02354774819617761,-0.03258399643467624,-0.2506175781253581,-0.28163044858720654,-0.025283064117690532,-0.021467213524542686,0.0014119661053724486,-0.1337342992221028,0.1406021590488196,0.26980211878985566,0.06898990073771785,-0.20472827990973408,-0.06419554382296706,0.09325319575921434,-0.2168037270394549,0.5420427152501102,-0.14494364784910208,0.36315031310855367,0.31513983707274645,0.34039094280901794,-0.3182904974451395,-0.3963409883624791,-0.4076315472896027,-0.01863280591501942,-0.1154567680562421,-0.02523640585195509,-0.09377722948793148,-0.10777499433116922,-0.07236788189823126,0.1753960904082798,0.017670069824177452,-0.01882487024911206,-0.16524270992182527,-0.01444974847936891,0.1299125423715553,-0.1775889549840082,0.11142775200147718,0.06466269131021714,-0.18178986083366783,0.12580595110602638,0.07920883263878832,0.10850344099989903,-0.1291884819003052,-0.4097553424014792,-0.40084826416646413,0.07491206029073261,-0.035401578896560544,-0.023081245087517896,0.10864839530809298,-0.1660505516487105,-0.03587676657365088,-0.3629400113476092,-0.40407423205985027,-0.4189715195333064,-0.048738886830414746,-0.09564485673756802,-0.16330770392548913,-0.023659536963098127,-0.09003666992889127,-0.2879681892538425,-0.13635702886841536,-0.1291294707119495,-0.06901387125777798,-0.038186899837922415,-0.01495779888617513,-0.1267114144230801,0.040271921314022144,-0.12456832206273494,0.7853665261466574,-0.09662748764192308,0.09645373876101614,0.20897125481841133
ABAS_comscol_suppongo,,0.34508013714575836,-0.5324954512617388,0.6265499037463736,0.46222058638271224,0.5638805822774094,0.26465333569211635,0.1057582001073213,0.060381671579260554,0.022814700652506452,0.06089943508096514,0.3279740788627837,-0.20761732111827988,0.280489084137845,-0.11997681495135024,0.18720245900081003,0.2786415945193283,0.1827725087142631,-0.05452914046951048,0.051154940554860286,-0.21734659304438994,-0.13598134598739056,-0.08792704245629501,-0.06895527444814245,-0.002240232028366703,-0.3194730755936185,-0.1209881450629293,0.3219996471582095,0.12069369770723695,-0.12031160340648273,0.07397867301879452,0.16341496871211905,0.16574710528355202,0.10816242814243147,0.16958881134188483,0.20026433866598833,-0.0252090221456607,0.41341632268790834,0.5463651290238427,0.5030893429903683,1.0,0.4907964258486737,0.6118585204806812,0.11878769305083302,0.3778060886556206,0.3537675962946528,-0.29868995007283017,0.3376109960891477,0.06622906721701702,0.4976984944793011,0.33333333333333326,0.3741567634860341,-0.5726371269248889,-0.05518644185658362,-0.09408277840069862,-0.05957732352436745,0.08103514810635025,-0.07142203009514246,-0.0008822649496985154,-0.03392727497731946,-0.009599432882257534,-0.06942572777632944,0.028917500247972714,-0.08954864976343054,-0.03509141939728984,0.12723255755973556,0.23524366621083365,0.06612022776715853,-0.11625251094127896,-0.007138458623034556,0.2753598876537764,-0.08615982089247366,0.15012602223871224,-0.09421923560501586,0.19692937331232044,0.13235684343645257,0.2608934037706846,0.10056824624806104,-0.10280930339531699,-0.06729557511417787,-0.14085931720673087,-0.1804491049348954,-0.18215564708158996,-0.008839985879607208,-0.02003846400398035,-0.16977509999964516,-0.014030457461230786,-0.14455874492312942,0.14321710929094125,-0.21907637726527737,-0.0983711288688431,-0.017806649855507284,-0.09542489753026617,-0.009593663985670523,-0.09241965666587323,-0.25889541342542255,0.001905286948865757,0.021814777386326718,0.0240475364725186,-0.1621318540202325,-0.18173705617944141,-0.23150542237927013,0.12621819044265772,0.2185108145183142,0.14292329486643104,0.11335365847618037,-0.10774316719586251,0.03812719555835354,0.06694492315021426,-0.14312317742540645,-0.0943318197262347,-0.15539892588150575,-0.1650784270364442,-0.2551125683607275,-0.30786270641780283,0.05950901062580814,-0.1408737903759046,-0.17385080698020142,0.13294207618224607,0.22198721901906693,-0.12409046874043479,0.07019202077871563,0.0112863871646809,0.09826964162085364,-0.2671557589911718,0.5126295466701376,-0.03579526169679839,-0.06313012679475746,0.26443675382135506
ABAS_vitascuola,,0.049787764704086294,-0.06937130289331865,0.3583341696130614,0.3322073552408568,0.2987413797325402,0.27334580017350935,0.2426400950674458,0.047227960337102214,0.06802413586666574,0.07184514479319218,0.30478511168274924,-0.34876504015903553,0.3989050988477756,0.014963892860985602,0.22245295179760174,0.22504491451899636,0.18084433370876885,-0.0034390277835473324,-0.0022027804858059693,-0.18193946035264,-0.053728853650178814,-0.24612038099818506,-0.05635290576374113,0.009527268628925185,-0.04919508268753421,-0.16059532551417602,-0.1565792638576966,-0.013323097156604348,0.01333176257538542,-0.014148645831874637,0.17156762321244431,0.11543690795282247,0.24853450535797844,0.11860250800743671,0.10186655633392318,-0.12265249579515354,0.5313113881766024,0.48813747491873477,0.5755921302079012,0.4907964258486737,1.0,-0.008556607045531149,0.5616630719230243,0.17142104201817965,0.6610149265272559,-0.09091985383944398,0.662696627872144,0.1528011986660386,0.7487911650843179,-0.8703882797784892,0.507787777694312,-0.9488474727161109,-0.23717157010563533,-0.3510997933401066,-0.28904567730010466,-0.277393682618249,-0.2431315429290621,-0.29143373820766116,-0.37759297728064495,-0.37051063143290275,-0.17671332582160243,-0.24818905106752345,-0.3453993216977218,-0.3319536819815117,0.12715624437706838,0.26248236805117064,0.04939972447607148,-0.149357875491306,-0.049604239231424874,0.3339973610588434,-0.36270160743310725,0.40665636540434164,-0.12669935531010681,0.12682686310833885,0.12423257177646735,0.15846111212967326,-0.1356394794984514,-0.22094308536733395,-0.21789817415609122,0.023569537341843926,-0.1102068665324621,0.061076612028072574,-0.1474382065450719,-0.07416856937620768,-0.019038445082525998,0.10641372943089039,-0.05140375373381128,0.05170051487840056,0.04354873553701639,0.16392476101493902,0.24085949149754596,0.00746937555017033,0.21276745051669138,0.19914910521318338,-0.14366170258622213,0.04347860852853871,0.1040897092964793,0.07896101050555217,-0.09555734683763444,-0.20887277902102155,-0.22545497137716614,0.0009561560629566076,0.0050031121785385265,-0.04598366785478808,0.06139347147051904,-0.15644566509185973,-0.05305419136670965,-0.17907272525058543,-0.22410917125668614,-0.22293388259783922,-0.08620863945744202,-0.045597091390381796,-0.04305586049273795,0.08238977820485463,-0.07488228232083957,-0.0759841606856229,-0.19238242975673267,0.023273160593205184,-0.1283998251834362,0.08917164133787574,-0.02283916342960788,-0.11323143303847537,0.03477484801346718,-0.032591452571728574,0.8325409423030631,-0.3495593253744792,0.12195664575333036,0.166952520544496
ABAS_vitascuola_suppongo,,-0.010073077595524742,-0.2973505167250262,0.2868002428243081,0.4940901796874404,0.7222474670460846,0.1542173151909975,0.2862824063825641,0.09471797217211163,-0.1836612213316276,-0.023314273734548023,-0.010323689346464736,0.02145664216056289,-0.14636285561244639,-0.2617060018509383,0.01646494895899452,0.1642292295889588,-0.03320903209244791,-0.10015542524604312,0.10052593651690432,-0.007156613274218001,-0.29888128883203086,-0.35389488916665046,-0.109489780290272,-0.09560008094143614,-0.17066631324814707,-0.3088949792884455,0.01209777215851753,0.26516916018849435,-0.26530268687964637,-0.04268167831845058,-0.07002473185092353,-0.06774719473143027,-0.04688072309384953,-0.08878589171590955,-0.07960918200132035,-0.11839666543863217,-0.13002373149669488,0.4422122688127449,0.10125264337754146,0.6118585204806812,-0.008556607045531149,1.0,-0.4816200342854829,0.7042958442294793,0.20233407860552716,-0.5055766216870128,-0.04988841699293975,-0.0880313055861913,0.22160368944494355,-0.8164965809277261,0.07112575307988273,-0.7745966692414834,-0.08180748138054447,-0.12136069755203323,0.016092879956570157,-0.013877466071367042,-0.260971782582216,-0.17034582986949515,-0.13865791493020777,-0.012763892816835262,-0.030518679016184012,-0.04964137816123345,-0.09883137950362975,-0.05880901014706251,0.2802242691589026,0.10208053503043922,0.4082031710397013,0.014734843704687247,0.34921207361369133,0.37509390483978405,0.16984155512168944,0.4216518677671201,0.0657683164502855,0.08782786991173898,0.051502620262460455,0.25458895299565887,0.11763039960560341,0.056353178095366885,0.08299443620750999,-0.1245354202296341,-0.06918634457201905,-0.11382207864489444,0.14322297480788662,0.12647672985366432,-0.08658469563775384,-0.12519222340970085,-0.09905398811002226,0.09857007079312932,-0.07275861615348764,-0.08804614392319504,-0.08565849810901806,-0.023132597278649674,-0.0678922554470324,-0.13144482909117516,-0.19472926734916235,0.030475080244898818,-0.2056484966863349,-0.09686439259944438,-0.16011990283900882,0.11879069186505459,0.011251937218401535,0.28614434621337165,0.018019835936982538,0.001379411510939328,0.4307750244486061,-0.01600593531542438,0.34310382338380996,0.07258414123434022,0.03033975073730819,0.052484043038797105,0.02781692005058595,-0.09191180388702201,-0.049697203167771715,-0.05930340335810218,0.1916768439351165,0.2604772562624468,0.11349071817863018,-0.1950361036856542,0.23720542243126744,-0.01407679110762503,0.24315671600215627,0.36117460713021876,0.053793945815889005,-0.0263515625014196,-0.07325448585443796,-0.08354930701502108,-0.07339304564192048,0.17506182962730885
ABAS_sal_sic,,0.22222198746603988,-0.2240808132654151,0.230336370135676,-0.01530156304372975,0.03279939739417924,0.08786230896464477,-0.034117028308957124,0.026236969991150685,0.21097523163509682,0.13949165918901033,0.17861866165656304,-0.30973443121515504,0.31728161579695224,0.1472082576710949,0.006077453040436364,0.01832336555914637,0.0005395670687025157,0.04580724372817771,-0.04934343355266558,-0.10923115252584069,0.084027384702403,-0.23084196757930237,0.12316684112598986,-0.11709573532267284,-0.021580860012458424,-0.0038029168969512354,0.018164732847518038,0.07611564826863869,-0.07616476731749436,-0.007549084633397938,0.15998584614366532,0.13861190896539863,0.16565083190705193,0.11393960974850822,0.10651213390120261,-0.15260187317698354,0.4747283323806787,0.06923698804290755,0.4185932710124039,0.11878769305083302,0.5616630719230243,-0.4816200342854829,1.0,-0.4945397386030296,0.5297990013234426,0.15443565815898228,0.6664004315467265,0.14987833825866995,0.5925535977253895,-0.9176629354822474,0.5268460596385455,-0.2932551423861003,-0.3996318640655926,-0.42791500059087056,-0.428000373311234,-0.3125283653592147,-0.288846179546447,-0.33706984324932543,-0.33477978902010963,-0.30932403653795953,-0.23210477079935354,-0.18368738720116998,-0.21339760463389595,-0.28775033371161446,-0.10833610627638594,-0.018186601665599156,-0.10054520249686233,-0.1474903817945038,-0.15051555518231888,-0.09810794664171511,-0.33993588425636784,0.11627645468312119,-0.20046754777715245,0.0443484625544036,0.0012414496559500342,0.0013094257577321341,-0.26246246184330496,-0.21817471645624656,-0.24161568530547817,-0.2773294047536415,-0.34752934364427895,-0.20646196860081323,-0.1695482971855607,-0.3524807338615712,-0.33395948388733376,0.189209661307524,-0.2188768404554308,0.21873071383034018,-0.005617577233188886,0.15679873395965513,0.17245600266606284,0.06656755590779918,0.17442062818946424,0.19797221369500687,0.0108974000932132,0.03217023712541971,0.24016001809669532,0.16124297776616164,-0.0313371401320425,-0.14844553059686816,-0.15288877322461425,0.07931275284560112,0.07090755900823473,0.00993793537929814,-0.12115640806661425,-0.11831388563351751,-0.1725674300329011,-0.3313095295232127,-0.28270460518727136,-0.31312831030814464,-0.2602830337921102,-0.05050889866089308,-0.1435440499137313,-0.029395159496951373,-0.254508456227653,-0.2454999068593935,-0.1904207296369319,0.015563999555795318,-0.2233836933416328,0.025219145685691027,0.0006505524125437757,-0.28684308962881183,-0.12608092322865042,-0.13996363696338224,0.7487005828919503,-0.368965224161112,0.08603959798206084,0.03093814642681936
ABAS_sal_sic_suppongo,,-0.23230584702073093,-0.2312279755224667,0.24876033358683175,0.6123526576144757,0.7362103770773486,0.20577606762266412,0.3679902599808653,0.17260090353146218,-0.2762754266410066,-0.025546930498085173,0.04231251149447686,-0.051768955218602475,0.030634484434854427,-0.2625232749646759,0.2734566571577426,0.23655364002938598,0.26554971696966995,-0.0941133639838614,0.09368283891630108,-0.04083401731342594,-0.02016245769464909,-0.04021261799925037,0.01373247208554666,-0.029561950624197655,0.0764725278272414,-0.05083726582980393,-0.1493043435351261,0.05767005698901628,-0.05816269104888398,-0.08318699046412512,-0.13386898235414008,-0.16233966023663335,-0.05173501289295852,-0.17244079627051023,-0.187393500753632,-0.17129901538157474,0.09082690913865776,0.4144566935412646,0.230906216414982,0.3778060886556206,0.17142104201817965,0.7042958442294793,-0.4945397386030296,1.0,0.16002025917390242,-0.31950250449321965,0.08680828036264888,0.08225563379040439,0.24674009253397458,0.0,0.2073860853007978,-0.14002800840280097,-0.10280973424438687,-0.2151585828493142,-0.1583368975366757,-0.07510993034522973,-0.21378296033675073,-0.16881428601422702,-0.21945861554362392,-0.07087532612416687,-0.07432376940537117,-0.11344470893488276,-0.1891471917718096,-0.13791819490996138,0.20194977787704682,0.26128322420326705,0.49438306059352755,-0.1735179318732246,0.20988699400074104,0.3959026723643439,-0.1022272974475894,0.29718747882419216,0.11604548198447522,0.0819756654943405,0.05514688209866979,0.2881212596365356,0.06677275488634936,0.07177216857101039,0.07683615842337121,0.07759164404527066,0.039097341367879214,0.10837951558113113,-0.07234256258501466,0.24776815472944608,0.10263645334722751,-0.1061336903584977,-0.005308934658223524,0.005598429099595867,0.03450727462783009,-0.004191696119003242,0.027338307831303445,-0.029228473062481934,0.022762188417851388,-0.013669540313190133,-0.1587600613591292,0.12013282311329869,-0.2766446296384515,-0.08694793938393132,-0.0812259668453443,0.04896397232222089,0.01896607978131172,0.04669254561669535,0.08425888107409038,0.005415604411118244,0.46465001225062663,-0.16366917295941882,0.23236209139766237,0.10110620524315705,0.11410773986666718,0.12652611518521756,0.08410600523026411,-0.09174039400351706,0.057028548761235864,0.15677942272336368,0.23660361636972316,0.21140640387582163,-0.007629989480837118,-0.11832563043430516,0.16983611145476243,0.12082601870084236,0.041335265821880116,0.26953226694143145,0.12825009264048065,0.05227067964109382,0.0935406996752256,-0.16905401043986573,0.002858243034128714,0.13646323332200566
ABAS_tempo_libero,,0.17023807546711733,-0.039866740812058946,0.20649178154035436,0.025932909902574325,0.04543375243063871,0.234586761053078,0.13108698061559124,0.059894371796968035,0.014551392448945448,0.04963555396138073,0.24006974834048395,-0.31136758311848944,0.32578291584587765,-0.14411725677864212,0.14643458340241314,0.13849264900827954,0.16937317293752538,0.10893086393222369,-0.11426943167807975,-0.15825571501589003,-0.0377439910092348,-0.2647623579172079,0.028541858791897894,-0.09287399024954261,-0.06167920612831677,-0.07597788989292283,-0.030673305577975027,-0.05676073080193116,0.05609726968723202,-0.13996222540152653,-0.0811661197890493,-0.07745321082223403,0.0031772525031307833,-0.08033840611641668,-0.12301992401912833,-0.1936771259258704,0.38800511865773735,0.3387814283497287,0.32699155073474917,0.3537675962946528,0.6610149265272559,0.20233407860552716,0.5297990013234426,0.16002025917390242,1.0,-0.2154277729784619,0.6354595320552388,0.12838078097866643,0.7539378116568968,-0.13245323570650538,0.6544754334235892,0.17407765595569785,-0.3167510510331,-0.3966282039710889,-0.38680043754554116,-0.4759015193068492,-0.27899189198705426,-0.4208122848061958,-0.609016169363771,-0.5276431383626858,-0.3330167389051782,-0.3689039571553338,-0.47023766948324447,-0.5081924925715116,0.18105057783463124,0.23922976239544194,-0.01933491761782083,-0.14445961278285863,-0.09391366327406096,0.2586854878851333,-0.30952647464481875,0.30984135772501264,-0.2466641074685958,0.09198832818137816,0.05894420827478743,0.1265254116715297,-0.14261636766534588,-0.20990187664412704,-0.2101058513413603,-0.07864346635321144,-0.2550880185940576,0.08095789734655524,-0.3114474186253878,-0.07386926472471846,-0.06008972363922375,0.08047127403441265,-0.11551013005783123,0.11639267718941208,0.12864822318507485,0.2579399696115167,0.3106312479647503,0.06557918590384319,0.3004187825764559,0.294354408691675,-0.1427680265003022,0.03455432362111055,0.0414577478518636,0.05009630736732672,0.0074825886393316225,-0.17485615911996055,-0.1682993410583509,-0.0661115625455461,-0.0401131740450782,-0.09678524053620291,-0.06439346321668989,-0.1477099827074507,-0.11805409519160544,-0.1540791068686997,-0.18664326115545093,-0.18605623487181583,-0.0990285117851982,-0.00015148456163639287,0.009263470152309043,-0.01995092356180477,-0.057471686095818375,-0.06286851046861117,-0.10330600936910263,0.11068081767623504,-0.041214106155717786,0.27244943489165185,-0.04020064587090215,-0.1423828504546336,0.007698483737413608,0.03314753060317158,0.7337472278977655,-0.5148640860898456,0.11934749377077504,0.1952824903123755
ABAS_tempo_libero_suppongo,,-0.11884928368254633,0.23297277907402333,-0.18176010364571576,-0.31298621848313535,-0.41930636118350995,-0.005515861602679205,-0.06928095759263489,-0.027601967094979894,0.38620978878288675,0.23208886761965009,0.26082227999365953,0.014153462926807454,0.10437633998779389,0.09921944240809208,0.06262899910525169,0.06172864558230379,0.18077312096144152,-0.08587878324295656,-0.1059732434283765,-0.10312821984816838,0.1180943732433325,0.3120370390843951,-0.026929741373881218,0.1679116263895639,-0.12946385461370777,0.11122069432101861,0.20738001739503453,-0.16919963446098546,0.16970601707096258,0.12829651895836705,0.2127369292883595,0.06375686223476576,0.3165571568323276,0.18222549562343987,0.1351807888721409,-0.1739248689626076,-0.08497446633560822,-0.050953346897912186,-0.12873371094719172,-0.29868995007283017,-0.09091985383944398,-0.5055766216870128,0.15443565815898228,-0.31950250449321965,-0.2154277729784619,1.0,-0.23584524024511996,0.6609388695616374,-0.03945428692221063,0.8660254037844385,-0.05638692956203727,1.0,0.21054857808004837,0.08193917543127704,-0.03173634705782313,-0.014402670932136437,0.3565690788631157,0.2155359273824533,-0.08753104973130128,-0.05869531442770529,-0.008266429149971187,0.08249026105110549,0.0705978118406131,-0.014456158645793919,-0.2938150575308107,0.119587366260436,-0.137943708823708,0.043141915184757955,-0.06647369757688991,-0.0265026059021872,0.06628090515377534,-0.15632231579795378,0.17324568508218377,-0.2777777777777777,-0.25775719110001505,-0.23440168236202713,-0.18893693901971229,-0.2598917497107753,-0.2567438990953222,0.11809437324333262,0.06449997312501683,0.14380105724149622,-0.2145290825802582,-0.09823228369204953,0.11108255514998484,0.3225092326956374,-0.1180962254170111,0.11797617469690419,-0.04237906920599481,-0.12885806209176062,0.012405902824609846,-0.2375990202252739,-0.02922829883446956,-0.033349441413643856,-0.03136032817316243,0.011662197170172015,0.3117878416915604,0.2755551715841041,-0.024973904104934525,-0.09823953613521368,-0.08130444363936053,-0.10637700162633965,0.26547550633010863,0.2849860764978868,-0.1450828196013813,0.11228014216548408,-0.0328994865911463,-0.12072908637578506,-0.19335706482767953,-0.18843808313851076,-0.13179689782611806,-0.15140029873966998,-0.03929305612425783,-0.21649442400860772,-0.16904531912694992,-0.2824934206885993,-0.28198913614498555,0.1653277087087961,-0.11013700762544963,-0.04174363944243931,-0.3076091268263672,-0.2315062972402372,-0.16279207478522498,-0.2853841940857628,-0.111888266556285,0.04711459773384121,0.2680492336017659,0.007093461751954815
ABAS_curadisè,,0.13431678174262426,-0.33210686030864717,0.38296902887648765,0.24438278292851276,0.35955540375605444,0.3207473396084681,0.2500031408516687,0.1575521072323026,0.20604017736602168,0.22759410138761338,0.2950577711023146,-0.4473103349059222,0.39987623056463606,0.07270518451608994,0.14540812646133766,0.1616614593595263,0.0954655293345037,0.11074302197069094,-0.11514512972213252,-0.12754051486595455,0.1180836343794047,-0.2085806365231922,0.18666682243463842,-0.17042868809403142,0.015932954658244822,0.06555117868420351,0.04472511197018472,-0.15321144186785754,0.15271393633903793,-0.11788047615906427,0.031528841532127,0.013568467518395896,0.06043597341831162,0.0006400822360525146,-0.009654329849105962,-0.08808499615985066,0.4407092533483366,0.38077941537931503,0.47944007907568786,0.3376109960891477,0.662696627872144,-0.04988841699293975,0.6664004315467265,0.08680828036264888,0.6354595320552388,-0.23584524024511996,1.0,-0.18959729261494565,0.6894812539349738,-0.7011695914588867,0.642873262314007,-0.5703518254720302,-0.42474907005272267,-0.509441646766943,-0.47548686839374277,-0.38873130207450074,-0.32104544299118437,-0.397130522246971,-0.37114369668650177,-0.3660250648049215,-0.2790366368171578,-0.3557226104885437,-0.31399284834642444,-0.37771288438621725,0.10881897556636308,0.23305765557492045,0.14979522155089495,-0.22543869252397766,-0.023720972735586297,0.08216128019835613,-0.4138503458448334,0.38888952286152284,-0.16070505581433142,0.12370190167378746,0.0787491921607311,0.2014225891642638,-0.13321851782957245,-0.21676499597743032,-0.2138100870314544,0.051290520089486785,-0.1266630026179573,0.1268469082190057,-0.21157009949114514,-0.14095757032875794,0.012300564253398516,0.22440759254357895,-0.12396593146061533,0.12421850712156689,0.03891692544258164,0.1251829306661885,0.22060875098088067,-0.05896015853124315,0.2192217664805415,0.20581028382722888,-0.12224213608483256,0.13753457389241033,0.21920794966257892,0.21514633566246183,0.039584806529226635,-0.15201474366529125,-0.14101022027433696,-0.17194409611346173,0.008122724923974384,-0.09061142594793446,0.1489571369871935,-0.22822547483120026,-0.045154576818901795,-0.17534277570289117,-0.20615909739077629,-0.2098953013519947,-0.20852056397589055,-0.07926733039082962,-0.09803523532758782,-0.0399932842699431,-0.16248194833979784,-0.23922442068451372,-0.2604451138237339,-0.013673185232188223,-0.12782996177658218,0.145787636801845,0.08917257826896023,-0.22543395164046268,-0.04376670908969657,-0.06965196878504885,0.8112371893306612,-0.45080210404325005,0.03880834362370201,0.17011213102488792
ABAS_curadisè_suppongo,,-0.11582098608529538,-0.014750610319128133,-0.2159903238502324,-0.3125252864821819,-0.34027826371874825,-0.031161200788570223,0.10070263712640051,-0.07450714160727237,0.04513021469038585,-0.035966545518523234,-0.0478132007066367,-0.041744588460060315,0.07013783150527855,-0.09901010270823718,0.03731036727779477,-0.06229259905418854,0.23086789229121576,0.07336514907344525,-0.07640845711273647,-0.15164579393528393,-0.09489724821657804,0.11425773622475742,-0.17918861825121657,0.2553618670403174,-0.07468685626458675,-0.11340893518962795,-0.047357825983033085,-0.02023265193626514,0.020095277658863542,-0.034969558862436606,0.037139761646957675,-0.08008473562090668,0.1765565131041881,-0.016847702586213896,-0.04573061427260131,-0.19399700552771873,0.17290710105244825,0.04859429775575577,-0.062276899799130495,0.06622906721701702,0.1528011986660386,-0.0880313055861913,0.14987833825866995,0.08225563379040439,0.12838078097866643,0.6609388695616374,-0.18959729261494565,1.0,0.10197010745972551,0.8660254037844385,0.1800063811958912,0.9271726499455306,0.15809664710502352,-0.02455589238407417,-0.0854635122451465,-0.13259543815164204,0.15081400702517261,0.0150614995778105,-0.25537881000799023,-0.1419407905504792,-0.20381506131621388,-0.2500888390810645,-0.17770631183083263,-0.21964503787215242,-0.21729234468111408,0.14930298408395398,-0.28374067319810486,-0.060251336254231486,-0.24213362317691753,0.10142146996722487,-0.26182333316452544,-0.1753474972860044,0.08130339319713192,-0.22235285214379638,-0.24944403890308506,-0.26988721258012943,-0.16731650598665143,-0.09734487319586647,-0.12720219820929668,-0.07435794908567976,-0.11425773622475759,-0.04957196605711984,-0.1445258747059848,0.007120944371586861,-0.06209040018483426,-0.06144089716313123,0.28935707072749434,0.14208658299745058,0.21919743091591468,0.2990349657495686,0.3279384529269854,0.14268188651671213,0.3242458906375273,0.32301611406605935,-0.038188672402859926,-0.07387394863020674,-0.005320799144495608,-0.03496876038315109,-0.01941944643771984,-0.13880860191226785,-0.13768915034657855,0.006618407571545624,0.09068117596746784,0.025219487599698574,-0.2833353128769847,-0.007852207929898325,-0.22061096849396278,-0.12929958575881054,-0.10146044280947801,-0.11044953222089915,0.30683893261725065,0.14331029352303312,0.1850816081370926,-0.00022027288819376263,0.03791210485740345,0.15494351909013723,-0.21877865471385555,0.05535816688648031,0.03941944045316046,0.26845982064150914,-0.4263257843730938,-0.1655906527412026,0.027110755745295943,0.145343911825207,0.09516003437327897,-0.1494520796959315,0.11572751247156889,0.17049328733980482
ABAS_autocontrollo,,0.2230200828245015,-0.16152619550189595,0.31751580291688,0.17355048479864763,0.25179346973358463,0.22474504510805102,0.19051152941824245,0.14138204128824253,0.056919541449899407,0.13021989757560645,0.36670581969527255,-0.44217729669079314,0.3978255484650234,-0.07050086660364187,0.15333683489910085,0.1740412252568261,0.14716983083564855,0.012887462205699902,-0.01727836974132985,-0.13664063781101524,0.05722769112448142,-0.2737453795613031,0.15253618868839203,-0.17569799710344228,0.028069734282264322,0.011912055907676517,-0.020117294654821753,-0.06889986241647932,0.06852093332862749,-0.08491721594822142,0.06153021377102533,0.04699346786509314,0.07666149967857491,0.04383082160129586,0.034357895939218085,-0.17870633750084916,0.42979010298231496,0.5077620884760674,0.5190285815402184,0.4976984944793011,0.7487911650843179,0.22160368944494355,0.5925535977253895,0.24674009253397458,0.7539378116568968,-0.03945428692221063,0.6894812539349738,0.10197010745972551,1.0,-0.7106690545187014,0.7114926597953161,-0.7336041484035751,-0.47223283063215865,-0.5277943412050515,-0.5196412970068739,-0.5040870605426359,-0.38622532061974557,-0.4977308274823053,-0.5765502219535578,-0.5988250094440106,-0.407396375420377,-0.38990044690694786,-0.46674893325800154,-0.5488061747413897,0.13190136461660895,0.24432332129733583,0.025847417781604338,-0.24296941851755005,-0.11786617086403767,0.21201911037584428,-0.35864840488006927,0.3154388489923841,-0.3034677313112712,0.0877401694041729,0.04550443494789097,0.17042806131432467,-0.19404492999251874,-0.24088397030005296,-0.24795707530213607,-0.09487488775952697,-0.19901801565807808,0.005779123351517327,-0.1921879870175433,-0.1139989947379491,-0.10296229862919047,0.13351969199788888,-0.10693422680895837,0.10718610312080765,0.03842381568333504,0.1419627931127163,0.2415482755023794,-0.04319106155435648,0.21056771265404262,0.18658678590945724,-0.17265938816807933,0.11733536991856743,0.07707728075270819,0.11754543804309744,-0.047576717235823525,-0.14726445247824618,-0.1457217968064162,-0.06388901423699224,0.023230713946786205,-0.03441308819608289,0.02189517367482965,-0.2408442943837901,-0.12544076763397943,-0.2456168028474267,-0.24936263158455205,-0.2596279155249188,-0.12365614842091863,-0.05619583906592236,-0.043503111342779746,0.031360652266870785,-0.0844384856660733,-0.2218190407334126,-0.13467481139032797,0.056774210184234404,-0.10236916770125723,0.13726910934335806,0.017061316932529904,-0.20739870310780945,-0.0849502215966314,-0.02865647094543852,0.8078493719499591,-0.5922924464150273,0.05736317669839847,0.19749857761271497
ABAS_autocontrollo_suppongo,,0.5953368204906886,0.5773502691896258,0.0,-0.33333333333333326,,0.7745966692414834,0.49374193110101877,-0.10862749168439238,-0.9303666181503862,-0.6044094246705163,0.6793662204867574,-0.3651483716701107,0.47059105250452654,-0.6671786152547191,0.9801960588196067,0.9801960588196067,0.9684959969581863,-0.3335943998403766,0.33100599699352956,-0.7636256342566202,,1.0,-1.0,1.0,-0.2581988897471601,,0.24390207285549317,-0.6375994325414149,-0.8780135275165306,-0.8569399148843382,-0.9258200997725514,-0.8372183582789213,-1.0,-0.9509329651839316,-0.875376219064817,-0.19245008972987546,-0.025245764589341343,-0.8703882797784892,-0.7056503290095425,0.33333333333333326,-0.8703882797784892,-0.8164965809277261,-0.9176629354822474,0.0,-0.13245323570650538,0.8660254037844385,-0.7011695914588867,0.8660254037844385,-0.7106690545187014,1.0,-0.9649012813540153,1.0,0.6970966755769258,0.7302967433402213,-0.5101127853361851,,1.0,1.0,,0.5773502691896258,0.8164965809277261,,,0.7302967433402214,0.5773502691896258,0.7745966692414834,-0.9122892974315044,-0.6313372876249622,-0.7188825181034526,0.0,,-0.7302967433402214,-0.4454140680005291,-0.8703882797784892,-0.7745966692414834,-0.5555555555555556,-0.39707056048699396,-0.539498977923214,-0.5869933217873108,,,,,-0.45291081365783825,,0.4350670407931513,-0.33425813777282437,0.33132348332615086,-0.6682183266859312,0.29277002188455997,0.22549380840084865,0.33333333333333326,0.05015698625755191,0.19158319302639068,0.5527619716070781,0.021425983766389513,-0.9576393222573458,-0.6764456607369392,-0.36141777987269824,-0.8427297333490759,-0.825732862542678,,,,-0.9471619393483178,-0.6525229796880287,-0.7524079489098725,-0.33702035298924216,-0.6273839480457717,-0.6169868847629378,-0.4333784183652961,-0.7368125276593593,-0.7659793593528119,-0.2581988897471611,-0.45291081365783825,-0.816496580927726,-0.8164965809277261,-0.08804509063256237,-0.3216337604513384,0.7137464271463297,-0.9839346980566548,-0.04176134918259043,0.04424518663425413,,-0.8478219133003186,0.9015037604471401,-0.5773502691896257,-0.5555555555555556
ABAS_soc,,0.12119317661513677,-0.33427189804324303,0.29565883508003016,0.02440908758329684,0.07894500333056492,0.1538412020407597,0.10286403292997388,-0.07414909721825308,0.06738473799613229,-0.012056870675108109,0.16323634499548476,-0.3424421687628297,0.1923264001196975,-0.1189112154578149,0.06261279204947709,0.0915672925093987,0.11760298640723924,0.08255823912552826,-0.08728492876226764,-0.13711354330443756,0.07909562648665693,-0.32088851656184647,0.2515620469658622,-0.2966373871968286,0.044643180744466354,0.110979831247299,0.07669249630156058,-0.08828951632555525,0.08797924910382897,-0.06780897416143979,0.0766065616840964,0.03691622379186135,0.05965841433738255,0.055073462421897916,0.0464999493014567,-0.18556863345896396,0.31253578287197314,0.37791245556219233,0.2655015425303106,0.3741567634860341,0.507787777694312,0.07112575307988273,0.5268460596385455,0.2073860853007978,0.6544754334235892,-0.05638692956203727,0.642873262314007,0.1800063811958912,0.7114926597953161,-0.9649012813540153,1.0,-0.05383819020581648,-0.6518372509201593,-0.6708698954576408,-0.693882987562734,-0.48074135482878155,-0.5211196135925474,-0.5622550850906689,-0.4644777432184025,-0.3463139222019848,-0.36025417820218,-0.32320255646464385,-0.3983238828449281,-0.4184311231205009,0.11460323854379444,0.20486456279972393,-0.0586980969050946,-0.27312733181466614,-0.1925204668991244,0.036854883232795614,-0.297307439382861,0.14314643241879993,-0.14606636754342756,0.06175562594623507,0.020683941288670904,0.1938814785998328,-0.2828359099810414,-0.1767509488313102,-0.21356133467706587,-0.05604079643745883,-0.2829335011891794,0.0785642129491558,-0.33322460985148555,-0.06702971118129578,-0.07498842435548908,0.08180645952136487,-0.09023796959250405,0.09053418440892126,0.04436747121444663,0.14930435667089148,0.20364574503382063,0.0011383069946442278,0.20166541471117064,0.17736169160145066,-0.17986813559588669,-0.09182667427229346,0.06654380773091226,-0.01744046902591203,0.012363570169461909,-0.10219541303090794,-0.09485557925626405,-0.07942234767518248,0.0224126765267976,-0.007420339253138282,-0.04881274563315966,-0.2796379208520838,-0.21883342152238017,-0.27432401704948034,-0.19622629463791302,-0.22292674167516446,-0.11414239128501591,-0.1429647306769455,-0.09408522713412695,-0.04059893942411079,-0.043638461213493886,-0.13825449971917964,-0.07129547254695785,0.1041125588654524,-0.013753437173615402,0.11761007035347511,0.06322231748435239,-0.16770492999739078,-0.1054379772214103,-0.08239140852371786,0.6897729895295233,-0.572657151106959,0.05962986041630902,0.19325573978783042
ABAS_soc_suppongo,,0.30508692791411807,0.5773502691896258,-0.577350269189626,-0.5222329678670934,-0.5222329678670934,0.577350269189626,0.3333333333333333,-0.49046043379457294,-0.9226220933261874,-0.6753816335059705,0.7745966692414834,-0.8164965809277261,0.6299407883487121,-0.8913745596776137,0.8268106308031118,0.676481425202546,0.936585811581694,-0.33375732408867315,0.3323596684031498,-0.49549900110256306,,0.9999999999999999,-0.9999999999999999,1.0,0.22645540682891924,,-0.2511351597169432,-0.334233154773978,0.33210276057086036,-0.5749320292362186,-0.727606875108999,-0.816496580927726,-0.5773502691896258,-0.7703288865196432,-0.7543047960083719,0.49999999999999933,-0.347524023428458,-0.7745966692414834,-0.9214785982417301,-0.5726371269248889,-0.9488474727161109,-0.7745966692414834,-0.2932551423861003,-0.14002800840280097,0.17407765595569785,1.0,-0.5703518254720302,0.9271726499455306,-0.7336041484035751,1.0,-0.05383819020581648,1.0,0.676481425202546,0.7777777777777776,-0.6831300510639732,-0.33333333333333326,1.0,0.8703882797784892,-0.33333333333333304,1.0,0.8164965809277261,-0.5222329678670932,,0.5773502691896251,-0.3333333333333333,0.4923659639173309,-0.41262591749457245,-0.18670905391899723,-0.4832743360506637,-6.852445276188309e-17,,-0.8192880303729141,-0.686318099002402,-0.9271726499455306,-0.9271726499455306,-0.8164965809277261,-0.2840236765946202,-0.2870081531277093,-0.304782725901296,0.33333333333333326,0.33333333333333326,0.33333333333333326,,0.2946187459145689,0.33333333333333326,0.3207185104102161,-0.1170411471961305,-0.2252099795198312,-0.21545793455338252,0.4042260417272217,0.3333333333333332,0.3333333333333335,0.24173888049848966,0.3299260888524298,0.36474843469635837,-0.4412536632158146,-0.9443653181936862,-0.7093091404782567,-0.358085294588359,-0.4173344346867266,-0.4728614504718655,,,,-0.5873756790090018,-0.13078871641557027,-0.49321973572940736,-0.03399352278230673,-0.049110114656727294,-0.05205873667546375,-0.06127066358618414,-0.6116076645403506,-0.02656982006795814,0.22645540682891913,-0.04897021068743916,-0.2581988897471612,-0.662266178532522,0.9999999999999999,-0.3026137663344012,0.6816212031674665,-0.9949366763261821,0.07013087130560569,0.2461985052374112,,-0.6951498554752378,0.7028634960055147,-0.662266178532522,-0.29277002188455997
BRIEF_ini,,-0.06212258310603353,0.23235390444826137,-0.004486215119348212,0.07934721301901208,-0.10027285344953696,0.0025810962120275107,-0.03141930133161045,-0.10380866924733367,-0.08402144721827035,-0.11997672359227915,-0.10851889820987107,0.3273162791526043,-0.005746806829816598,-0.10004955949053043,0.10419092990858271,0.12342134573811868,0.10144813220568695,0.058072664354794544,-0.06358103592001155,-0.1694500647332779,-0.15674961174466984,0.2774354418502398,-0.34322935482595573,0.3469871808827775,-0.20257709973959573,-0.20952261051448726,-0.005561076497448964,0.02554746328742275,-0.02536110292371848,0.03219341866096355,-0.03877356163700214,-0.04510494846063228,0.03308619387381306,-0.034808405327223374,-0.05937376852544773,-0.027134009531326386,0.007434734065817114,-0.33076681547051023,0.018376279655115315,-0.05518644185658362,-0.23717157010563533,-0.08180748138054447,-0.3996318640655926,-0.10280973424438687,-0.3167510510331,0.21054857808004837,-0.42474907005272267,0.15809664710502352,-0.47223283063215865,0.6970966755769258,-0.6518372509201593,0.676481425202546,1.0,0.7915316833047796,0.93127402762412,0.6185252950937791,0.761815352465535,0.7757577610843512,0.34014042122046984,0.3805825713576994,0.5358546226290184,0.3366605197668457,0.4331044967754344,0.467558583410667,-0.026214487412197368,-0.08888446619474738,-0.1917066747993378,0.028184095293611565,-0.11510889325473662,-0.09060150421775673,0.3223173212768782,0.016558414359078396,0.015200779908729097,0.07421492581688759,0.0743284488439411,-0.014287007674743422,0.014769465958411115,-0.053244028768482124,-0.04183908028797891,0.03208964805224842,0.12580796240109615,-0.04410296210030238,0.1472301571626274,0.10432940609859175,0.050429803733253835,-0.15673700188782685,0.05753945061137752,-0.05822447335706702,-0.0991220543237958,-0.06918773198777937,-0.10103631147078193,0.02096952218004886,-0.09980568607200498,-0.10071060234006657,-0.025271678311633797,-0.0695658742659222,-0.08628206773429196,-0.10574752534372746,-0.01940560989523081,-0.21484600216436148,-0.19144172249335564,0.03568188124518193,0.049154394618268704,0.032461872958154864,-0.1672475255256335,0.04166621534781299,-0.07488972567056162,0.04403886545448809,-0.047368562083190305,-0.028894761210654627,0.12023922966390506,0.10833913693594793,0.06878075180167728,-0.10493416133963922,0.09551077483203149,0.046125511234192944,-0.025249448795595632,-0.05948329379996147,0.16364474573011503,-0.039725221091021896,-0.1007154875962671,0.029868300642245972,0.17723215136883208,0.0335211733566243,-0.3269976543937307,0.7171862514085936,0.07399572292045227,-0.055744388829946916
BRIEF_autom,,-0.056139036648725486,0.35779359989376064,-0.024360935748677946,0.03780113317605182,-0.21027365481380705,-0.10241254646724031,-0.18643154940075407,-0.1509505461208476,-0.10482776626175899,-0.16443683764057268,-0.06130174609805087,0.2699572382417606,-0.04371407281482419,-0.01464236539697497,-0.05778361382043619,-0.032519826125585294,-0.05104808048829857,0.0011264495560913963,-0.0021061889058580936,-0.03047059241379835,-0.08633427735074863,0.30510358695789114,-0.24385189552688566,0.2688417715474242,-0.13452534467318514,-0.10364587446483109,0.049722837281853345,-0.004506751764265796,0.005123905645968835,0.11637463330475144,0.018521857686733374,0.03284638976830632,-0.0027188861115772117,0.03323040700992087,0.028504486739712485,0.07606163111051695,-0.10702013595637486,-0.2900597781683191,-0.12496404078053641,-0.09408277840069862,-0.3510997933401066,-0.12136069755203323,-0.42791500059087056,-0.2151585828493142,-0.3966282039710889,0.08193917543127704,-0.509441646766943,-0.02455589238407417,-0.5277943412050515,0.7302967433402213,-0.6708698954576408,0.7777777777777776,0.7915316833047796,1.0,0.9175838939117488,0.7264471110617335,0.6809395738754139,0.7885624498463322,0.5368712848193312,0.5035189267317649,0.6264989293930029,0.47446780961423646,0.546555973957171,0.6108744577393356,0.004669658565031762,-0.16497819215442158,-0.2179170524586586,0.06529795233504278,-0.1121540156091241,-0.06061307287503955,0.3360879447193656,-0.1314077693095187,-0.020990593155606044,0.03873799191657543,0.0675886332384978,-0.1223473765618004,0.1413933785620378,0.11706044486764117,0.13115172740960493,0.13939727857726367,0.1758085440336994,0.02865846541988332,0.13958701279157582,0.13903207656053748,0.12316952165863446,-0.14770194426393443,0.09012576451488831,-0.09086324197129679,-0.10737339578868546,-0.1001870752196327,-0.19863258804146144,0.0865109032791187,-0.1988099962026606,-0.1752955663132091,0.1377151002889056,-0.12126291609761983,-0.11920999130170647,-0.15928475783241788,-0.0034514325019722215,-0.03819192078576815,-0.02180333970998124,0.025585677543168706,0.1119122524377088,0.10680686904717564,-0.18849878810451015,0.07256248551192783,-0.07373011515445582,0.19261150977994113,0.153001621850111,0.16795952011082022,0.09981013207901884,0.047510465775050456,-0.018833593462797768,-0.10456762510531946,0.10399229374109964,0.01953255182635761,0.11659162400337165,0.018457934917682647,0.17150154330499157,-0.16206596349707436,-0.060124303147590076,0.07763148027274154,0.17942531839599712,-0.06581410412126903,-0.4448796100108575,0.8042749407705334,0.034428384018743506,-0.18858429573029406
BRI,,-0.08833414544750542,0.27533532664717464,0.0032860910128311273,0.1014526092111035,-0.11613674222310166,-0.08196032202769528,-0.13583333653525523,-0.14917731763787637,-0.0718263872782891,-0.14414965676635158,-0.10635961529708894,0.33363813714060037,-0.05673004107710854,-0.051855027102117805,-0.0333295811169694,0.01105272693441944,-0.04903687048865067,0.036829528203774595,-0.03998879244551985,-0.09705314875580005,-0.1353235901813865,0.26020285545482574,-0.2990116215693324,0.3036076888333754,-0.18209510751790664,-0.17576391481675704,0.016992482571703507,0.020042290063336608,-0.019460483558129217,0.10886804236684405,0.023863832162377092,0.031548879657980276,0.03593345293258873,0.03601916493015403,0.01918934450543097,0.025288008711463673,-0.04694994526282224,-0.30395438499292043,-0.027818910366390965,-0.05957732352436745,-0.28904567730010466,0.016092879956570157,-0.428000373311234,-0.1583368975366757,-0.38680043754554116,-0.03173634705782313,-0.47548686839374277,-0.0854635122451465,-0.5196412970068739,-0.5101127853361851,-0.693882987562734,-0.6831300510639732,0.93127402762412,0.9175838939117488,1.0,0.7190307545717874,0.7003911043032675,0.7956465369827224,0.4660603982508837,0.4612195265523587,0.615857024001797,0.4369592631988124,0.519269825192196,0.5711721160576168,-0.013082512556796124,-0.16774071304241445,-0.18564285489767238,0.058430587226456714,-0.09404717991170175,-0.08005685635919925,0.35804001703952193,-0.03093641645680024,0.023828977295001264,0.09646963046243766,0.10988243404896958,-0.030651710387435138,0.08380669210112322,0.03855810209784557,0.051587037821536466,0.08276111391456428,0.15868156440880762,-0.01772156492577395,0.15849566292054404,0.13012841855323729,0.08413601350432198,-0.16478438194163386,0.0805739633696674,-0.08129528263845748,-0.10484305223975922,-0.10655598124847847,-0.16889927361662072,0.03969715034024237,-0.16351451587092258,-0.15828136312664257,0.03739203971901752,-0.12002849991215474,-0.07641794949779968,-0.1369371965124951,-0.011974129353276403,-0.1256738475219095,-0.10885763612024599,0.032707163172212166,0.08124344963863657,0.06910755956907524,-0.1372031558919225,0.06817212947770826,-0.046697381713848025,0.12119597367405592,0.05895129734459658,0.07558796311506943,0.11328153781673915,0.09319923575590477,0.028408006128239325,-0.10668370501955106,0.11029266231777395,0.05125341783340584,0.0789281387609402,-0.03526761755623984,0.17898398145990693,-0.14030714161245303,0.016556482241380226,0.08068089356721353,0.18634252901791995,-0.013548745582625343,-0.39062533633681357,0.8020319816341452,0.08097216480296868,-0.11189707199727629
BRIEF_shift,,-0.0482012218573955,0.15333496047972023,0.28511722806902295,0.2519727483783865,0.043124364160312824,-0.04435167184017827,-0.17363666715929782,-0.14059261257846525,-0.007923164904700396,-0.10132144206377153,0.0102265968009898,0.2683109676091698,-0.10981750106567659,0.08979053796951034,0.008711359957566417,0.07875231102402618,-0.06276736871164873,-0.0915588693259071,0.0895900223212142,-0.07075560628787962,0.08513370011971519,0.2400608694587535,-0.04999161313305245,0.14950341076603804,-0.08736383178346646,-0.0007986354839037912,0.12270947552974745,0.11362642287177371,-0.1128145134411148,0.16697052796692682,0.18260118506382433,0.17703768966429165,0.11624791195290214,0.18399509381514745,0.19284783603051392,0.18238965979900063,-0.030355170908743685,-0.18729262665371238,-0.03491907326386343,0.08103514810635025,-0.277393682618249,-0.013877466071367042,-0.3125283653592147,-0.07510993034522973,-0.4759015193068492,-0.014402670932136437,-0.38873130207450074,-0.13259543815164204,-0.5040870605426359,,-0.48074135482878155,-0.33333333333333326,0.6185252950937791,0.7264471110617335,0.7190307545717874,1.0,0.590166675425945,0.8864939073252883,0.6934167909306462,0.7115091116088508,0.8605373434037998,0.7412333342924025,0.7768527294510644,0.861248414303839,-0.03231313333099736,-0.25683624735095356,-0.19853488125943036,0.013877600747138159,-0.12777740204626672,-0.19232113330289377,0.15719499098415068,-0.14470885977661035,0.08038392814119513,-0.02564765914659336,-0.018202698822853716,-0.09417550056841202,0.11848878131663072,0.018357471146752614,0.042263818133935586,-0.011217595917884468,-0.01633592783657896,-0.10779068164549802,0.052768577222394045,0.06575113188196845,-0.06265610353885524,-0.18940116925860323,0.04286435328051849,-0.04386828005152235,-0.14429429347291517,-0.1435407688037714,-0.2207457150978976,0.03549786213502863,-0.20225889390639673,-0.21127238356769135,-0.00953784018596345,-0.0561363027538966,-0.01848323083831722,-0.0693699852596628,-0.0627940622564297,-0.08430315359573534,-0.0695043356118397,0.11857536608470548,0.10442107804159972,0.10748295513922379,-0.14645933852160578,-0.015141037814449055,-0.1025626484435325,0.12446697314353912,0.024387868327741005,0.04649632179444863,0.037949346921719605,0.08956611422209063,-0.04714426245614393,-0.13328102437235467,0.09949021731613136,-0.1432567913821346,0.021137727193767497,-0.08854578549336012,0.18698720867007035,-0.2772145998987432,-0.02580358022422217,-0.025044863548713492,0.11733565718457321,-0.07529495351233043,-0.32830214741533276,0.9344086572650403,0.06004493086059319,-0.09097702820265216
BRIEF_regem,,0.07291636837399404,0.10418756109024979,0.04969292658192405,0.006888654342118892,-0.1033769478077105,0.016111221316555555,-0.05728589803106445,-0.054283223797393185,-0.03656853854156191,-0.058481011598547655,0.009762481653641037,0.18136832722908178,0.020488786954290402,-0.1416702044117298,0.0788704217706903,0.10896328571025214,0.13637852598289865,-0.057188714561383476,0.05366867326707772,-0.11175383491482413,0.06596223235936481,0.3415911360905617,-0.0561313075588284,0.13892257411207434,-0.038378718980987055,0.06384372721583031,0.14662862531661994,-0.0865609270252052,0.0866657174318416,0.015016451770701406,-0.057503173175954055,-0.04443347033095819,-0.09018490254713879,-0.02236127767268068,-0.04546680411636384,0.040684955369258737,-0.051246607200883636,-0.2308454255473392,-0.02354774819617761,-0.07142203009514246,-0.2431315429290621,-0.260971782582216,-0.288846179546447,-0.21378296033675073,-0.27899189198705426,0.3565690788631157,-0.32104544299118437,0.15081400702517261,-0.38622532061974557,1.0,-0.5211196135925474,1.0,0.761815352465535,0.6809395738754139,0.7003911043032675,0.590166675425945,1.0,0.8967407809748684,0.2983850635282474,0.25900417559920846,0.4728572524068064,0.29560996049186844,0.5015967382770161,0.41001171345936077,-0.027469937338120757,-0.09925279796871193,-0.15140450928493845,0.02702473706236856,-0.088167057009083,-0.06104921975232814,0.17786510745590833,-0.017173086855475403,-0.023619173904730825,0.012660100135247949,0.012658392842849525,-0.05191508144704738,0.012484004041487046,-0.10466595616912366,-0.08597438668950237,0.08417997790545015,0.06156258312321036,0.03901434620897889,0.019651326728229543,0.038937829527102806,0.08701505942684085,-0.03172714287004297,0.03672188597433318,-0.03732168787624432,-0.08647019803381172,-0.051501211948069524,-0.059223123327792095,-0.005768118061977279,-0.05833629566628854,-0.062331095067387605,0.03780306098535041,0.0014402866891070776,-0.03306473218947427,-0.031236789548200708,-0.07022126184241957,-0.1280294562046558,-0.0961819509718622,-0.10865994430886648,0.015239091189277564,-0.013871970894074624,-0.1689133671348335,0.051021549306867725,-0.06763653501725757,0.036301372438905376,-0.12166756073358881,-0.08934825096445087,0.0753077391586184,-0.00869102164771189,-0.006090440216999528,-0.12164532588188036,0.007270408792750463,-0.052006650827758266,-0.041198721648735045,-0.04409039859574679,0.0907934603319332,-0.010851128153896382,-0.16337227194185044,-0.029199045507022438,0.01945969288439252,-0.009817112721792292,-0.2934754211653189,0.6588187972496046,0.07484736110458284,-0.021966932833586552
ERI,,0.01537207552972719,0.14378023643935525,0.18478724381517908,0.14208149885176147,-0.03277700992064907,-0.015078751075474024,-0.12802533131070973,-0.10818923901217953,-0.025304906329933964,-0.0890667703081997,0.01120221114340408,0.2510513665815752,-0.04845822769372013,-0.03198283734910391,0.04998478209970188,0.10563109607427994,0.043763856452610043,-0.08297411832208809,0.07987706916789943,-0.10284682338496394,0.0844808563403666,0.3274055198046558,-0.05958060232126753,0.16159015093177975,-0.0698923331862669,0.03615792625278789,0.15131873727093736,0.012673212858057515,-0.012168052867314554,0.10014172690794751,0.06714170263797042,0.07158342318628307,0.012033035609896086,0.08756150640668747,0.07904410245361115,0.12290510034635746,-0.045972528065174795,-0.23628805283158147,-0.03258399643467624,-0.0008822649496985154,-0.29143373820766116,-0.17034582986949515,-0.33706984324932543,-0.16881428601422702,-0.4208122848061958,0.2155359273824533,-0.397130522246971,0.0150614995778105,-0.4977308274823053,1.0,-0.5622550850906689,0.8703882797784892,0.7757577610843512,0.7885624498463322,0.7956465369827224,0.8864939073252883,0.8967407809748684,1.0,0.5511716934452499,0.5385165599389646,0.7427969874881077,0.5757942776690431,0.7133943218815412,0.707163227460028,-0.03346023101211064,-0.1976915729952671,-0.19562422313430625,0.023098576796996336,-0.12058635735298391,-0.14042542643874767,0.18812889433579622,-0.089173956958252,0.03052821561396959,-0.006803317653399953,-0.0027229275068316717,-0.08138568085692878,0.07211214334867334,-0.04993170759541393,-0.02611195546671263,0.04210309799294007,0.026332725601172738,-0.03672811303846472,0.04019232839422672,0.05836461723952612,0.015529312911958337,-0.12196640884179766,0.04454776070666559,-0.04544193028179381,-0.12866835603229995,-0.10821076292636582,-0.15496120744885777,0.016153793948850505,-0.14429411872711004,-0.15152560156956058,0.016440324220582406,-0.029948650298888036,-0.029085583140459736,-0.055934194220860885,-0.07467545251590893,-0.11970169584544693,-0.09323493954217899,0.004891945417343608,0.06425331453204622,0.05113125504274622,-0.17711233955188765,0.02094556482838969,-0.09499522691145991,0.08904173035555668,-0.05637126796467825,-0.0257255997385686,0.06383898870602399,0.04452686979463689,-0.02980598743990398,-0.14279348928530167,0.05870854946503393,-0.10834480658833319,-0.012027621710033012,-0.07381426792215914,0.15455097934406833,-0.15819054481791334,-0.1077919790438896,-0.030466863810298422,0.07547851573555535,-0.04736105431395863,-0.34784911740449354,0.8898883208439975,0.07604406302976041,-0.062450383183622324
BRIEF_avvio,,-0.0692785395584013,0.015572130435390609,0.08125980568768823,0.07611970951668123,-0.03375735668383043,-0.1620476350230361,-0.23997416340732877,-0.12005543075097501,0.1347310497062919,-0.0047691002885542925,-0.09467860122775547,0.3202361738952441,-0.2082777822970428,0.1614231700620234,-0.1378266066641959,-0.10299414150395877,-0.21138324926492089,-0.07945000481514418,0.08370464288721001,0.12672809676756827,-0.05068266706340896,0.20973318282944897,-0.12596960838520374,0.13821786616415527,-0.05433373147109684,-0.00521653015890246,0.07189819586247499,-0.03669406083333687,0.03719357078668111,0.0932116482969452,0.08123196716829974,0.08518509180068715,0.01629304212820006,0.1449296767508146,0.18309091065540958,0.4760715631557894,-0.19825626685823408,-0.2066616470583734,-0.2506175781253581,-0.03392727497731946,-0.37759297728064495,-0.13865791493020777,-0.33477978902010963,-0.21945861554362392,-0.609016169363771,-0.08753104973130128,-0.37114369668650177,-0.25537881000799023,-0.5765502219535578,,-0.4644777432184025,-0.33333333333333304,0.34014042122046984,0.5368712848193312,0.4660603982508837,0.6934167909306462,0.2983850635282474,0.5511716934452499,1.0,0.8186664563287406,0.6430332412899799,0.6194683892868755,0.6033729191882298,0.8238392455177135,-0.06253719758062595,-0.2139011302073263,-0.14059364773907307,0.2109894737451243,0.0221543309681543,-0.22127671648761502,0.1657334316243181,-0.29970817981383163,0.09871575955020423,-0.0992743545543102,-0.09139149122609,-0.10795725543813145,0.29158654136667556,0.261153393495569,0.2872170216650373,0.11824945359375143,0.2203476812746083,-0.012534045075361584,0.2153455971338129,0.22174252413612905,0.11796815923743745,-0.2270839476932646,0.015238798100753684,-0.015933272618282236,-0.09947857742309334,-0.19592771502448172,-0.22389704152281745,-0.06895088413265049,-0.24370691542607015,-0.22238287523116793,0.1552955670339767,-0.08739472594358277,0.11801353463210003,0.014696018809805905,0.012611928282418486,0.14019995023344525,0.1366350691245908,-0.012507043608937335,0.0813686009749325,0.08954253173042333,-0.10076437780631113,0.14067613417623911,0.025131752515710638,0.23831701201556874,0.2612107268079463,0.2664499313242585,-0.0074722590615032185,0.04676579598907196,-0.030086759614220603,-0.07825175489202262,0.1985118849212165,-0.058120773234881885,0.1247012143578189,0.022179138316134626,0.2437366950903185,-0.21595757549271966,0.09204734651309691,0.008149252994461686,0.10209357246725087,-0.05740009996441812,-0.4616689734226575,0.7605523588448498,-0.0689986993652763,-0.20819842973520372
BRIEF_WM,,-0.12909064752159166,-0.04338882258762657,0.15874315961328045,0.0712429069258156,-0.06581165812431322,-0.1703632289987038,-0.2350959288763141,-0.20104542177519075,-0.010289377170385245,-0.14428696939007704,-0.12914376950316597,0.3610656247262436,-0.2053790202258703,0.16823345317153213,-0.06864504353130677,-0.0218644238178434,-0.12890313193592257,-0.08182403195315127,0.08220944817656839,0.0038286266646049543,-0.18035491389048658,0.10424166105338692,-0.23979853738385024,0.1797904991542434,-0.1962214614069374,-0.1414789874477724,0.07863059306979467,0.02851430425015026,-0.028048997222599282,0.09091632393925901,0.07416796441300993,0.05638280745573015,0.06441987899501621,0.053931986033051604,0.08193455107289865,0.15231247118456284,-0.15737362441897174,-0.2563131766044873,-0.28163044858720654,-0.009599432882257534,-0.37051063143290275,-0.012763892816835262,-0.30932403653795953,-0.07087532612416687,-0.5276431383626858,-0.05869531442770529,-0.3660250648049215,-0.1419407905504792,-0.5988250094440106,0.5773502691896258,-0.3463139222019848,1.0,0.3805825713576994,0.5035189267317649,0.4612195265523587,0.7115091116088508,0.25900417559920846,0.5385165599389646,0.8186664563287406,1.0,0.7392096349713819,0.7139753661440028,0.6765848216833725,0.9061702541076512,-0.15265331917766348,-0.26966070723986124,-0.228003238836193,0.04125185706565189,-0.13244118086533946,-0.277638318984332,0.16917362060461374,-0.3490922312212806,0.17036718410495064,-0.06566326905350751,-0.04582584505678247,-0.14563956604461345,0.15984219331712354,0.27992158671258643,0.2734603399191764,0.1291532791321484,0.16147758860392009,0.024054478024868917,0.13122263669977927,0.15455234526639863,0.09693817251889349,-0.19213133831976517,-0.0311407332069539,0.03102580695945906,-0.015672542075072068,-0.09870975190999699,-0.1775396587279369,0.041468764627823514,-0.17934241307058446,-0.14766399185591692,0.11982519772516573,-0.1617778459745887,-0.034336464867682756,-0.11945584362332687,-0.08994914724814294,0.028388348373270676,0.0071800760029984865,0.0781220418854672,0.06468451524773469,0.1206970278817507,-0.2036006828939372,0.01949721135735681,-0.12085605709883156,0.1889501114987258,0.26773621980296997,0.2591342287517519,-0.009588665460974253,0.11045477418903511,0.055383493365746765,-0.16205942604824278,0.13223752343536221,-0.06255003345513199,0.0568007574138736,-0.0398687237777011,0.23813289235127086,-0.16352933830633307,-0.012134099690929928,0.0034511063592363176,0.23330591488976446,-2.1871734442842935e-05,-0.4201235447059644,0.8059481902922223,-0.07714073254034379,-0.2021758435016273
BRIEF_pianific,,0.007666526759824047,0.24775456684196376,0.3126069348962115,0.23549546580854264,0.017669520951545694,-0.06689757951594592,-0.11365599050891839,-0.13089954690349395,-0.012570219831651306,-0.09733640873398339,0.04959686346261107,0.2690488370391083,-0.08085788452412447,0.11851453172913605,0.07500633310924733,0.12554005059899684,-0.005040753686959181,-0.11157029805651784,0.10944210457859913,-0.08042629837342953,-0.02768218362145353,0.0594728833282275,-0.1273616001753606,0.14194390523283557,-0.17581342246721626,-0.12270851140673499,0.06684819680942476,0.06649717055140769,-0.06593990285627908,0.1070512686917193,0.12909905154665935,0.13333316478845636,0.11930523440441959,0.09859348989641266,0.10762179872642644,0.14162631785700466,0.01654377691280967,-0.22051901584107214,-0.025283064117690532,-0.06942572777632944,-0.17671332582160243,-0.030518679016184012,-0.23210477079935354,-0.07432376940537117,-0.3330167389051782,-0.008266429149971187,-0.2790366368171578,-0.20381506131621388,-0.407396375420377,0.8164965809277261,-0.36025417820218,0.8164965809277261,0.5358546226290184,0.6264989293930029,0.615857024001797,0.8605373434037998,0.4728572524068064,0.7427969874881077,0.6430332412899799,0.7392096349713819,1.0,0.7845135213889063,0.7672132456941732,0.9093539971994031,-0.01486227192857714,-0.23553047477693587,-0.25684598703818706,-0.05662405582099766,-0.20691415912288005,-0.1797371610266603,0.11259767050073922,-0.13957740883560024,-0.004225958575648063,-0.0018265577484418826,0.03639153309811913,-0.0807258147995365,0.048410769410652935,0.022841143717061224,0.03028108858826829,0.13089242839225146,0.04565407552610775,0.08061187746821341,-0.032395573146417514,0.12272716950130948,0.08767272182038269,-0.16182052066676647,0.037294329354536096,-0.03834311812402285,-0.15056667031556262,-0.1414241353933269,-0.19070216149668745,-0.02087646103207255,-0.18047058749608355,-0.17854397525982083,0.005261443482476692,-0.05543622269524601,-0.003152958206893765,-0.047949248361727065,-0.08012801633880792,-0.09908192842333095,-0.08903090135637642,0.12797333514746942,0.10349704147845527,0.13522639118278124,-0.20586431314822565,-0.08039465819179471,-0.18332088351585143,0.07424260717689966,0.06172646774341982,0.06435067539773186,0.026979845114638603,0.023022737825060476,-0.04851896047078154,-0.14919089542969582,0.10055669603961205,-0.1740202823420432,0.06084555202477541,-0.1270441591915209,0.19897251313697217,-0.22593577790825825,-0.06465461583180662,-0.1112309796104061,0.15475558513268894,-0.09053126174339313,-0.22424357710475112,0.9000922852419502,0.016198518069267292,-0.11171085069484342
BRIEF_monitoraggiodelcompito,,-0.12428599057330789,0.14440120110618737,0.419880878830868,0.29862660096436205,0.08421931667495455,-0.13215519001706547,-0.13502185982428538,-0.10163793826042015,-0.015951037489000723,-0.07915440388984729,-0.019145743881952726,0.23086107585125293,-0.1518035311043745,0.12433694390952188,0.0032308014135350453,0.03128875607528486,-0.0874549329748107,-0.09041152824823225,0.08872567643798936,-0.06484727412178923,0.07687515512706775,0.0674340533452742,-0.027196931246226613,0.09941544062528346,-0.16833661322171212,-0.06220026025803774,0.1365119965580047,0.11232427993694821,-0.11175087729378817,0.11567922711226267,0.12149047239773937,0.1407422761783382,0.10355239134843823,0.10633848739858275,0.12571361081964014,0.10817758629795392,0.02075589555777875,-0.18849761428563697,-0.021467213524542686,0.028917500247972714,-0.24818905106752345,-0.04964137816123345,-0.18368738720116998,-0.11344470893488276,-0.3689039571553338,0.08249026105110549,-0.3557226104885437,-0.2500888390810645,-0.38990044690694786,,-0.32320255646464385,-0.5222329678670932,0.3366605197668457,0.47446780961423646,0.4369592631988124,0.7412333342924025,0.29560996049186844,0.5757942776690431,0.6194683892868755,0.7139753661440028,0.7845135213889063,1.0,0.8230654435261712,0.8914171030058209,-0.047936174076176355,-0.23840140492702963,-0.21588720712824344,-0.014157094720543661,-0.15528700367465673,-0.26144959618555724,0.010557209227878185,-0.28221098558753693,0.12157326503447388,-0.07364132365685994,-0.04727742349391305,-0.12168142968602455,0.17027597365331337,0.225541086068675,0.22968052641746742,0.047946366756299146,-0.018834845084031628,0.02385342267433011,-0.05089187389255597,0.16157155402594878,0.022168454594211035,-0.24880455006048235,0.05330260291206662,-0.05374087329170167,-0.06380414867251634,-0.1543492573354876,-0.1846161101033721,-0.05010433997644489,-0.1693270389602711,-0.17088616151557728,0.007009703045180453,-0.05207784324367005,-0.019689811290096317,-0.043946310521611416,-0.06522359286111944,-0.08213919332140758,-0.08245588213832562,0.14741843953960038,0.03979610870046978,0.08217636652133353,-0.1642054520324838,-0.04498118760483266,-0.13051224683327295,0.17580614757535076,0.19926091558244396,0.20257966627719357,0.032897002162220794,0.09454535508422932,-0.008371126713571977,-0.19718930807111185,0.17118774417472715,-0.16162059399470974,0.10431829694191361,-0.10849519988228037,0.29958701471388205,-0.22678505664410822,-0.02779647055070103,-0.07061487686095622,0.2762805908301089,-0.013104169353497732,-0.24182972705377742,0.8011192733566319,-0.018465957983732732,-0.09450097813596993
BRIEF_organiz,,-0.0499146390558417,0.13903287965746383,0.3740385809546401,0.3012273733728196,0.1261232372467103,-0.08262626576328656,-0.12214329751569908,-0.05236529030811354,0.020138393893744732,-0.024398049683436132,-0.08036830695790102,0.24507998621007518,-0.08140945843667298,0.09143365929964245,-0.033724658034848976,0.018355185908061702,-0.0694232390559336,-0.055775520151776205,0.05446594733456131,-0.045802788581788774,0.22605006512849896,0.21440603549413845,0.11446967059027353,0.04204480286916798,-0.059528844291450715,0.09865167305352132,0.20588500928978348,0.055249384322399765,-0.054343880140401424,0.17928938447293247,0.11000573290772298,0.1782981090128751,-0.008312813341360822,0.13818305512387064,0.1527337137344382,0.07431653275548569,0.024475763221658568,-0.2524357435562348,0.0014119661053724486,-0.08954864976343054,-0.3453993216977218,-0.09883137950362975,-0.21339760463389595,-0.1891471917718096,-0.47023766948324447,0.0705978118406131,-0.31399284834642444,-0.17770631183083263,-0.46674893325800154,,-0.3983238828449281,,0.4331044967754344,0.546555973957171,0.519269825192196,0.7768527294510644,0.5015967382770161,0.7133943218815412,0.6033729191882298,0.6765848216833725,0.7672132456941732,0.8230654435261712,1.0,0.8640172311544235,-0.06775990344838095,-0.2290461179252738,-0.19480813968613847,-0.07683632083769938,-0.17589095399105828,-0.31588993242036995,0.14234324796253878,-0.19092738844825752,0.11866699457525876,-0.11650662905872326,-0.09428269524725345,-0.1792752284427212,0.10066828245652551,0.09712193667884297,0.10506421978154713,0.10077464995956592,0.06549476215048956,0.03198874710639316,0.02714964616075342,0.09105634699220709,0.06340891400073856,-0.12953261658944587,0.09244465902401271,-0.09311467052928753,-0.09779851778844682,-0.1941482650825283,-0.1966375129114037,-0.11357524802254486,-0.1858243232024231,-0.19532283865541236,0.041078416836152064,0.018520093686435708,-0.00566855706608514,-0.004870195570794061,-0.044705692832196144,-0.022099695144671336,-0.023515285090623287,0.09070340036552228,0.016360431319213834,0.09221599419373222,-0.17425806366219027,-0.08702752046262455,-0.1629539332335503,0.13137875757539344,0.10344409329375201,0.11329875858663337,0.10288023047815192,0.06139014300950639,-0.013217194871329585,-0.18831358362193343,0.07528920340653443,-0.13789848356015727,0.03291485028618262,-0.11186212771569931,0.20177818969493444,-0.26117009077220554,-0.09279069200781177,-0.13187043785606056,0.13042314195102458,-0.02559860157616044,-0.2828924337028459,0.8413153815838579,0.01562899524765894,-0.07985586466284975
CRI,,-0.08148490231251711,0.11737427876540465,0.3040932528480588,0.21719377681284313,0.01980347287043215,-0.13771560419715168,-0.19006273214652,-0.14648151824066066,0.01576405929574504,-0.09168806212160914,-0.055659424503958235,0.326195598088577,-0.16356656958212012,0.15187563618599437,-0.025535119122759492,0.0231914917635149,-0.10410254722138373,-0.09820926302384332,0.0978208259057089,-0.023054663324124394,-0.013480174649604621,0.13256270948724622,-0.11342584858241221,0.14448319675517837,-0.1629985384411112,-0.07416235916740502,0.11803906726287854,0.055132722789483585,-0.05447778913776534,0.1278860706920943,0.11727081548950255,0.129690374134189,0.07714065048244573,0.11228446573954894,0.13534409122310556,0.20020214670710967,-0.06440561617796903,-0.2545683355524872,-0.1337342992221028,-0.03509141939728984,-0.3319536819815117,-0.05880901014706251,-0.28775033371161446,-0.13791819490996138,-0.5081924925715116,-0.014456158645793919,-0.37771288438621725,-0.21964503787215242,-0.5488061747413897,0.7302967433402214,-0.4184311231205009,0.5773502691896251,0.467558583410667,0.6108744577393356,0.5711721160576168,0.861248414303839,0.41001171345936077,0.707163227460028,0.8238392455177135,0.9061702541076512,0.9093539971994031,0.8914171030058209,0.8640172311544235,1.0,-0.08001860005755863,-0.27156741891281705,-0.2430870146284337,0.01449256002692373,-0.15773924629342745,-0.27825521670356596,0.13485328825795956,-0.28361814967956706,0.11004553080375512,-0.07128460750926842,-0.043685959364617014,-0.13953822380240405,0.162239184070859,0.19532788695451506,0.20224069855490148,0.12208480518262087,0.10296426479449006,0.03888015355637799,0.05729386340631672,0.16732201507028135,0.08836601788388812,-0.2128426078007751,0.031616211160707765,-0.03227897080281094,-0.095336240777103,-0.1682061588198677,-0.2167560673738673,-0.035663904483969354,-0.21247440291015324,-0.20126344001505955,0.0699748610135943,-0.0851433364291871,0.0037585290259716663,-0.05598981957176539,-0.06862749682082493,-0.019012937481629938,-0.0230791128906879,0.10582743797387831,0.07414128680652016,0.1223629591427113,-0.19988819039932249,-0.0188074448701257,-0.13948529087012007,0.17552839758632444,0.19857720092907644,0.20013593434154225,0.028217339175648927,0.07789942356046681,-0.007576608690460495,-0.1772403949625781,0.15006322269126032,-0.13664026015730552,0.08300349260929316,-0.08711965101239026,0.2656397906689167,-0.24169931628164923,-0.028548983058901804,-0.06758402586088601,0.21070528451074072,-0.04369906857709871,-0.3623526052583452,0.9347271371712552,-0.029197663764296004,-0.15891159935277815
CBT_F_SPAN_POST,,-0.09682435460269717,0.042365927286816395,0.23795424396766346,0.2735552728602479,0.07633724386726333,0.49905429741462776,0.36378410116240295,0.004424131859585154,-0.18353987567109922,-0.10236780744525026,0.12904127750918312,-0.016517963409838177,0.18869973805296084,-0.2748559715198048,0.3224903099319421,0.32910127751509716,0.3112606677104715,-0.002067142549451976,-0.009295769640991972,-0.34944820605767457,-1.896308840867622e-16,-0.0677460026436572,0.031458993912520945,-0.05206695592055184,0.04809439951592235,0.009663083778924627,-0.05230209808263599,0.03402499696337412,-0.034694498093536565,-0.1216606612332455,0.05510151663619708,0.10866107359888662,-0.02228124549277311,0.09043336117374695,0.07719181166680075,-0.04007319917971604,0.1626528312201995,0.12241595156699209,0.1406021590488196,0.12723255755973556,0.12715624437706838,0.2802242691589026,-0.10833610627638594,0.20194977787704682,0.18105057783463124,-0.2938150575308107,0.10881897556636308,-0.21729234468111408,0.13190136461660895,0.5773502691896258,0.11460323854379444,-0.3333333333333333,-0.026214487412197368,0.004669658565031762,-0.013082512556796124,-0.03231313333099736,-0.027469937338120757,-0.03346023101211064,-0.06253719758062595,-0.15265331917766348,-0.01486227192857714,-0.047936174076176355,-0.06775990344838095,-0.08001860005755863,1.0,0.33772838261660065,0.035955741549295546,-0.25970469899006415,-0.12066686063420398,0.031237402922669914,-0.029235724965814794,0.3813706304157707,-0.2985473981337105,0.1696981683885551,0.1344611537627737,0.35492597965523776,-0.16627363184518085,-0.27402469501779125,-0.26964447175646755,-0.027497781003497864,-0.031303346426339744,0.013384089743711502,-0.0439086107921318,-0.004072020051555054,0.003658956691896574,0.10095228438634037,0.14867181020345355,-0.14943080454386448,-0.11173413811013687,0.05999814739304562,0.046500590043854144,0.027799708257339784,0.08149616507165378,0.05501793477537308,-0.07405545474139305,-0.023194314273907644,-0.18194484477725742,-0.11820059847711036,-0.1173099116209332,-0.29015471338310217,-0.2686572465531144,0.002778087400757523,-0.127832905880661,-0.13656776031014525,0.05221932649186773,-0.3066670565380307,-0.13261074794491262,-0.13811552191730486,-0.23015568630784347,-0.2181946404273689,0.1306628974642045,-0.002259280550879014,-0.04499593722173593,0.06392569318674327,-0.006052762627439728,-0.07810765431194973,0.3081749748229123,-0.021120568916876935,-0.04954452963033673,-0.04313379823714332,0.033826827795828025,-0.007257624060929752,0.0859733649592807,0.08668564674367323,0.13548621485871176,-0.06069747914731963,0.09452777980603896,0.12687766434787898
CBT_T_SPAN_POST,,-0.11177887829252131,-0.15251572327044033,0.21602468994692875,0.2567617704553115,0.16525932545644498,0.42915345889238776,0.5088282634079917,0.05043312886838958,0.0840557087061852,0.08314353545663558,0.25324393207863527,-0.31170285113887847,0.35367784226105686,-0.052197287441668634,0.27711879429953634,0.1750731180634156,0.3671556474860538,0.12608341936297723,-0.13568192382674896,-0.2872447042969266,-0.08246501442488534,-0.15304739791027486,-0.07424343738911433,0.01847422444802737,-0.10169773739192947,-0.11752514991694187,-0.106264070072422,-0.11362497691609015,0.11330750867964631,-0.08319594361381104,-0.0572023241166974,0.01613095764392764,-0.043000051445472386,0.010604905981998824,-0.042962637538991495,-0.14549575623009028,0.29739247599107693,0.2246162042812621,0.26980211878985566,0.23524366621083365,0.26248236805117064,0.10208053503043922,-0.018186601665599156,0.26128322420326705,0.23922976239544194,0.119587366260436,0.23305765557492045,0.14930298408395398,0.24432332129733583,0.7745966692414834,0.20486456279972393,0.4923659639173309,-0.08888446619474738,-0.16497819215442158,-0.16774071304241445,-0.25683624735095356,-0.09925279796871193,-0.1976915729952671,-0.2139011302073263,-0.26966070723986124,-0.23553047477693587,-0.23840140492702963,-0.2290461179252738,-0.27156741891281705,0.33772838261660065,1.0,0.13189730567362676,-0.09312199308748421,0.03737406053818632,0.07582874057933287,-0.19719647042193245,0.5138922390586441,-0.05119636791790451,0.23632070108647632,0.21161118423079425,0.34436078419429933,-0.1583777952016487,-0.3378145893670176,-0.32193252632295194,0.14774067656347015,-0.047959892871452,0.2088150621834051,-0.22304363132316782,-0.0336001065779507,0.157553413076117,0.28048384230631046,0.016850700224614882,-0.017222939373387133,-0.05333055586766745,0.11535301351200367,0.16534269460682632,0.008491938328362019,0.09996616294846362,0.11909305246482121,0.15822636291236358,0.02484803203659107,0.06392347513200994,0.06887151078628768,0.005390143955082202,-0.291239124482969,-0.2699951287232799,-0.12598572401325675,-0.015593042680609601,-0.06444433047787905,0.12456612180792857,-0.11830760776858729,0.0219627037037401,-0.1677321218359067,-0.2941503115828769,-0.2742446700270969,0.018204416256982103,-0.1752026926836973,-0.10349717150344438,-0.040406866425794066,-0.10261555981922385,-0.1423061651415474,-0.1820192631520125,0.5066370533639963,-0.06970017964797813,0.1038227397347097,-0.02501173692898261,-0.04215049052074272,0.03497942382169249,-0.06414121640228589,0.27678107892467113,-0.25841332867852457,0.205920985817322,0.0020023570884275103
TOL_TP_POST,,-0.25898852337993783,-0.1998961469481243,-0.05815900205740703,0.1828424798878542,0.3535465530905517,0.012182524276940344,0.2002361888677742,0.3423995774466854,0.0641849880321182,0.273549986726774,-0.03827927423279937,-0.09503950871792105,0.027601068547236797,0.20854894355220213,0.14534400820847423,0.0263582131226816,0.023749004465568505,-0.0755882506045877,0.08281722813466937,0.21621343300161286,0.08483723081839756,-0.018791626186318352,0.11799136681493105,-0.08281064623351882,0.19412464041618058,0.08035007104506058,-0.11015202247234006,-0.0968391499278565,0.09670897376762444,-0.035113812522191805,-0.05042774038347301,-0.16272837452684596,0.06557583216946967,-0.09092192169258248,-0.12688999312724314,-0.12893983588931507,-0.06219277610116531,0.030690259655773794,0.06898990073771785,0.06612022776715853,0.04939972447607148,0.4082031710397013,-0.10054520249686233,0.49438306059352755,-0.01933491761782083,-0.137943708823708,0.14979522155089495,-0.28374067319810486,0.025847417781604338,-0.9122892974315044,-0.0586980969050946,-0.41262591749457245,-0.1917066747993378,-0.2179170524586586,-0.18564285489767238,-0.19853488125943036,-0.15140450928493845,-0.19562422313430625,-0.14059364773907307,-0.228003238836193,-0.25684598703818706,-0.21588720712824344,-0.19480813968613847,-0.2430870146284337,0.035955741549295546,0.13189730567362676,1.0,0.2874002137461165,0.8443239778703783,0.17743442943021767,-0.13304069609437863,0.28317880790868605,0.28608534301688177,0.054981662163225774,0.09742531510478487,0.20899028828643879,0.21625722821996424,0.031923507867421375,0.07569839001016215,0.06994993729199744,0.10580653314341992,0.055612856720368586,0.06706358828366431,-0.038320221550291966,0.06428226996721834,0.1588299173822589,0.008464714700023435,-0.008566430051945625,-0.01467379889670126,-0.12124167296105326,-0.04538165131238285,-0.1452025134087439,-0.10888069260790095,-0.0857164032556654,0.12529273193030924,0.3056150358714437,0.033633744297001285,0.21731686675400652,0.03716022946379727,0.1921391953730046,0.17854499684901132,-0.14063987999725114,0.031320100189183735,-0.032258462654919114,0.9351276469705924,0.2759434133477288,0.8128371713336318,0.22928673301732208,0.08298761174782057,0.12521581393491435,-0.019138883212487853,-0.02089172821317182,-0.02096982443691817,0.21766839467325116,-0.06930461792185794,0.16430677634774637,0.017405517735623557,-0.06649874760587414,-0.21491338965650816,0.08147145126267466,0.16150539293000482,0.4905332295792768,-0.07565376080409353,-0.004884049633140433,0.011714019656853836,-0.2449095714903803,0.08955807562320213,-0.13315878700710054
TOL_TE_POST,,0.053362120145412834,0.15529426898194348,-0.36143487473307606,-0.29104450852410607,-0.22329595749825104,-0.24993806433436722,-0.22180823301859245,0.2294134569181799,0.1911502510012751,0.26837823200707406,-0.07743678870469607,0.18260374793310133,-0.26089600644767735,0.10884409247260413,-0.25778103656492674,-0.2306248177955664,-0.31436610151825134,0.15139085741943561,-0.13786755113051424,0.43160262954756196,-0.07452498458144934,0.04799991886848597,-0.06729965262657484,0.03070371851972862,0.13298507824586137,-0.003429409544816399,-0.14376725750375283,-0.006803389905513698,0.007604135853907544,0.15362565091630145,-0.0028706020545588174,-0.08189498650275723,0.04728433222839329,0.042631361797138514,0.02458072231716347,0.408160678414646,-0.24459825995033344,0.01582245057678227,-0.20472827990973408,-0.11625251094127896,-0.149357875491306,0.014734843704687247,-0.1474903817945038,-0.1735179318732246,-0.14445961278285863,0.043141915184757955,-0.22543869252397766,-0.060251336254231486,-0.24296941851755005,-0.6313372876249622,-0.27312733181466614,-0.18670905391899723,0.028184095293611565,0.06529795233504278,0.058430587226456714,0.013877600747138159,0.02702473706236856,0.023098576796996336,0.2109894737451243,0.04125185706565189,-0.05662405582099766,-0.014157094720543661,-0.07683632083769938,0.01449256002692373,-0.25970469899006415,-0.09312199308748421,0.2874002137461165,1.0,0.7558636862711373,0.1911834480239423,-0.019891087782830448,-0.18853409117906217,0.18654836010004708,-0.175394532702691,-0.12470285860208055,-0.14534516596448432,0.44190501457741227,0.2515542076517458,0.31259702309382975,0.0977181364714918,0.19754098205801043,0.04314713256600322,0.16360563340405196,0.1412850383005566,0.11563372505583945,-0.11085057059586387,-0.08639443818511972,0.08638442785895857,0.0008399477719681819,-0.125277055852343,-0.11888861197421319,-0.06537412141480042,-0.16296513436172042,-0.11624083807353451,0.28811454815351034,0.23792160187028802,0.18643232202520094,0.2598573016398147,0.27096661385362186,0.3516202876792759,0.3522304626335481,0.042069590169404494,-0.05475073859092024,0.09574497916078341,0.23919951676750023,0.9721335835803048,0.7598100994321003,0.3940634507364539,0.3106148409896714,0.34407035323428764,-0.09464632267255779,-0.018985666700499313,0.015785745712430167,0.20618655626674953,0.10968622862420008,0.20556772912020851,0.05206639289122167,0.12750773400781948,-0.03717746489111034,-0.025820109954373317,0.1520285292122869,0.4086524610226808,-0.058454498990731116,-0.03051342922739273,-0.246725438477145,0.029132700706933832,0.08879328503095094,-0.2351862377634738
TOL16-T_tot_POST,,-0.14674048613891869,-0.0501773558667078,-0.2422459889094471,-0.03790636420503625,0.11218026954195887,-0.13141713884218845,0.012153047231715631,0.3637547429411983,0.15162834401909214,0.3385394104487978,-0.06923707588922358,0.037006086730115004,-0.12770202424870108,0.20297024754001292,-0.04465131243679369,-0.11060553418074695,-0.15987657754967044,0.032961698216527925,-0.020453041557590777,0.3893004450705573,0.016368451056365155,0.013892838012093825,0.043154193506939637,-0.03958918204406476,0.20750740723378416,0.05309712778465186,-0.15628380516523788,-0.07012585319347392,0.07048559556839765,0.062072491272727445,-0.035920416053312615,-0.1569730484941415,0.07140211509474187,-0.042744954091160414,-0.07693913041841172,0.14064230740666742,-0.17617960131995097,0.030882799764948097,-0.06419554382296706,-0.007138458623034556,-0.049604239231424874,0.34921207361369133,-0.15051555518231888,0.20988699400074104,-0.09391366327406096,-0.06647369757688991,-0.023720972735586297,-0.24213362317691753,-0.11786617086403767,-0.7188825181034526,-0.1925204668991244,-0.4832743360506637,-0.11510889325473662,-0.1121540156091241,-0.09404717991170175,-0.12777740204626672,-0.088167057009083,-0.12058635735298391,0.0221543309681543,-0.13244118086533946,-0.20691415912288005,-0.15528700367465673,-0.17589095399105828,-0.15773924629342745,-0.12066686063420398,0.03737406053818632,0.8443239778703783,0.7558636862711373,1.0,0.22866362252079442,-0.10232065995997827,0.08757249915390518,0.2999212236132895,-0.06174159424877196,-0.003973050257558217,0.0607253008244051,0.3951115582412686,0.162983089097966,0.22700494498258267,0.10245810956678592,0.18423432187110492,0.060914939521420804,0.14004809883961805,0.05248617438133051,0.10782432915967392,0.04651807143466769,-0.0426436116825198,0.04256281786312935,-0.010362896083493185,-0.15381765355886698,-0.09844997326532505,-0.13617893962736888,-0.16694822314227972,-0.12493091869708917,0.24678773379998503,0.3429335750448322,0.12805232062994648,0.2950073057718958,0.1767283982165677,0.3259062549073415,0.31927074608011136,-0.07207438848707916,-0.008775611847240374,0.03209268663768881,0.773153410063395,0.7325204268292861,0.9807653339369333,0.37737670743294705,0.2309852928125194,0.27850966664923177,-0.06543682383375832,-0.024720454785478557,-0.005468474713906319,0.2646810952163953,0.013921060777143225,0.22743717051446594,0.040975150707276205,0.025809311577106576,-0.16814106411828827,0.0405538653497712,0.1949472183096248,0.5630346661033873,-0.0841994856239673,-0.020256412746871774,-0.12665937993146256,-0.1508234173479982,0.1068480388942844,-0.22352213578646685
TOL16_ACC_POST,,0.04545475207161,0.1621530459394131,-0.17121828253624605,-0.08671965211320572,-0.03886792996612488,0.11083639210130364,0.05294331420013662,0.13339461665971203,0.06895153826030213,0.1318143356310019,0.16181947819572093,-0.09414531818525242,-0.009134881267764326,-0.07422871715847995,0.010596985930309829,-0.0047332762311374545,-0.011640665507148021,0.034056111622471234,-0.03128649390255905,0.08804305216405695,-0.139647720125853,-0.1836254204798119,-0.05821699089276341,-0.05666307508538943,-0.025723629397877583,-0.07660919519125063,0.00387695660244447,-0.11177318394245232,0.11169902745061575,-0.02811345440606903,-0.04132111839522295,0.009324971807742563,-0.06577660319186189,-0.04279432064688678,-0.03410320688516672,0.0010530264805808994,0.0809590219281957,0.3837497578949025,0.09325319575921434,0.2753598876537764,0.3339973610588434,0.37509390483978405,-0.09810794664171511,0.3959026723643439,0.2586854878851333,-0.0265026059021872,0.08216128019835613,0.10142146996722487,0.21201911037584428,0.0,0.036854883232795614,-6.852445276188309e-17,-0.09060150421775673,-0.06061307287503955,-0.08005685635919925,-0.19232113330289377,-0.06104921975232814,-0.14042542643874767,-0.22127671648761502,-0.277638318984332,-0.1797371610266603,-0.26144959618555724,-0.31588993242036995,-0.27825521670356596,0.031237402922669914,0.07582874057933287,0.17743442943021767,0.1911834480239423,0.22866362252079442,1.0,-0.13774632823335622,0.030170951097900075,0.03335153876193828,0.012098487882687439,0.013192834318189888,-0.033415107970327804,0.06286939631421538,-0.00953770639215426,0.006057524278724856,0.154547319939417,0.10954840616248089,0.13374807018860824,0.006840563572123777,0.051904781978174566,0.12783215590267094,0.07488760744742316,-0.028681605982079358,0.029020587047551116,0.04891490124396992,0.06874272829076876,0.05045478907905212,0.08137033623090789,0.07067260182239918,0.032783600715150046,-0.12563995004357092,0.02129259708935812,0.08345399234779995,0.10616881310330707,0.010860523509717133,0.08791727193214904,0.0716580587435269,-0.12682070690201885,-0.10012788660947017,-0.077386961420274,0.17301196342299546,0.21388723805650828,0.26435868349620234,0.11538617419144966,0.03682504324970075,0.055616233003101034,-0.015368764755046182,0.0165794944484935,0.07151228057532791,0.03553875982662106,0.004998516564259619,0.6283906380976512,-0.0949367441738362,0.024036601170125908,-0.019606466508624194,0.028623449307970644,-0.018861525360077357,0.12832364963394796,-0.02534712478921451,0.10290892490530966,0.14733665858950817,-0.22589002523139906,-0.05381548901812647,0.1544654788713135
TOL_VIO_REG_POST,,0.0013012857191955593,0.11501272696448485,-0.23698869204801887,-0.16307655461398485,-0.11097350404225272,-0.08066704956516976,-0.16012239268080491,-0.2188776756027538,-0.25975422411219806,-0.3005017979333296,-0.3660581850986895,0.45279880497050323,-0.24284395787911156,-0.1635215681775554,-0.09334224236026917,-0.04604169482731215,-0.05258463687443511,-0.06129393847685144,0.06503621656868404,0.11274311822260386,-0.025832955700032044,0.2830642732251175,-0.09281488975164237,0.12912144658429303,0.0001692292864616341,0.04266928940500049,0.0740027122434725,0.186793203303983,-0.18621345871059633,0.1405271297310772,-0.02773400766374763,0.0037818872169371426,-0.09460931017255576,-0.018408962073984302,0.022991828841807387,0.04795996758346663,-0.2286333455629963,-0.36134914798161266,-0.2168037270394549,-0.08615982089247366,-0.36270160743310725,0.16984155512168944,-0.33993588425636784,-0.1022272974475894,-0.30952647464481875,0.06628090515377534,-0.4138503458448334,-0.26182333316452544,-0.35864840488006927,,-0.297307439382861,,0.3223173212768782,0.3360879447193656,0.35804001703952193,0.15719499098415068,0.17786510745590833,0.18812889433579622,0.1657334316243181,0.16917362060461374,0.11259767050073922,0.010557209227878185,0.14234324796253878,0.13485328825795956,-0.029235724965814794,-0.19719647042193245,-0.13304069609437863,-0.019891087782830448,-0.10232065995997827,-0.13774632823335622,1.0,-0.165819849906455,-0.051999440359604125,-0.03089422440643795,-0.06919348910786705,0.051554330136660054,-0.04222316275047801,-0.06318639501823713,-0.06304970186267117,0.06537351607862273,0.27689941318551486,-0.056759066812934286,0.31692814884151965,0.0204083071341514,0.09063253396837895,0.034251266780224866,-0.07597798365139863,0.07437123542378579,-0.22630410069916126,-0.22751175365713092,-0.2860465516952283,-0.06028600238467005,-0.24597466445939453,-0.25848811524009363,0.09130394908586226,-0.22758013992939177,-0.29942324718880453,-0.3303496046623718,-0.03922100752773769,0.1663204471143149,0.14517563620259974,0.2257821982728802,0.08551888133677842,0.16350479210102004,-0.11222136471697737,-0.025429302314018486,-0.06967468358247035,0.022550932955433707,-0.038432475844662146,-0.022800940143531193,-0.055915546690195085,-0.1415453394116037,-0.0655217397041044,-0.041389267843263515,-0.014730203776960143,0.18442955020199217,0.06353006849869573,-0.04003410274125912,0.014379356331836618,-0.20162908123060014,0.09171049058006144,0.2320939717308799,-0.17809970843083245,-0.16376568063942995,-0.3836968491836496,0.2189511627664281,-0.16422406659660133,-0.10778110143236316
Raven_ACC_POST,,-0.1781533150987171,-0.1147596432729272,0.35939825633142236,0.4958241229020732,0.33402086006341036,0.42165567150148897,0.4903797638896024,0.06182628440983405,-0.005673792312345217,0.03947804566462405,0.3309182451742915,-0.31843455105994867,0.640019099500615,-0.09166403590031515,0.3249511674068351,0.2530614196834543,0.3734052124558271,-0.008552470677212336,-0.0021754901602702662,-0.33549039697740707,0.017685475645091975,-0.1357904298280931,-0.008851127254657346,0.0010682670488405574,-0.06010671029803524,-0.0734985563716879,-0.07909729133061619,-0.07870107690254476,0.07786211207677383,-0.1782730014555959,-0.035381641060756516,0.0008314635260847309,0.01875432163729978,-0.03071781257701248,-0.06935445039105542,-0.20970249311857406,0.4199570072255788,0.36356094912076553,0.5420427152501102,0.15012602223871224,0.40665636540434164,0.4216518677671201,0.11627645468312119,0.29718747882419216,0.30984135772501264,-0.15632231579795378,0.38888952286152284,-0.1753474972860044,0.3154388489923841,-0.7302967433402214,0.14314643241879993,-0.8192880303729141,0.016558414359078396,-0.1314077693095187,-0.03093641645680024,-0.14470885977661035,-0.017173086855475403,-0.089173956958252,-0.29970817981383163,-0.3490922312212806,-0.13957740883560024,-0.28221098558753693,-0.19092738844825752,-0.28361814967956706,0.3813706304157707,0.5138922390586441,0.28317880790868605,-0.18853409117906217,0.08757249915390518,0.030170951097900075,-0.165819849906455,1.0,0.07174990467441093,0.3679586841871281,0.343921888166517,0.42315720861052264,-0.23243142965290517,-0.42493287583367045,-0.41242484041068467,-0.038229921027769474,-0.1738619548733006,0.02234194226977529,-0.19910943028858363,-0.09123262931148797,-0.03405414128817909,0.22565735237378462,0.02757916714225595,-0.028428247290521888,-0.12136307417993081,0.04096582340763413,0.17574662446043646,-0.14514086828162998,0.12476339219056559,0.1035470720358697,-0.093990606781754,0.0749583099902872,-0.0341381470740559,0.010971252975574353,-0.12847848866969502,-0.370252934191627,-0.357330480994364,-0.1473613992635787,-0.11864888394430374,-0.20758447170062436,0.2697998662144796,-0.19235966304211102,0.05497882480255202,-0.2647745787204251,-0.40261162642133924,-0.3875973205241371,0.028766126833496736,-0.14358447196625226,-0.11737695596081373,-0.01994115490880256,-0.08762465641669408,-0.23805088313519662,-0.13642854033479912,0.031116613162844847,-0.0694958413122765,0.12168890699108406,0.03828169230972186,0.036457041563694656,0.023239284371913724,0.01463882205626337,0.4527345568071977,-0.20351051345423515,0.12946368873333086,0.1367245910765277
RAVEN_T_POST,,-0.45094676177405174,-0.12308454668737175,0.035331135621280936,0.12735939954492698,0.10559726620321529,-0.18685183148140663,-0.015360419722087952,0.03718216808405465,0.28743802114397526,0.19080741115029487,-0.1497337117004431,-0.005204460182052892,-0.06134571596104228,0.2209220920204305,-0.06480744423954322,-0.09157289540122873,-0.12570221261408432,-0.07292818360176212,0.08025231641166326,0.2141736005459228,-0.06797092064180449,0.0060986655991078515,-0.12666843157894245,0.11565814150910235,-0.06956564865286803,-0.10841177680787159,-0.0021340418773876596,-0.014979612145080444,0.015028493120707333,0.0004287061226945704,-0.019677529216457015,-0.04611487519930618,0.07622092349948423,-0.035088835225290944,-0.03819039481528881,-0.06843024400195787,-0.131171704328784,-0.09797828073014271,-0.14494364784910208,-0.09421923560501586,-0.12669935531010681,0.0657683164502855,-0.20046754777715245,0.11604548198447522,-0.2466641074685958,0.17324568508218377,-0.16070505581433142,0.08130339319713192,-0.3034677313112712,-0.4454140680005291,-0.14606636754342756,-0.686318099002402,0.015200779908729097,-0.020990593155606044,0.023828977295001264,0.08038392814119513,-0.023619173904730825,0.03052821561396959,0.09871575955020423,0.17036718410495064,-0.004225958575648063,0.12157326503447388,0.11866699457525876,0.11004553080375512,-0.2985473981337105,-0.05119636791790451,0.28608534301688177,0.18654836010004708,0.2999212236132895,0.03335153876193828,-0.051999440359604125,0.07174990467441093,1.0,-0.024442649694958404,0.01806992239879257,-0.024821694101565425,0.3063263307761429,0.1784203911131292,0.22011834419201762,0.05580945617640033,-0.0011955176973534897,0.01829210864268919,-0.014134124432597421,0.03952328717013559,0.017367756582918274,-0.09423102999761161,0.25744249771844463,-0.2580988365407846,-0.0999965912015389,-0.2935387367456957,-0.27659973578311475,-0.14992847162939169,-0.30640777613644987,-0.30836324762491457,-0.0003685216132489243,0.05341705800083255,0.23536790551744288,0.17009510246518025,0.014989061428726287,0.1772744822828564,0.14161266318778054,-0.1049747755624104,-0.08371483118912026,-0.11665168193484199,0.2779422428518479,0.19574984832377065,0.29063524756691894,0.3123918953267478,0.20382964123241573,0.24491869939952318,0.19196919327355252,-0.17747744181029054,-0.10465732384596864,-0.00029159695801974056,0.03687880207019288,0.14324530359727192,-0.05044124830224864,-0.03664375192473475,0.03519912780210871,-0.16039491351562882,0.08987883523845897,0.09413983360729167,0.0762178792048292,-0.022192784760560025,-0.22461221067700568,0.08073393402035303,-0.0058145616941662065,-0.17484507042575792
WM_span_POST,,-0.24938433853788963,-0.19257375703541288,0.25404152345619385,0.3594999375993989,0.15370417992438024,0.16031796311463575,0.19766713332801833,-0.09726102761377718,-0.08973428790295242,-0.1187748693426745,0.21092360466423443,-0.22886589287537695,0.2727552816479309,-0.16008085429844016,0.154940106339793,0.09375445573581365,0.19705467035950577,0.008142359697977546,-0.01742218686900729,-0.28241928177041276,-0.14377816360249726,-0.21097738661911045,-0.039207911944449246,-0.10132582076020234,-0.05259511277660176,-0.05686268175681156,-0.02570917192082059,0.06999283009376815,-0.07050524043140692,-0.08384804987103017,0.0574021973292817,-0.023049481456081333,0.07697211904419377,0.044541914125035297,0.020329550849292922,-0.08819918792037004,0.3475814356427156,0.18065603047168474,0.36315031310855367,0.19692937331232044,0.12682686310833885,0.08782786991173898,0.0443484625544036,0.0819756654943405,0.09198832818137816,-0.2777777777777777,0.12370190167378746,-0.22235285214379638,0.0877401694041729,-0.8703882797784892,0.06175562594623507,-0.9271726499455306,0.07421492581688759,0.03873799191657543,0.09646963046243766,-0.02564765914659336,0.012660100135247949,-0.006803317653399953,-0.0992743545543102,-0.06566326905350751,-0.0018265577484418826,-0.07364132365685994,-0.11650662905872326,-0.07128460750926842,0.1696981683885551,0.23632070108647632,0.054981662163225774,-0.175394532702691,-0.06174159424877196,0.012098487882687439,-0.03089422440643795,0.3679586841871281,-0.024442649694958404,1.0,0.9225443110544188,0.7182507050414041,-0.2179845300027701,-0.28962194113100725,-0.2944948478821684,-0.05050910137338007,-0.19886400018856704,0.0014975311088281083,-0.21835050045159585,-0.18114447456519164,-0.06956331370111155,0.23199992957467214,-0.06478138421479807,0.06376701222929668,-0.1424299579208776,-0.0362101993613694,0.005853262469906243,-0.07024498045521049,-0.0006098041371731808,-0.018849046253086782,-0.10691189498406549,-0.05891829227094727,-0.07739615692296173,-0.09512129454671102,-0.12250156777926897,-0.3158931489191285,-0.2856295014126746,-0.0054578283352511164,-0.05189248670833904,-0.13367161313839815,0.09809823871896695,-0.16238307131811056,-0.04563039574051686,-0.2726995185868722,-0.3695187867939324,-0.3601594522683599,-0.15764742135657356,-0.21836411193212055,-0.20781758022002253,-0.024721333821203673,-0.1731751358139577,-0.1571225299410158,-0.03072991541009665,0.042192203770112055,-0.14741112246334526,0.020084002467827225,0.4526045759485205,0.045387784983823676,-0.02851698425787912,-0.08110642985873923,0.24227434890656388,-0.021730305177734752,0.11282294016461451,0.05393838084046305
WM_trial_POST,,-0.2550819926901486,-0.12421095671672013,0.2276147523977323,0.34298239886441534,0.1299750291692194,0.13711034646044507,0.17667412872475666,-0.10574489288006153,-0.12477269701546134,-0.1447654846875805,0.16126373675236116,-0.2011639235643998,0.2795133801606424,-0.0808927938028732,0.14629696069758238,0.11658702428358862,0.15309167725309542,-0.01995298083079819,0.011162969760292216,-0.26883653173618083,-0.10115962869776617,-0.15779104110153216,-0.002405733029149384,-0.10984769604577785,-0.030862101229597292,-0.015346897152124285,0.00845490342232602,0.0315110547261843,-0.03180163036895566,-0.04478410235236222,0.06801691767555654,-0.02471733833211886,0.07771480314280493,0.05659944875240474,0.029148526872178334,-0.08370953661351871,0.2842666059012799,0.11660591138021079,0.31513983707274645,0.13235684343645257,0.12423257177646735,0.051502620262460455,0.0012414496559500342,0.05514688209866979,0.05894420827478743,-0.25775719110001505,0.0787491921607311,-0.24944403890308506,0.04550443494789097,-0.7745966692414834,0.020683941288670904,-0.9271726499455306,0.0743284488439411,0.0675886332384978,0.10988243404896958,-0.018202698822853716,0.012658392842849525,-0.0027229275068316717,-0.09139149122609,-0.04582584505678247,0.03639153309811913,-0.04727742349391305,-0.09428269524725345,-0.043685959364617014,0.1344611537627737,0.21161118423079425,0.09742531510478487,-0.12470285860208055,-0.003973050257558217,0.013192834318189888,-0.06919348910786705,0.343921888166517,0.01806992239879257,0.9225443110544188,1.0,0.6118597633830161,-0.14901568638267534,-0.19502880724921534,-0.19881106197365592,-0.03122139794727504,-0.0937245442274005,-0.004892023539802465,-0.10153017545343594,-0.09722404821188829,-0.04485936114663523,0.15449314096521283,-0.03522518617082533,0.03404899923033373,-0.16619524837628158,-0.1004450856991836,-0.07533886384165184,-0.08366677776836384,-0.06735927952995091,-0.09412022363987343,-0.11690115289582699,-0.06832175071580894,-0.10865388726278159,-0.12234157972909554,-0.12294777571704742,-0.2772658156398704,-0.2455286572487385,-0.009131431020613645,-0.009248935823068133,-0.06621218179453683,0.13858115605208002,-0.10489304048955905,0.009910286940510287,-0.18433744758067502,-0.2543064812765086,-0.24480112310126056,-0.11948586601589332,-0.26106670508315244,-0.21724224355719732,-0.03209394936077708,-0.08983542916920718,-0.11714901611314564,-0.035416720235472335,0.03810618201318421,-0.06326716423796917,-0.03524254585695213,0.39867504637899154,0.11590328655871827,0.03610577331338531,-0.12863567464347095,0.18792932874001528,-0.0006415438772843606,0.130944130193732,0.039950021969500434
WM_acc_POST,,-0.2677774814606136,-0.30464101901545765,0.3121755541132609,0.39875672202928564,0.3069801214942461,0.256246276315801,0.28541742752259214,-0.06862686468948516,-0.060362570034796253,-0.08211043506878593,0.12886385153346228,-0.24780110423889729,0.17132942468004705,-0.2793576908260564,0.30949608263641576,0.27037298899826456,0.35528241599801574,-0.028431954378779267,0.01790432335374673,-0.32804629657828627,-0.05738195878297917,-0.22963880555805494,0.006395223603528136,-0.08539741096573797,-0.0014032099719895935,-0.06014977881258798,-0.13394717640769807,0.1052965857884201,-0.10615980099032057,-0.15316129549332883,0.04486502623337244,-0.03756490714039752,0.12837975461787884,-0.018874404839352394,-0.021666617572853646,-0.08263852433509615,0.32199638640635825,0.1871167341660379,0.34039094280901794,0.2608934037706846,0.15846111212967326,0.25458895299565887,0.0013094257577321341,0.2881212596365356,0.1265254116715297,-0.23440168236202713,0.2014225891642638,-0.26988721258012943,0.17042806131432467,-0.5555555555555556,0.1938814785998328,-0.8164965809277261,-0.014287007674743422,-0.1223473765618004,-0.030651710387435138,-0.09417550056841202,-0.05191508144704738,-0.08138568085692878,-0.10795725543813145,-0.14563956604461345,-0.0807258147995365,-0.12168142968602455,-0.1792752284427212,-0.13953822380240405,0.35492597965523776,0.34436078419429933,0.20899028828643879,-0.14534516596448432,0.0607253008244051,-0.033415107970327804,0.051554330136660054,0.42315720861052264,-0.024821694101565425,0.7182507050414041,0.6118597633830161,1.0,-0.24435835899275712,-0.4373337709403744,-0.42561770135074467,0.037732217234879614,-0.12016811412916406,0.11313547467699818,-0.21900024734247503,-0.10836364514055982,0.04473302200160319,0.24849842448589757,-0.0525020671856384,0.05115867267579937,-0.18950040987335282,-0.0030556665117375927,0.13712336780644205,-0.17013150423969975,0.05579302556004684,0.06609870057148236,0.006568014658126938,-0.046051418120049925,-0.07352899691744973,-0.08423114536020791,-0.14734508107034164,-0.3547548772431229,-0.33315087631693585,0.021991060443423357,-0.11807738639763683,-0.19622597340260128,0.26729284178018997,-0.15019958234858236,0.08248991812482295,-0.29365154375247454,-0.4708903649233267,-0.4480198514927275,-0.1294166158224074,-0.22209639123721228,-0.16219843924654204,0.056568947509911656,-0.13930572466757096,-0.12684191370789774,0.022521768285723595,0.06410369883442495,-0.17096581582682857,0.12149180452028446,0.5583219088148321,0.14325312565057338,-0.05940048187460818,0.012421434143173652,0.2667936103878554,-0.11392054273715269,0.0010821127161982315,0.0022172740283922473
PLANNING_TP_POST,,-0.09560402612035579,0.05683439593005085,-0.09715099316268397,-0.11670741221578584,0.026298042880561572,-0.2755633219117227,-0.13924410179970767,0.28364177852623057,0.14243798554483905,0.27788277214902846,-0.1443521183755669,0.005498711403319366,-0.09233283136778464,0.21287991379830273,-0.1517688654725823,-0.13020601375071955,-0.255943592346452,0.0920984767294283,-0.0771279353944946,0.47123756027950825,0.06352568441241865,0.17904900725747477,0.01465327208699493,0.0433603969816039,0.0795633929231457,0.08137667505025,0.004601591232551172,-0.18750975864081576,0.1881171807625258,0.09487117869900864,-0.11587984152240595,-0.08441962463433658,-0.12758331418261576,-0.05552262125548835,-0.039796952765009073,0.4184647966781846,-0.3822129315862043,0.08519077729108884,-0.3182904974451395,0.10056824624806104,-0.1356394794984514,0.11763039960560341,-0.26246246184330496,0.06677275488634936,-0.14261636766534588,-0.18893693901971229,-0.13321851782957245,-0.16731650598665143,-0.19404492999251874,-0.39707056048699396,-0.2828359099810414,-0.2840236765946202,0.014769465958411115,0.1413933785620378,0.08380669210112322,0.11848878131663072,0.012484004041487046,0.07211214334867334,0.29158654136667556,0.15984219331712354,0.048410769410652935,0.17027597365331337,0.10066828245652551,0.162239184070859,-0.16627363184518085,-0.1583777952016487,0.21625722821996424,0.44190501457741227,0.3951115582412686,0.06286939631421538,-0.04222316275047801,-0.23243142965290517,0.3063263307761429,-0.2179845300027701,-0.14901568638267534,-0.24435835899275712,1.0,0.6061253540970158,0.7386386074762977,0.14449553838727297,0.24530965324121873,0.07968206617911838,0.1806262301096759,0.31033607871543273,0.1713951292202278,-0.2993205357943847,0.19701804506495532,-0.19554365364291632,0.20432882394268181,-0.12054386485493143,-0.13899274028617495,-0.024107956191225147,-0.15176994881554512,-0.13872938367586501,0.12633225249389793,0.2080957300479161,0.1257878713326048,0.22590301510361158,0.3266777431994806,0.3692630943219807,0.3972340072948786,-0.18107006623090813,0.02452788569315271,0.029570295002334337,0.18241243152159084,0.37992135193160476,0.38590929946680197,0.9373487218312703,0.6315508059964612,0.7429162443151134,0.2166100206837597,0.1594930037030156,0.18271015991115602,0.041928571087550374,0.27508724404672485,0.16131711226695047,0.1601789277606354,-0.021495064783801015,0.23233948839238372,-0.038052700321672926,0.013674574738790059,0.12495745142924528,0.2660961659475637,0.1408273554044117,-0.3434359413546415,0.13807645298492435,-0.08648889817078563,-0.12830930729683404
PLANNING_TE_POST,,-0.04160743295716849,0.15124830040145282,-0.1951583511071659,-0.21553030078268728,-0.14174182785525125,-0.4932993451970005,-0.3126459320865539,0.16993057051014007,0.08261885440026345,0.1649201762485628,-0.19150044658470244,0.13618758742189374,-0.22711495957792982,0.14904736168802873,-0.3229568968788043,-0.2628283636186367,-0.3818103733326962,0.15461800329102948,-0.137955688988111,0.5289092349090141,0.012424731491349176,0.13621191772923866,-0.0017527449732125957,0.038150701703053215,0.08759045331468467,0.04416288026011446,-0.024155660101803502,-0.140218768218069,0.14126670051148418,0.18397248516859038,-0.022280028548496405,-0.04920046139004696,-0.02021376237368004,-0.011733742734403625,-0.009393150938205575,0.13225827791556335,-0.4036240053423737,-0.029553968175237533,-0.3963409883624791,-0.10280930339531699,-0.22094308536733395,0.056353178095366885,-0.21817471645624656,0.07177216857101039,-0.20990187664412704,-0.2598917497107753,-0.21676499597743032,-0.09734487319586647,-0.24088397030005296,-0.539498977923214,-0.1767509488313102,-0.2870081531277093,-0.053244028768482124,0.11706044486764117,0.03855810209784557,0.018357471146752614,-0.10466595616912366,-0.04993170759541393,0.261153393495569,0.27992158671258643,0.022841143717061224,0.225541086068675,0.09712193667884297,0.19532788695451506,-0.27402469501779125,-0.3378145893670176,0.031923507867421375,0.2515542076517458,0.162983089097966,-0.00953770639215426,-0.06318639501823713,-0.42493287583367045,0.1784203911131292,-0.28962194113100725,-0.19502880724921534,-0.4373337709403744,0.6061253540970158,1.0,0.9838672153942544,0.12211971206472101,0.25593370633696055,0.06157259488842409,0.2116590604389559,0.483364051693084,0.15137460226302432,-0.5008388447837452,0.13496177844506727,-0.13183708722988802,0.4404353729234249,0.03734340937581826,-0.010515047659778972,0.08572376653699904,0.006656849152323947,0.023959913277742308,0.03960044141286391,0.09461275877817961,0.07398848718547515,0.1167352270616616,0.3484962431752541,0.48076643187877877,0.4759796079637726,-0.07863054605103144,0.187712863000396,0.19731964422239384,0.0390587817271285,0.23823679810378715,0.17163746349366307,0.6193070147698204,0.9352461593961042,0.9118988936845738,0.19364638401303003,0.3575762191042144,0.3536859267256776,0.0904946239173043,0.4762620466115839,0.14374732669416412,0.30697224238027193,-0.030181918309941668,0.3899855329962415,0.026863044213026637,-0.04320716091323629,0.041274415970701486,0.33915763098306156,0.11879725174313499,-0.3527611676210792,0.11447548138787925,-0.014596739334640415,-0.047585889046206184
PLANNING_TOT_POST,,-0.0567676335138904,0.14097154331542738,-0.1872550674886722,-0.2089197414440498,-0.11110947162075764,-0.480069224615515,-0.2962975666696658,0.20782056473171953,0.10206040647607785,0.20227873202276583,-0.19477169575966044,0.11666029255751391,-0.21325561321408976,0.17420507735601568,-0.30785361186781846,-0.2520426176076691,-0.38116562219108435,0.1517593335891675,-0.13427018748539218,0.5542622680554152,0.02481903349210049,0.15571711869879337,0.0018104121260102428,0.04208691928002635,0.09213178638439157,0.055733339424807155,-0.01944367300389355,-0.16101611118992049,0.16204089428688206,0.17726188376386262,-0.0449476045123918,-0.060687298489264824,-0.045828806534925264,-0.02143890444439132,-0.01621290296178264,0.20665647811902343,-0.4283036211690286,-0.005189465202945274,-0.4076315472896027,-0.06729557511417787,-0.21789817415609122,0.08299443620750999,-0.24161568530547817,0.07683615842337121,-0.2101058513413603,-0.2567438990953222,-0.2138100870314544,-0.12720219820929668,-0.24795707530213607,-0.5869933217873108,-0.21356133467706587,-0.304782725901296,-0.04183908028797891,0.13115172740960493,0.051587037821536466,0.042263818133935586,-0.08597438668950237,-0.02611195546671263,0.2872170216650373,0.2734603399191764,0.03028108858826829,0.22968052641746742,0.10506421978154713,0.20224069855490148,-0.26964447175646755,-0.32193252632295194,0.07569839001016215,0.31259702309382975,0.22700494498258267,0.006057524278724856,-0.06304970186267117,-0.41242484041068467,0.22011834419201762,-0.2944948478821684,-0.19881106197365592,-0.42561770135074467,0.7386386074762977,0.9838672153942544,1.0,0.13600148893478559,0.2720891224475116,0.07010748419946636,0.22001582660387667,0.4794700784487043,0.16684642866461627,-0.49218806546351324,0.15869931210448635,-0.15571940207988363,0.4192426749463848,0.004536163663345142,-0.04017511701967932,0.06723118744395963,-0.02846375729873571,-0.010867091874255115,0.061978259882272714,0.126993858341043,0.09100081917787123,0.14974872663331212,0.3688408396650142,0.49091893096771266,0.4927572377188176,-0.10752867049365329,0.16460796110237458,0.17290577971491503,0.07413315056581858,0.28736825828631396,0.2322699738207173,0.7357185156353907,0.9347050741430333,0.9399666258684748,0.21254494053108655,0.33736742397866193,0.3403274717330822,0.08612806681854786,0.46552246796651753,0.15811523901058325,0.29619774169414087,-0.030415001060603856,0.38278513205887754,0.014208225492515793,-0.0335437114563315,0.06308777831517885,0.3472996044668122,0.13197871357024316,-0.3733821164907684,0.12821175147453778,-0.030226437887539936,-0.06916801403747033
PLANNING_span_POST,,-0.15703017016519558,0.06656965660245623,-0.037749309746974366,0.06819543365941833,-0.0015421534014696985,-0.06680010505481415,0.13015862050233848,-0.02442223083042151,-0.014148872714286718,-0.02500890142187085,0.0356854151206158,0.0034315115007848124,-0.11820189736730181,-0.001327085369638522,0.032211977480854394,-0.019889131554024705,0.05125021393615744,0.004955925211348603,-0.00273762961288555,0.0683896261210546,-0.00692011492884498,0.024735841388357313,-0.021943182186770455,0.025397960739512854,0.0481141110286717,-0.006975381286670187,-0.0843774267095453,-0.417197659554904,0.41783768335797444,0.06518625801192071,0.002421849250625583,0.021342417181622567,-0.01312896019383129,0.0005528943697358686,0.0023309490091787534,0.08462336647765335,-0.0054875504894558655,0.01945320822206202,-0.01863280591501942,-0.14085931720673087,0.023569537341843926,-0.1245354202296341,-0.2773294047536415,0.07759164404527066,-0.07864346635321144,0.11809437324333262,0.051290520089486785,-0.07435794908567976,-0.09487488775952697,,-0.05604079643745883,0.33333333333333326,0.03208964805224842,0.13939727857726367,0.08276111391456428,-0.011217595917884468,0.08417997790545015,0.04210309799294007,0.11824945359375143,0.1291532791321484,0.13089242839225146,0.047946366756299146,0.10077464995956592,0.12208480518262087,-0.027497781003497864,0.14774067656347015,0.06994993729199744,0.0977181364714918,0.10245810956678592,0.154547319939417,0.06537351607862273,-0.038229921027769474,0.05580945617640033,-0.05050910137338007,-0.03122139794727504,0.037732217234879614,0.14449553838727297,0.12211971206472101,0.13600148893478559,1.0,0.7095855885991271,0.8913672771681637,0.0145948164846465,0.3727051877049579,0.9456534203167709,0.21916532981380754,0.009098069617449482,-0.00860560463234492,0.06973327821667598,0.04689037248407705,0.11685949775423253,-0.0609024131841272,0.06648854214682275,0.09077321011239864,0.19415945185677957,-0.04833851974316756,-0.027343714439220304,-0.03905648797445381,0.03797574213881263,0.07204448044969021,0.07009430719919015,-0.33315229416492825,-0.020682938274963123,0.04185666584792945,0.09331181196159803,0.1219200688165663,0.1420712990151977,0.3264282875543926,0.31416284361987884,0.33271720352020906,-0.029313111362493184,-0.14889874251382304,0.11853253000869153,0.08019574414513338,0.024416935988569526,0.08869982293673637,0.049794555370100024,0.019784430924300104,-0.03177548963739824,0.06647282486425886,-0.012521420998863912,0.153489957909724,0.23558848373090324,0.05908473150537893,-0.06191789806985023,0.10540912073931383,-0.006385526280277294,-0.033091597446253715
PLANNING_trial_POST,,-0.12409799437181741,0.11051627487769382,-0.18553698205587998,-0.003659485244912411,0.0032142616718391845,-0.08887555597629658,0.03046865483098712,0.05126564544189493,-0.052517274404402625,0.005270995062329975,-0.16645977252063499,0.23201748180323037,-0.23920207232898133,-0.021185957027090287,0.01366135982391799,0.016860836823905136,-0.02906224641985237,-0.015331129550632056,0.02072269686279518,0.16519116252478472,0.024508794352876218,0.30903876799408575,-0.09006032560636798,0.1791065888512082,0.09843756167935737,0.025077970368039458,-0.09905598025277658,-0.3026938495645694,0.303451863688951,0.10475003373330036,0.034979716120635364,0.052641569034537324,-0.011624625774509678,0.03388022657605923,0.06385319701805128,0.2019772480022807,-0.1320537595517777,-0.16805426658545528,-0.1154567680562421,-0.1804491049348954,-0.1102068665324621,-0.06918634457201905,-0.34752934364427895,0.039097341367879214,-0.2550880185940576,0.06449997312501683,-0.1266630026179573,-0.11425773622475759,-0.19901801565807808,,-0.2829335011891794,0.33333333333333326,0.12580796240109615,0.1758085440336994,0.15868156440880762,-0.01633592783657896,0.06156258312321036,0.026332725601172738,0.2203476812746083,0.16147758860392009,0.04565407552610775,-0.018834845084031628,0.06549476215048956,0.10296426479449006,-0.031303346426339744,-0.047959892871452,0.10580653314341992,0.19754098205801043,0.18423432187110492,0.10954840616248089,0.27689941318551486,-0.1738619548733006,-0.0011955176973534897,-0.19886400018856704,-0.0937245442274005,-0.12016811412916406,0.24530965324121873,0.25593370633696055,0.2720891224475116,0.7095855885991271,1.0,0.4345437685378569,0.6813693536245682,0.3710730870461567,0.6939803141955388,0.06948211114728564,0.019724972793277857,-0.01954997883286433,0.02434738113317283,-0.04465514332491291,-0.04323327927455229,-0.021197761621132134,-0.03796403451379844,-0.04711858170137298,0.11984031990921287,0.017102312179942108,-0.08084157685466643,-0.03793383334588795,0.059745794727091524,0.19368077135622852,0.18044019485131504,-0.20493890360425002,0.08917424201348105,0.12264155158201841,0.15152434142456428,0.21132506760126482,0.23249644893527577,0.3906987828007822,0.42653768782110785,0.43746331034375835,0.015825164053837795,0.08521732911503002,0.1874990904841078,0.12566732452024337,0.12667885227805406,0.21403133282327982,0.07077147604497493,-0.07925257614963709,0.034118857975945605,-0.06664607796499222,-0.07919070900618151,0.2283338209874404,0.2144286913721439,0.08138112192575823,-0.24357260967795685,0.1079548831490118,-0.09544036324220706,0.004868301477321614
PLANNING_ACC_POST,,-0.12430846812190018,0.06480335690083366,-0.014874070399648451,0.020228729739032152,-0.027767086623521585,-0.06583050183818927,0.15465932568515314,-0.10340010605184853,-0.02966939936592575,-0.08851698670049062,0.07862778826680633,-0.07594997796101577,-0.030321565042240543,-0.020076063704428892,0.04980276057238139,-0.01755915211905442,0.09992091477219107,0.025240364426941227,-0.024810493507602473,0.01415959525528885,-0.03817351581825326,-0.13052761963737808,-0.004087115362989033,-0.04075096263644257,0.011610848091449872,-0.04757949353368102,-0.0899947660913559,-0.3912309400979505,0.39163459092440106,0.021815670882169742,-0.045862494324348496,-0.020776136581364325,-0.02769131757571527,-0.02777941846417135,-0.061124378889605084,-0.20686655908003102,0.014973815310305711,0.0732406156287543,-0.02523640585195509,-0.18215564708158996,0.061076612028072574,-0.11382207864489444,-0.20646196860081323,0.10837951558113113,0.08095789734655524,0.14380105724149622,0.1268469082190057,-0.04957196605711984,0.005779123351517327,,0.0785642129491558,0.33333333333333326,-0.04410296210030238,0.02865846541988332,-0.01772156492577395,-0.10779068164549802,0.03901434620897889,-0.03672811303846472,-0.012534045075361584,0.024054478024868917,0.08061187746821341,0.02385342267433011,0.03198874710639316,0.03888015355637799,0.013384089743711502,0.2088150621834051,0.055612856720368586,0.04314713256600322,0.060914939521420804,0.13374807018860824,-0.056759066812934286,0.02234194226977529,0.01829210864268919,0.0014975311088281083,-0.004892023539802465,0.11313547467699818,0.07968206617911838,0.06157259488842409,0.07010748419946636,0.8913672771681637,0.4345437685378569,1.0,-0.3602480233160997,0.324211795470957,0.9376082537436096,0.26684506322663004,0.01732828799065986,-0.01626409642000605,0.15075110557491322,0.14672574001824878,0.24700945206998387,-0.050700164813723074,0.18185910289910145,0.21835110911762554,0.17441520232969512,-0.11419386972265078,-0.033801656835814965,-0.07993189615696951,0.017176732094973404,-0.0012655753945667448,-0.003506904274538183,-0.32216410406307,-0.079512009379746,0.010728235364520592,0.05771343802626647,0.06278156265096628,0.0850856273911833,0.2398601120035965,0.22823150220540087,0.24355535002574125,-0.024191776569117623,-0.09909678117801589,0.13953168239630911,0.06414977457965787,-0.02631735557007937,0.03912568585793518,0.08372669751722281,0.05731251024407384,-0.06892990489519565,0.18627654750921663,0.010157657348560714,0.1416489611615867,0.23164968914107414,0.07631033855780757,0.018083606119005485,0.009455024314187183,0.11110202288693805,-0.0014069866511688216
PLANNING_OST_POST,,-0.026405813914405253,0.04872028364983394,-0.17796453232201948,-0.020776795289443595,0.03214882222728133,-0.03775038377807477,-0.10039992217551445,0.15384803237425348,-0.018324982024130413,0.09582070376957069,-0.22911666411257414,0.28347056476660304,-0.22431073963626086,-0.0158837487399788,-0.024205301714590673,0.03570080609521004,-0.11187404311258871,-0.03493947768880303,0.039827740720427426,0.1489805531261769,0.05402260500134647,0.40733220459507513,-0.08449837369085257,0.20816151766640878,0.08998455044251101,0.06335895373489318,-0.028325584193179952,-0.004118350264136755,0.004595152519309149,0.09318566154744147,0.08129223867689882,0.0738393312569204,0.020964397206559644,0.0596267965719418,0.11821758344416518,0.19397622404184592,-0.1412691732865952,-0.30274551800524874,-0.09377722948793148,-0.008839985879607208,-0.1474382065450719,0.14322297480788662,-0.1695482971855607,-0.07234256258501466,-0.3114474186253878,-0.2145290825802582,-0.21157009949114514,-0.1445258747059848,-0.1921879870175433,,-0.33322460985148555,,0.1472301571626274,0.13958701279157582,0.15849566292054404,0.052768577222394045,0.019651326728229543,0.04019232839422672,0.2153455971338129,0.13122263669977927,-0.032395573146417514,-0.05089187389255597,0.02714964616075342,0.05729386340631672,-0.0439086107921318,-0.22304363132316782,0.06706358828366431,0.16360563340405196,0.14004809883961805,0.006840563572123777,0.31692814884151965,-0.19910943028858363,-0.014134124432597421,-0.21835050045159585,-0.10153017545343594,-0.21900024734247503,0.1806262301096759,0.2116590604389559,0.22001582660387667,0.0145948164846465,0.6813693536245682,-0.3602480233160997,1.0,0.09918962203449398,-0.048227336441379984,-0.1545065707554476,0.0013857665841685342,-0.0021234605098314845,-0.10485096743492911,-0.16913723817872184,-0.24680812536528343,0.014307945142931513,-0.19130483535956513,-0.2282619386646605,-0.017372672561562455,0.12107259969932026,-0.0447355785362348,0.040690354746884094,0.03934256265299014,0.19242481990024832,0.17902817096915954,0.04401198998267821,0.09159490501292708,0.12079812672034401,0.11315200250159542,0.16491057025013342,0.17068284841598447,0.20392266000755344,0.2524279510523008,0.25047464755790766,0.03200819007727619,0.08521732911503002,0.0823440283112871,0.07540994787706201,0.13052343596662017,0.18578087957518272,0.0038551381838673633,-0.12611278734570772,0.0722025669721688,-0.22299816739036224,-0.09203713988154899,0.10735100182204911,0.04101272664206759,0.013499115896850877,-0.2469357280694909,0.08391212490275302,-0.18984545982942708,-0.0027778910658443844
PLANNING_MATT_POST,,-0.04576262995086528,0.09118645000488258,-0.05421530866795422,-0.026963998386519614,0.0038358053631464303,-0.09419904188747619,0.030362790741750887,-0.14156795360852487,-0.09129911625764127,-0.15030064084572417,-0.1256007074789431,0.11286315898220355,-0.13727542846920324,-0.12057645354054701,-0.10213676732584112,-0.0977585654249645,-0.07735322440733332,0.04839776107686656,-0.0420163611587721,0.20372061643342376,0.044998702638410576,0.1359610900089998,0.017029386545450345,0.011898951907403893,0.24322963910527587,0.08286038000655889,-0.19765089445714587,-0.16310698340189425,0.16330790752654886,0.022501330083162602,-0.06862362361626623,-0.05715238410859763,-0.09170178211755381,0.010882575523655728,-0.011800671973951484,0.2435480648462678,-0.17785641472272418,0.11677408633135823,-0.10777499433116922,-0.02003846400398035,-0.07416856937620768,0.12647672985366432,-0.3524807338615712,0.24776815472944608,-0.07386926472471846,-0.09823228369204953,-0.14095757032875794,0.007120944371586861,-0.1139989947379491,-0.45291081365783825,-0.06702971118129578,0.2946187459145689,0.10432940609859175,0.13903207656053748,0.13012841855323729,0.06575113188196845,0.038937829527102806,0.05836461723952612,0.22174252413612905,0.15455234526639863,0.12272716950130948,0.16157155402594878,0.09105634699220709,0.16732201507028135,-0.004072020051555054,-0.0336001065779507,-0.038320221550291966,0.1412850383005566,0.05248617438133051,0.051904781978174566,0.0204083071341514,-0.09123262931148797,0.03952328717013559,-0.18114447456519164,-0.09722404821188829,-0.10836364514055982,0.31033607871543273,0.483364051693084,0.4794700784487043,0.3727051877049579,0.3710730870461567,0.324211795470957,0.09918962203449398,1.0,0.4488250313269422,-0.7123946028314219,0.13680906219465494,-0.13543426142948756,0.1917551465961967,0.03389719817602838,0.10132550608683308,-0.06212577013932839,0.10574045600362554,0.0736611033318189,-0.09736957127941145,-0.16384795483047368,-0.10209409301954567,-0.17325123338274317,0.1645048402247923,0.22877582137556793,0.23962307148197662,-0.14502708309634296,-0.013055460475791057,0.02110243188858514,-0.0056814686321537316,0.09120591233344219,0.07277721770549284,0.3563163464887942,0.5643784508175386,0.5513471121112812,0.19392134844575734,0.10815599843824869,0.207779431666577,0.2901170038767215,0.9292054694571271,0.13824690399362366,0.09992679834306514,-0.06455372758550391,0.6830693144214165,0.11019425157900938,-0.026018220645632664,0.21339608184661396,0.25706620082858106,0.161410341555083,-0.17282493742072172,0.14868725176372452,0.09037305413289062,0.1578472207756591
PLANNING_MATTI_MIN_POST,,-0.14770371864437662,0.08747280256576338,-0.08826239474149862,0.012374096244671163,-0.021075278323563113,-0.07813250357784757,0.13480292810223674,-0.10426465483573331,-0.06126046911979222,-0.10726062565365141,-0.018780634140205886,0.05652827381158904,-0.10733847209604622,-0.027906359588790047,0.025213206786269225,-0.03249027564212704,0.0665607877042272,0.013125823158550848,-0.010255662839680268,0.08874117971440411,-0.019030200426126007,0.06251471295743236,-0.05682622308926593,0.06757598269733019,0.04331976562896834,-0.028479712205460007,-0.10518095738410968,-0.41170083622407033,0.41225588214439496,0.049026069088058365,-0.041299663960277296,-0.0007099752899883637,-0.050371490813670344,-0.009953672731546313,-0.027640673848997772,0.10248256320277233,-0.053805545682221054,-0.009393283521257336,-0.07236788189823126,-0.16977509999964516,-0.019038445082525998,-0.08658469563775384,-0.33395948388733376,0.10263645334722751,-0.06008972363922375,0.11108255514998484,0.012300564253398516,-0.06209040018483426,-0.10296229862919047,,-0.07498842435548908,0.33333333333333326,0.050429803733253835,0.12316952165863446,0.08413601350432198,-0.06265610353885524,0.08701505942684085,0.015529312911958337,0.11796815923743745,0.09693817251889349,0.08767272182038269,0.022168454594211035,0.06340891400073856,0.08836601788388812,0.003658956691896574,0.157553413076117,0.06428226996721834,0.11563372505583945,0.10782432915967392,0.12783215590267094,0.09063253396837895,-0.03405414128817909,0.017367756582918274,-0.06956331370111155,-0.04485936114663523,0.04473302200160319,0.1713951292202278,0.15137460226302432,0.16684642866461627,0.9456534203167709,0.6939803141955388,0.9376082537436096,-0.048227336441379984,0.4488250313269422,1.0,0.17784844341136524,0.025475830366863354,-0.024566048790067886,0.12859853374996447,0.09867912465154585,0.18406519703323188,-0.054743247816196244,0.1334285745211249,0.1580063013174814,0.19351587692743172,-0.11770358864601803,-0.077907098006312,-0.11508010787831825,0.04899902641168796,0.08190468275725707,0.07791588621171935,-0.32504485443208697,-0.0476258193819262,0.045428464369939185,0.08631894201757287,0.12638660231438928,0.1441492981411055,0.3379120648399341,0.33858802810022753,0.35685169265886324,-0.001706378567372507,-0.07832087693848318,0.17187196964918539,0.09387234942268288,0.08680144772011028,0.11143936462560705,0.08890683527412026,0.025105139985722825,0.018058838317048936,0.128546917158112,-0.01999376043471586,0.222091025316803,0.24972182660405431,0.08831115876134067,-0.11020611721168276,0.07815423339486141,0.061306632067481714,0.005505660928897096
PLANNING_PERC_POST,,-0.06444366861765116,-0.12858870266841127,0.04702089125080663,0.12642313867921326,0.09121045272569775,0.14440795954512206,0.16196950723882234,0.07037791446577775,0.08558204486740557,0.0981400694284274,0.2974640325021526,-0.1946012351890489,0.19984129938813405,0.10732735551601319,0.20630356237525282,0.13852221190590092,0.24237734334282718,-0.08068844226135767,0.0727715142453016,-0.2564375885595532,-0.05584627063754308,-0.19449540830723042,-0.03240611404411474,-8.560496726237128e-05,-0.26200763404637695,-0.12263385391234484,0.1578229787604214,-0.14510116878191812,0.14501237556345248,-0.04556695940398184,0.04867339438161456,0.06288595158595076,0.08071875290998373,-0.03360055899525911,-0.02696229383441342,-0.26920719514765296,0.23445784387404656,-0.0680971131767139,0.1753960904082798,-0.014030457461230786,0.10641372943089039,-0.12519222340970085,0.189209661307524,-0.1061336903584977,0.08047127403441265,0.3225092326956374,0.22440759254357895,-0.06144089716313123,0.13351969199788888,0.4350670407931513,0.08180645952136487,0.3207185104102161,-0.15673700188782685,-0.14770194426393443,-0.16478438194163386,-0.18940116925860323,-0.03172714287004297,-0.12196640884179766,-0.2270839476932646,-0.19213133831976517,-0.16182052066676647,-0.24880455006048235,-0.12953261658944587,-0.2128426078007751,0.10095228438634037,0.28048384230631046,0.1588299173822589,-0.11085057059586387,0.04651807143466769,0.07488760744742316,0.034251266780224866,0.22565735237378462,-0.09423102999761161,0.23199992957467214,0.15449314096521283,0.24849842448589757,-0.2993205357943847,-0.5008388447837452,-0.49218806546351324,0.21916532981380754,0.06948211114728564,0.26684506322663004,-0.1545065707554476,-0.7123946028314219,0.17784844341136524,1.0,-0.17305893845285283,0.17203912192682358,-0.14034379811706707,0.019803911970940283,0.06763010306702805,-0.04746028875506207,0.008906541409180582,0.052821908739671165,0.21890693807103226,0.07549795053562482,0.06717067748241173,0.10745681860082855,-0.21984801380101365,-0.28240392335361314,-0.30124524710870176,-0.12802373393163113,-0.016098710693601102,-0.041160900358447224,0.15772360960758683,-0.05699831527926649,0.05317365160066573,-0.2357317807104911,-0.4659341206326991,-0.43883822722537935,-0.2515058430177366,-0.12997010936557266,-0.11538229946481976,-0.28079254719085006,-0.8683234471544259,-0.16651708537908919,-0.07213690095473799,0.12150153626866295,-0.6314592223270074,0.0035577607410350923,0.0009807046804851843,-0.04940945281392738,-0.08162699378337654,-0.09048289573836694,0.19973357690717902,-0.20138707138610965,-0.041920963786179495,-0.12584702148937343
PWM_ TP_POST,,-0.1809687137814019,0.136357521794074,0.09803171888928322,0.12386997809788178,0.003408007790627682,0.009841880191919271,0.043509091794766655,0.0004486610391731053,0.10622844749434827,0.061328137169552356,-0.03068619401132278,-0.012796216203922765,0.1247930102542487,0.02524013195498174,0.03572884812292886,0.036767516677838535,0.0671605623533706,-0.02180578790318192,0.02195820146348629,0.003916408866407427,0.034456243164790644,0.011311860455752703,0.04672951187350006,-0.037746852566522444,0.02488989772999294,0.04386564991182757,0.010819185321684398,-0.06617742473966193,0.06605705253450364,-0.028912442841418987,0.0016352242357395702,0.034996456133006955,-0.04943666084755828,0.0062379693256912425,0.014932110362625536,-0.010830044143639783,-0.07811460276416936,0.009444773262142185,0.017670069824177452,-0.14455874492312942,-0.05140375373381128,-0.09905398811002226,-0.2188768404554308,-0.005308934658223524,-0.11551013005783123,-0.1180962254170111,-0.12396593146061533,0.28935707072749434,-0.10693422680895837,-0.33425813777282437,-0.09023796959250405,-0.1170411471961305,0.05753945061137752,0.09012576451488831,0.0805739633696674,0.04286435328051849,0.03672188597433318,0.04454776070666559,0.015238798100753684,-0.0311407332069539,0.037294329354536096,0.05330260291206662,0.09244465902401271,0.031616211160707765,0.14867181020345355,0.016850700224614882,0.008464714700023435,-0.08639443818511972,-0.0426436116825198,-0.028681605982079358,-0.07597798365139863,0.02757916714225595,0.25744249771844463,-0.06478138421479807,-0.03522518617082533,-0.0525020671856384,0.19701804506495532,0.13496177844506727,0.15869931210448635,0.009098069617449482,0.019724972793277857,0.01732828799065986,0.0013857665841685342,0.13680906219465494,0.025475830366863354,-0.17305893845285283,1.0,-0.9999752451471685,-0.02266794539416944,-0.2120829153062641,-0.15492346713505034,-0.17091245379863043,-0.16409375972541138,-0.19987890059250848,-0.18716188666148065,0.038764817717279965,0.12221285439685695,0.0836580745624994,0.028794278239549675,0.010624772261731962,0.023031765641585523,-0.0751832002151684,0.054145760514721177,0.016313024665003638,0.029446180745926864,-0.07212186204718928,-0.03077346369739266,0.18914724809975897,0.16733163673524026,0.18766381635124535,0.903424704305745,0.4048004437147493,-0.04388881112820683,-0.004851072633800712,0.1419818329087417,0.0025076510180396245,0.11646474277941918,-0.026450196127606327,0.1380697864339491,-0.1320910517483506,-0.10547501203243932,-0.09937935602037772,0.15070154627881946,-0.04690695626288871,-0.13398432680060304,0.050635854143951164,-0.02946730965028318,0.009777596039262449
PWM_ TE_POST,,0.18099977127862285,-0.13533775074912077,-0.0990599034906208,-0.12550037864283742,-0.005631858900359008,-0.011873174061264712,-0.043851057727995295,0.0005218275982807673,-0.10561238444723833,-0.060303423195541515,0.03052752120048243,0.012296213250503002,-0.1251298139536783,-0.02454921714448001,-0.03669846754712751,-0.03783373638756992,-0.06821340774377659,0.023937810595179094,-0.024061605835524413,-0.0028456011358271916,-0.03468615684619786,-0.011564189104837775,-0.046948313173142256,0.03791232789748504,-0.024908048657512845,-0.044290173319728766,-0.011298555330600089,0.06512490152298762,-0.06500187760264788,0.029258342882655202,-0.0018890165465171398,-0.03556137111082877,0.049707760188265365,-0.0067320151866185765,-0.015539035303260037,0.009975556454641207,0.07747010726790357,-0.008840211419677417,-0.01882487024911206,0.14321710929094125,0.05170051487840056,0.09857007079312932,0.21873071383034018,0.005598429099595867,0.11639267718941208,0.11797617469690419,0.12421850712156689,0.14208658299745058,0.10718610312080765,0.33132348332615086,0.09053418440892126,-0.2252099795198312,-0.05822447335706702,-0.09086324197129679,-0.08129528263845748,-0.04386828005152235,-0.03732168787624432,-0.04544193028179381,-0.015933272618282236,0.03102580695945906,-0.03834311812402285,-0.05374087329170167,-0.09311467052928753,-0.03227897080281094,-0.14943080454386448,-0.017222939373387133,-0.008566430051945625,0.08638442785895857,0.04256281786312935,0.029020587047551116,0.07437123542378579,-0.028428247290521888,-0.2580988365407846,0.06376701222929668,0.03404899923033373,0.05115867267579937,-0.19554365364291632,-0.13183708722988802,-0.15571940207988363,-0.00860560463234492,-0.01954997883286433,-0.01626409642000605,-0.0021234605098314845,-0.13543426142948756,-0.024566048790067886,0.17203912192682358,-0.9999752451471685,1.0,0.029701846088378628,0.21739495563998984,0.16018637724662502,0.17369754961942674,0.1696178981717291,0.20537464216238044,0.1859991030752106,-0.03814654445544313,-0.12149549585534516,-0.08271371230644842,-0.026830014290846683,-0.009801990317042932,-0.02213819170557838,0.07431517580203212,-0.05355197206994188,-0.016216427312154554,-0.02973852362370446,0.07220876541498404,0.030670297445628752,-0.18759162204615282,-0.16444650092940719,-0.1849481869190727,-0.9015118782764554,0.910261299511526,0.04997216578044647,0.005237743782432742,-0.1408254240606314,-0.0021263182289395347,-0.11488449950153114,0.02641439497122024,-0.13723724920644217,0.13614487805112854,0.10523579165627343,0.09846232726499309,-0.14912581392818183,0.05128423135919502,0.133710983321283,-0.051452425396492536,0.02964468544204614,-0.006435874546920034
PWM_ T_POST,,0.009151486446926378,0.14132284228187794,-0.14865580984409008,-0.2348977850490943,-0.29622536300849456,-0.2888725575818549,-0.049727264886699964,0.13787939226151136,0.0847512346323342,0.14398981553211213,-0.021741381011608257,-0.07070746793502172,-0.05112223009518303,0.09750718739921675,-0.1387032067876089,-0.15245578271254975,-0.1513513512975885,0.303497813355147,-0.2994355920942604,0.15204235063367966,-0.03356935500686771,-0.036148127906121784,-0.032311838927797945,0.02449984628318687,-0.0032307081872680996,-0.061466717490349494,-0.0683920375131278,-0.14781409098174925,0.14819400989084716,0.049904023171439785,-0.03610270631861435,-0.08118190522582926,0.03981345364069903,-0.0705845641865229,-0.08692248216813794,-0.12183804983913095,-0.0901531561821109,0.08424248050420768,-0.16524270992182527,-0.21907637726527737,0.04354873553701639,-0.07275861615348764,-0.005617577233188886,0.03450727462783009,0.12864822318507485,-0.04237906920599481,0.03891692544258164,0.21919743091591468,0.03842381568333504,-0.6682183266859312,0.04436747121444663,-0.21545793455338252,-0.0991220543237958,-0.10737339578868546,-0.10484305223975922,-0.14429429347291517,-0.08647019803381172,-0.12866835603229995,-0.09947857742309334,-0.015672542075072068,-0.15056667031556262,-0.06380414867251634,-0.09779851778844682,-0.095336240777103,-0.11173413811013687,-0.05333055586766745,-0.01467379889670126,0.0008399477719681819,-0.010362896083493185,0.04891490124396992,-0.22630410069916126,-0.12136307417993081,-0.0999965912015389,-0.1424299579208776,-0.16619524837628158,-0.18950040987335282,0.20432882394268181,0.4404353729234249,0.4192426749463848,0.06973327821667598,0.02434738113317283,0.15075110557491322,-0.10485096743492911,0.1917551465961967,0.12859853374996447,-0.14034379811706707,-0.02266794539416944,0.029701846088378628,1.0,0.7603106518030827,0.7518332888075506,0.4001936033980117,0.7962122427481586,0.7931941546217939,-0.16031234707214664,0.08683182128958837,0.09872517276810452,0.13198838842764823,0.2783369659428342,0.12242104056620098,0.12635968179738796,-0.11073018974533975,0.08004975126938124,0.012243600222864323,-0.042308370345461796,0.014236125786153927,-0.013852488570400272,0.2160770833851618,0.4055507127760301,0.38093412589420167,0.24777221328675156,0.8797836190919769,0.9325734271184949,0.0550669027138896,0.16058964688529523,0.05411571615994487,0.22147801037074705,-0.004394175898159402,0.11467503158854012,0.5794436628368734,-0.0312275589784158,-0.12769306354576146,0.21994058047386839,0.6106977465514138,-0.02607415141979069,-0.11773574155655145,0.02613148934251004,0.47845350646466367
PWM_ TRIAL_POST,,0.08233309285552008,0.07757677015615601,-0.06061584281726637,-0.18518837761465182,-0.2756052111845811,-0.055618407559884835,0.06294883850151374,-0.04898750728459798,-0.02014620034829682,-0.04543440554066787,0.030993258789397675,-0.18917516920066038,-0.02081359691970759,-0.057987148968217814,0.012403090479567717,-0.015906501957975546,0.026575861417006536,0.14017531358357613,-0.14507698419831286,-0.1410442655941224,-0.11511984491215152,-0.08940030594680204,-0.12614635619966438,0.07387379654711546,-0.049528769762738616,-0.14629643744001214,-0.09942296748058078,-0.06621260004151892,0.06587052843770948,-0.079556939030621,-0.008526935358715609,-0.0677346816589358,0.1024326930121893,-0.07505774522442803,-0.09021045207692732,-0.16664713467270245,0.08400391304028583,0.015063368035597494,-0.01444974847936891,-0.0983711288688431,0.16392476101493902,-0.08804614392319504,0.15679873395965513,-0.004191696119003242,0.2579399696115167,-0.12885806209176062,0.1251829306661885,0.2990349657495686,0.1419627931127163,0.29277002188455997,0.14930435667089148,0.4042260417272217,-0.06918773198777937,-0.1001870752196327,-0.10655598124847847,-0.1435407688037714,-0.051501211948069524,-0.10821076292636582,-0.19592771502448172,-0.09870975190999699,-0.1414241353933269,-0.1543492573354876,-0.1941482650825283,-0.1682061588198677,0.05999814739304562,0.11535301351200367,-0.12124167296105326,-0.125277055852343,-0.15381765355886698,0.06874272829076876,-0.22751175365713092,0.04096582340763413,-0.2935387367456957,-0.0362101993613694,-0.1004450856991836,-0.0030556665117375927,-0.12054386485493143,0.03734340937581826,0.004536163663345142,0.04689037248407705,-0.04465514332491291,0.14672574001824878,-0.16913723817872184,0.03389719817602838,0.09867912465154585,0.019803911970940283,-0.2120829153062641,0.21739495563998984,0.7603106518030827,1.0,0.8387499792534646,0.7204928687239355,0.8999469211907073,0.9358610122759294,-0.002950931871267892,-0.06022416798179669,0.00218126902112163,-0.03245478547933039,-0.010948127373839031,-0.1411236504889204,-0.15195875052436922,-0.055719344518684336,0.04603290159749093,-0.0565741876409274,-0.1616463513087951,-0.1000406840325511,-0.16646247984049872,-0.09667232502679919,0.02554392283911989,-0.00844466562885938,0.015626330207232014,0.688531783060446,0.7217886733428164,0.06724757271023242,-0.0030202413395936417,0.0275345340983565,0.11241933424614428,0.05418176453077894,-0.04894262210374671,0.630569943416137,-0.026256377271863935,-0.1110544846994454,0.15619204173273007,0.5200301991700997,0.14969724428011788,-0.1568844116709042,0.01946964368777108,0.42371784695371556
PWM_ ACC_POST,,0.06137949685780623,-0.0011726432241618867,0.019252311557763323,-0.06963389397144558,-0.1546971993336141,-0.02765977560046526,0.13205518849092138,0.028164696808083194,-0.00863064838283039,0.014511222342407381,0.14213300948061947,-0.258053909881364,0.13804251016176097,0.003595976028746515,0.0870493703820333,0.008020839305867972,0.164706206277039,0.15556582226127927,-0.1613941324791522,-0.17005230998001697,-0.060462286314250276,-0.15140524150546494,-0.08403864066851459,0.05184998704495353,-0.05751959314639483,-0.15330930619436406,-0.15138061519069793,-0.14338796079826124,0.1430759352790533,-0.08848763563651524,-0.009897480924533868,-0.034587646682850706,0.09682517665783837,-0.0626850174385886,-0.08432939096070467,-0.19889071489551088,0.1903357062784494,0.13832828880324521,0.1299125423715553,-0.017806649855507284,0.24085949149754596,-0.08565849810901806,0.17245600266606284,0.027338307831303445,0.3106312479647503,0.012405902824609846,0.22060875098088067,0.3279384529269854,0.2415482755023794,0.22549380840084865,0.20364574503382063,0.3333333333333332,-0.10103631147078193,-0.19863258804146144,-0.16889927361662072,-0.2207457150978976,-0.059223123327792095,-0.15496120744885777,-0.22389704152281745,-0.1775396587279369,-0.19070216149668745,-0.1846161101033721,-0.1966375129114037,-0.2167560673738673,0.046500590043854144,0.16534269460682632,-0.04538165131238285,-0.11888861197421319,-0.09844997326532505,0.05045478907905212,-0.2860465516952283,0.17574662446043646,-0.27659973578311475,0.005853262469906243,-0.07533886384165184,0.13712336780644205,-0.13899274028617495,-0.010515047659778972,-0.04017511701967932,0.11685949775423253,-0.04323327927455229,0.24700945206998387,-0.24680812536528343,0.10132550608683308,0.18406519703323188,0.06763010306702805,-0.15492346713505034,0.16018637724662502,0.7518332888075506,0.8387499792534646,1.0,0.2327338624146662,0.9496624760911959,0.9690163170896916,-0.08231785844985649,-0.003930227299028928,-0.0036606509361764255,0.009392054335093294,0.009621205796089206,-0.20935569408689964,-0.21042260439276178,-0.13167717091692668,-0.03408986717110623,-0.11738766420748165,-0.08938633964945869,-0.10044643973819531,-0.11172332396473343,-0.14086161672895386,-0.027111167535029262,-0.05772683906822039,0.05293012067970011,0.7339251224585477,0.7542458972797165,0.06190425715512009,0.03683813784174306,-0.07390030012547723,0.07017160782860062,0.03577269222674889,-0.007454459258031803,0.7197247738218866,-0.026384176275149808,-0.10195175081274585,0.17321735655895623,0.5819550783331592,0.26050175423522676,-0.2139738575919594,0.049932861239941013,0.5023311149502641
PWM_ OST_POST,,0.05312435163172485,0.13039490349064273,-0.12721266463263262,-0.22888553671804246,-0.2838212896483319,-0.06253108716660909,-0.04783545610207204,-0.11924440372002193,-0.00845327667105005,-0.08728265649714649,-0.10837251847815942,-0.0444687043239335,-0.20997767846278426,-0.09271389064174707,-0.08237198095574025,-0.03689942983636824,-0.14641523024549075,0.05422699667698695,-0.05554779767855976,-0.03504830030340383,-0.12639617411157766,0.03328576813692924,-0.12045095995124708,0.0703272518185093,-0.010305683598101963,-0.06969971716492056,-0.0002465860724588816,0.06491565358385096,-0.06517443237358703,-0.038351999388265404,0.0015302758112119433,-0.08091284316906365,0.07300214322216239,-0.05333522111719233,-0.05527646067035097,-0.050088411353256306,-0.07535239966878889,-0.15779272922222246,-0.1775889549840082,-0.09542489753026617,0.00746937555017033,-0.023132597278649674,0.06656755590779918,-0.029228473062481934,0.06557918590384319,-0.2375990202252739,-0.05896015853124315,0.14268188651671213,-0.04319106155435648,0.33333333333333326,0.0011383069946442278,0.3333333333333335,0.02096952218004886,0.0865109032791187,0.03969715034024237,0.03549786213502863,-0.005768118061977279,0.016153793948850505,-0.06895088413265049,0.041468764627823514,-0.02087646103207255,-0.05010433997644489,-0.11357524802254486,-0.035663904483969354,0.027799708257339784,0.008491938328362019,-0.1452025134087439,-0.06537412141480042,-0.13617893962736888,0.08137033623090789,-0.06028600238467005,-0.14514086828162998,-0.14992847162939169,-0.07024498045521049,-0.08366677776836384,-0.17013150423969975,-0.024107956191225147,0.08572376653699904,0.06723118744395963,-0.0609024131841272,-0.021197761621132134,-0.050700164813723074,0.014307945142931513,-0.06212577013932839,-0.054743247816196244,-0.04746028875506207,-0.17091245379863043,0.17369754961942674,0.4001936033980117,0.7204928687239355,0.2327338624146662,1.0,0.39213250076292494,0.4320253691511041,0.10273205925140848,-0.10314648621686229,0.02397716839129018,-0.05986133071870718,-0.027709262795343595,0.00544981196696245,-0.009663089208693352,0.06479311396487034,0.10851989649474518,0.03457568886905092,-0.16345658370235203,-0.046435706083463285,-0.1425408974064996,0.019418417848041665,0.08584031448501042,0.06650709753118411,-0.030832722177403397,0.27854572860362586,0.310325482824813,0.05231142000159665,-0.0466195846134345,0.14694065337896495,0.09244493735270184,0.05653696477154833,-0.08008612815793521,0.21812052940259932,-0.018686957861444926,-0.06689118037137314,0.07265664178620886,0.19820732805725413,-0.05432319554221088,-0.007700959026127615,-0.019225776756313578,0.11245169662626003
PWM_ MATT_POST,,0.0791551596299073,0.05507978591229281,0.015732941242364556,-0.08425885116635465,-0.18885063539098101,-0.016849522984480458,0.14656124228132725,-0.01592188305203452,-0.03629016140082899,-0.031890892624610624,0.07064323928153664,-0.1830782354696788,0.10134796650510955,-0.03274105321377217,0.0190465644562035,-0.028355892378552492,0.08620761688356263,0.1636536428407059,-0.16983232335443732,-0.17900633386072268,-0.027763373892667365,-0.11731516001302401,-0.02663475775509487,0.00601780398526158,-0.013823382481904574,-0.0853634308531859,-0.09187967040720604,-0.06880159946303445,0.06861087663854198,-0.04809062523616797,0.02199048309306392,0.003413480688946039,0.07497952808732773,-0.01436334399852754,-0.02855529345213349,-0.1709869215001748,0.17419965842137905,0.14055848260731696,0.11142775200147718,-0.009593663985670523,0.21276745051669138,-0.0678922554470324,0.17442062818946424,0.022762188417851388,0.3004187825764559,-0.02922829883446956,0.2192217664805415,0.3242458906375273,0.21056771265404262,0.05015698625755191,0.20166541471117064,0.24173888049848966,-0.09980568607200498,-0.1988099962026606,-0.16351451587092258,-0.20225889390639673,-0.05833629566628854,-0.14429411872711004,-0.24370691542607015,-0.17934241307058446,-0.18047058749608355,-0.1693270389602711,-0.1858243232024231,-0.21247440291015324,0.08149616507165378,0.09996616294846362,-0.10888069260790095,-0.16296513436172042,-0.16694822314227972,0.07067260182239918,-0.24597466445939453,0.12476339219056559,-0.30640777613644987,-0.0006098041371731808,-0.06735927952995091,0.05579302556004684,-0.15176994881554512,0.006656849152323947,-0.02846375729873571,0.06648854214682275,-0.03796403451379844,0.18185910289910145,-0.19130483535956513,0.10574045600362554,0.1334285745211249,0.008906541409180582,-0.16409375972541138,0.1696178981717291,0.7962122427481586,0.8999469211907073,0.9496624760911959,0.39213250076292494,1.0,0.9692807121793299,-0.23728614498078207,-0.041344991605764436,-0.016582914640052928,-0.025382746180641652,0.0025417572949801904,-0.16952850785564036,-0.17488662461111795,-0.053020090578092344,0.03798193128027081,-0.05039586408461306,-0.13750090385604394,-0.14082536449225833,-0.1769631507549362,-0.13987327155718435,-0.009937449070199571,-0.044574781331835164,0.058809635177262114,0.7393770927897035,0.7792315432136163,0.06224953689741967,0.06269447999028699,-0.002558612826000699,0.08857701599827422,-0.046706957740904664,0.01683997856835274,0.6576804743238488,-0.02729070363440524,-0.12469295347787848,0.14644330358082677,0.544534583676812,0.24312303973866584,-0.20738627377664043,0.046207622558486365,0.6810784282662843
PWM_ MATT_MIN_POST,,0.09390828692892655,0.018791205841255147,-0.03144442598769762,-0.14235222545579015,-0.2083158876323982,-0.03949761962818575,0.08522375474661016,0.01603596278471652,-0.014032963495955855,0.0029768647327586112,0.09409884495805314,-0.20519669622915346,0.06211818355852887,0.012140490661051587,0.026868748188051624,-0.027396869553905266,0.07861917853928468,0.16435548675026032,-0.16934448500176394,-0.14342634633179735,-0.07414982533016772,-0.11657143129625377,-0.09413115813381213,0.06113827732029389,-0.05374495785291516,-0.14559133469538754,-0.12370052250819799,-0.09116965372207952,0.09090297317533262,-0.06713231934212745,-0.019050887946080435,-0.044921644321266004,0.07996661485991252,-0.07441243942653655,-0.08958391219316846,-0.19165895010652975,0.1389760973780347,0.08921247183731441,0.06466269131021714,-0.09241965666587323,0.19914910521318338,-0.13144482909117516,0.19797221369500687,-0.013669540313190133,0.294354408691675,-0.033349441413643856,0.20581028382722888,0.32301611406605935,0.18658678590945724,0.19158319302639068,0.17736169160145066,0.3299260888524298,-0.10071060234006657,-0.1752955663132091,-0.15828136312664257,-0.21127238356769135,-0.062331095067387605,-0.15152560156956058,-0.22238287523116793,-0.14766399185591692,-0.17854397525982083,-0.17088616151557728,-0.19532283865541236,-0.20126344001505955,0.05501793477537308,0.11909305246482121,-0.0857164032556654,-0.11624083807353451,-0.12493091869708917,0.032783600715150046,-0.25848811524009363,0.1035470720358697,-0.30836324762491457,-0.018849046253086782,-0.09412022363987343,0.06609870057148236,-0.13872938367586501,0.023959913277742308,-0.010867091874255115,0.09077321011239864,-0.04711858170137298,0.21835110911762554,-0.2282619386646605,0.0736611033318189,0.1580063013174814,0.052821908739671165,-0.19987890059250848,0.20537464216238044,0.7931941546217939,0.9358610122759294,0.9690163170896916,0.4320253691511041,0.9692807121793299,1.0,-0.030618721843966416,-0.003545339474621539,0.0008481144754127014,0.007744446823485692,0.012564971719179415,-0.16089309066612645,-0.16777768155477954,-0.06832331583955743,0.020841315769490432,-0.06561129236607087,-0.12495114956299028,-0.08973313955440348,-0.13639206735022882,-0.12590513898123443,0.010734305664766512,-0.025718989584733745,0.019675413217684727,0.7539823501950408,0.7852526734117505,0.060162049124770994,0.016745142717852563,-0.049619613192279255,0.09069416549939807,0.035166902081590325,-0.025376663006115754,0.704880813377305,-0.011548348112291185,-0.12004766409571746,0.15649483704342512,0.5611877066560552,0.21840710220347212,-0.20124796027517053,0.019854972144228558,0.4800638109776325
PWM_ PERC_POST,,0.046314040868785204,-0.10932105662593156,-0.21375796760787547,-0.20486765482459882,-0.010530143230750614,-0.07535138658857055,-0.1779029470642663,0.0735071356421414,-0.00535350277362404,0.04773634781796296,0.002907062095877035,0.020585056232266755,-0.1507195122524398,0.22732706089086674,0.032671126675304016,-0.010215572813309506,0.011947600189380847,-0.027716413101293982,0.03558366719567197,0.23601033401773588,-0.1471043939203071,0.06462712204971566,-0.22223941304011074,0.1916228017950704,-0.10166682727968072,-0.16739590803392032,-0.1079594480342076,-0.06765039464150104,0.06772253398633903,-0.0022270872022424316,-0.16489149428449681,-0.15746741350747298,-0.04732218155408127,-0.18406214451491354,-0.18852686595083773,0.04259067696848736,-0.16002689566255646,-0.225667731480353,-0.18178986083366783,-0.25889541342542255,-0.14366170258622213,-0.19472926734916235,0.0108974000932132,-0.1587600613591292,-0.1427680265003022,-0.03136032817316243,-0.12224213608483256,-0.038188672402859926,-0.17265938816807933,0.5527619716070781,-0.17986813559588669,0.36474843469635837,-0.025271678311633797,0.1377151002889056,0.03739203971901752,-0.00953784018596345,0.03780306098535041,0.016440324220582406,0.1552955670339767,0.11982519772516573,0.005261443482476692,0.007009703045180453,0.041078416836152064,0.0699748610135943,-0.07405545474139305,0.15822636291236358,0.12529273193030924,0.28811454815351034,0.24678773379998503,-0.12563995004357092,0.09130394908586226,-0.093990606781754,-0.0003685216132489243,-0.10691189498406549,-0.11690115289582699,0.006568014658126938,0.12633225249389793,0.03960044141286391,0.061978259882272714,0.19415945185677957,0.11984031990921287,0.17441520232969512,-0.017372672561562455,-0.09736957127941145,0.19351587692743172,0.21890693807103226,-0.18716188666148065,0.1859991030752106,-0.16031234707214664,-0.002950931871267892,-0.08231785844985649,0.10273205925140848,-0.23728614498078207,-0.030618721843966416,1.0,0.0667016265082723,-0.03197892394014821,0.02005106311045537,0.07240042571561302,0.13300349174924408,0.13304492947618965,-0.029854345539138745,-0.06684864505399588,-0.004253440230275379,0.08387103447406932,0.2809843524298421,0.23706945470556368,0.14306922351276452,0.0786899922710463,0.09572561887613125,-0.23749738326466716,-0.22929360625321438,-0.21274731445831901,0.008316668286820112,-0.18857963791460455,-0.09726922992760971,0.019326929362500578,0.33896397621862195,-0.18466734582811822,0.05212036192216161,-0.00486571248587767,0.18117436317825425,-0.054110631254840814,-0.1329622317992533,-0.1755591049024326,0.055923052117794594,-0.07471923519492228,-0.7551561402931002
tol_tp_pre,,0.03503827053031373,0.008469145798616733,0.0023872259129385925,0.14768102701424818,0.30123891029679506,0.07058781453537857,0.07241215593397557,0.9164547524741776,0.2562923556064301,0.7807097563984697,0.2765106579825785,-0.1292319262915932,0.028026800814043327,0.10438528363592703,-0.022054786102316076,0.03416067778308373,-0.10960683080703262,0.24737325527055448,-0.23867380271476424,0.2957952437664469,0.02277323972922438,-0.021786560600221033,0.10842501263393711,-0.13850232115542,0.11816769218144585,0.11273748816549735,0.012084336425325387,-0.009828757114384641,0.010721399551701948,0.17734838710977988,0.01808797578551878,0.01022334882143144,-0.06110418893528625,0.012218610941361152,0.047486591830223725,0.08986277005770882,-0.02356569118851905,0.29373255736573534,0.12580595110602638,0.001905286948865757,0.04347860852853871,0.030475080244898818,0.03217023712541971,0.12013282311329869,0.03455432362111055,0.011662197170172015,0.13753457389241033,-0.07387394863020674,0.11733536991856743,0.021425983766389513,-0.09182667427229346,-0.4412536632158146,-0.0695658742659222,-0.12126291609761983,-0.12002849991215474,-0.0561363027538966,0.0014402866891070776,-0.029948650298888036,-0.08739472594358277,-0.1617778459745887,-0.05543622269524601,-0.05207784324367005,0.018520093686435708,-0.0851433364291871,-0.023194314273907644,0.02484803203659107,0.3056150358714437,0.23792160187028802,0.3429335750448322,0.02129259708935812,-0.22758013992939177,0.0749583099902872,0.05341705800083255,-0.05891829227094727,-0.06832175071580894,-0.046051418120049925,0.2080957300479161,0.09461275877817961,0.126993858341043,-0.04833851974316756,0.017102312179942108,-0.11419386972265078,0.12107259969932026,-0.16384795483047368,-0.11770358864601803,0.07549795053562482,0.038764817717279965,-0.03814654445544313,0.08683182128958837,-0.06022416798179669,-0.003930227299028928,-0.10314648621686229,-0.041344991605764436,-0.003545339474621539,0.0667016265082723,1.0,0.28515361088530994,0.7894135537229221,0.2989136600596535,0.2407909016844144,0.26592690264654706,0.004159779876620736,0.1872602065997835,0.17053889456306223,0.3241596456594136,0.25686961956476323,0.37899348053768883,0.18530850865249388,0.14282404248233216,0.15496733866673407,0.06227206861909944,0.17762609486827433,0.15143200807450846,0.07020113470341864,-0.13398382494841474,-0.201873674243575,-0.09734728155947298,-0.04726950037037344,-0.17525556128245653,-0.009836155992725835,0.05704650089464301,-0.3764176184451678,-0.14217848786339365,-0.022104717990183903,0.053447851514608326,-0.08875361335981855,-0.12603593793239853,-0.13690712025256185
tol_te_pre,,-0.024013348116169085,-0.11230032276081378,0.05464785405508052,0.030275181694313973,0.031080413556537508,-0.24744425389092561,-0.12824099460275395,0.2690648632891131,0.9796340980824653,0.7486950169466104,0.277405607522891,-0.12230033183842802,-0.101486443419156,0.20340629504736707,-0.2947878198451603,-0.14175846801069505,-0.36042287587397875,0.05576738047017011,-0.04858923542530342,0.2249475912699703,-0.11222722836255226,-0.13073938761762044,-0.0793802369698906,-0.005158559335757543,-0.09114731730726164,-0.09235293336333279,-0.05754060161280141,-0.07913868707759075,0.07931699186961033,0.02054094709428712,0.05596468326264842,-0.018571320002048995,0.11292705454094905,0.017823967155373745,0.034075556127454956,0.13002429494905424,0.07059645975483314,0.13946571289260942,0.07920883263878832,0.021814777386326718,0.1040897092964793,-0.2056484966863349,0.24016001809669532,-0.2766446296384515,0.0414577478518636,0.3117878416915604,0.21920794966257892,-0.005320799144495608,0.07707728075270819,-0.9576393222573458,0.06654380773091226,-0.9443653181936862,-0.08628206773429196,-0.11920999130170647,-0.07641794949779968,-0.01848323083831722,-0.03306473218947427,-0.029085583140459736,0.11801353463210003,-0.034336464867682756,-0.003152958206893765,-0.019689811290096317,-0.00566855706608514,0.0037585290259716663,-0.18194484477725742,0.06392347513200994,0.033633744297001285,0.18643232202520094,0.12805232062994648,0.08345399234779995,-0.29942324718880453,-0.0341381470740559,0.23536790551744288,-0.07739615692296173,-0.10865388726278159,-0.07352899691744973,0.1257878713326048,0.07398848718547515,0.09100081917787123,-0.027343714439220304,-0.08084157685466643,-0.033801656835814965,-0.0447355785362348,-0.10209409301954567,-0.077907098006312,0.06717067748241173,0.12221285439685695,-0.12149549585534516,0.09872517276810452,0.00218126902112163,-0.0036606509361764255,0.02397716839129018,-0.016582914640052928,0.0008481144754127014,-0.03197892394014821,0.28515361088530994,1.0,0.7942391699657613,0.10776647105335412,0.19103103731764945,0.171974893924942,-0.10097412986560785,0.05673543298989112,0.012316274657503611,0.044054334198904886,0.22155093615295138,0.1424601850490545,0.0641285931065843,0.06295688444231096,0.06106584050553073,0.09719442432759715,0.13452820496262702,0.08262990428450676,-0.048883897155214476,-0.08159750104064824,-0.15558819057725143,0.11589433349132452,0.19339423325633068,-0.043945029681388546,0.010354328336926464,0.255647013018262,-0.5790199769315545,-0.12857574392747653,0.013208226506924246,0.13568154692828588,-0.02401691588455155,-0.052019882493595765,-0.06166964472181209
tol_rt_tot_pre,,0.017652576301586766,-0.054707478375623564,0.034098296533704164,0.08833115977044219,0.1887554197318888,-0.10156444627034565,-0.029147026306647256,0.7802082987840279,0.7628300757414215,0.9774872049156229,0.3375026772700971,-0.15205872615423546,-0.04637867000901941,0.1940290040447911,-0.1837096139723814,-0.05653434727970166,-0.28934387164883574,0.23232208814370148,-0.22281796074670557,0.31655268770564615,-0.04312425105077772,-0.10022006498039157,0.03246924659962193,-0.09935948702849913,0.013713685943616851,0.02173298955311553,-0.01898506172860214,-0.0637135336773183,0.06429766681682723,0.10647542990619391,0.02454211713658642,-0.022469785917088578,0.016816516244500986,-0.0010789748930738544,0.028291281039299423,0.12288152922798502,0.02530339932079741,0.2721239738875338,0.10850344099989903,0.0240475364725186,0.07896101050555217,-0.09686439259944438,0.16124297776616164,-0.08694793938393132,0.05009630736732672,0.2755551715841041,0.21514633566246183,-0.03496876038315109,0.11754543804309744,-0.6764456607369392,-0.01744046902591203,-0.7093091404782567,-0.10574752534372746,-0.15928475783241788,-0.1369371965124951,-0.0693699852596628,-0.031236789548200708,-0.055934194220860885,0.014696018809805905,-0.11945584362332687,-0.047949248361727065,-0.043946310521611416,-0.004870195570794061,-0.05598981957176539,-0.11820059847711036,0.06887151078628768,0.21731686675400652,0.2598573016398147,0.2950073057718958,0.10616881310330707,-0.3303496046623718,0.010971252975574353,0.17009510246518025,-0.09512129454671102,-0.12234157972909554,-0.08423114536020791,0.22590301510361158,0.1167352270616616,0.14974872663331212,-0.03905648797445381,-0.03793383334588795,-0.07993189615696951,0.040690354746884094,-0.17325123338274317,-0.11508010787831825,0.10745681860082855,0.0836580745624994,-0.08271371230644842,0.13198838842764823,-0.03245478547933039,0.009392054335093294,-0.05986133071870718,-0.025382746180641652,0.007744446823485692,0.02005106311045537,0.7894135537229221,0.7942391699657613,1.0,0.29017733593054995,0.2633152487667668,0.271196491356728,-0.0691646986368237,0.1197469165107367,0.09078636877750468,0.21255113306210832,0.29646021486949875,0.32317104410847813,0.17078635801155784,0.13587197951550972,0.14445721158009767,0.0902639159271803,0.2061574561795538,0.15995518994596092,-0.00029530946354409655,-0.1455517552426787,-0.18579065702507028,0.010313799818135917,0.09917994946100203,-0.13793160511443406,0.0221432313771919,0.18321255955955654,-0.608429492838472,-0.15770179731728184,0.02116793089389161,0.10632778081415632,-0.08212355322400171,-0.11055065426050029,-0.11358550230212437
planning_tp_pre,,0.1630819596728245,0.18755401064078112,-0.19428197170357173,-0.24334929850845977,-0.11559579366466773,-0.12888872759885464,-0.04169228040702837,0.4204639435330816,0.09937379266631914,0.34772414330978796,-0.040603397016631015,0.062298583423143365,-0.10912121720668379,0.13487384735258626,-0.21311128020782108,-0.19915075328997747,-0.2361061142346415,0.8176714573323317,-0.8039821490373773,0.4993796599032993,0.28459708298558334,0.22073092645977382,0.22253832739505097,-0.04577143719683269,0.24129334156761043,0.22616658685062407,-0.0266014067710833,-0.018149362068314835,0.01930131490615372,0.2196142727888239,-0.038923202521376064,-0.04723987255495365,-0.04836038109941518,-0.006261951171505587,-0.028890092856076383,0.10971583799703248,-0.09995370856938186,0.06855872464354261,-0.1291884819003052,-0.1621318540202325,-0.09555734683763444,-0.16011990283900882,-0.0313371401320425,-0.0812259668453443,0.0074825886393316225,-0.024973904104934525,0.039584806529226635,-0.01941944643771984,-0.047576717235823525,-0.36141777987269824,0.012363570169461909,-0.358085294588359,-0.01940560989523081,-0.0034514325019722215,-0.011974129353276403,-0.0627940622564297,-0.07022126184241957,-0.07467545251590893,0.012611928282418486,-0.08994914724814294,-0.08012801633880792,-0.06522359286111944,-0.044705692832196144,-0.06862749682082493,-0.1173099116209332,0.005390143955082202,0.03716022946379727,0.27096661385362186,0.1767283982165677,0.010860523509717133,-0.03922100752773769,-0.12847848866969502,0.014989061428726287,-0.12250156777926897,-0.12294777571704742,-0.14734508107034164,0.3266777431994806,0.3484962431752541,0.3688408396650142,0.03797574213881263,0.059745794727091524,0.017176732094973404,0.03934256265299014,0.1645048402247923,0.04899902641168796,-0.21984801380101365,0.028794278239549675,-0.026830014290846683,0.2783369659428342,-0.010948127373839031,0.009621205796089206,-0.027709262795343595,0.0025417572949801904,0.012564971719179415,0.07240042571561302,0.2989136600596535,0.10776647105335412,0.29017733593054995,1.0,0.6187853930029101,0.489248541322776,0.05253786265284307,0.10143397449590916,0.1756402240279449,0.04211343581709557,0.2464841615251745,0.18944897729161556,0.3134415476420104,0.3666586006294159,0.3707446334729988,0.08406126699823861,0.17804146282480093,0.19244018151720216,0.14728948793219845,0.16312945278254562,0.04021716319617216,0.041073124447090804,0.047232441511402816,0.053896863364474856,0.039509814991774084,0.08082341659291455,-0.09632117544759464,-0.18145780452783616,0.030902258551564567,-0.0626866808125116,-0.06456891581091209,0.08164914190357472,-0.02834026216776167
planning_te_pre,,0.19968059221461687,0.07751390753462002,-0.39920162848981433,-0.33247211924777464,0.07099961520699014,-0.3223011270031548,-0.3920350037281035,0.24590603036730996,0.20174529922846074,0.28486596782869406,-0.23320741585400115,0.29543132142560175,-0.4674223208824541,0.129985032303564,-0.48958882361148065,-0.3299117338562197,-0.5473802080861936,0.5605401818186255,0.9279774213024876,0.917021750172149,0.12974058304693187,0.2450611211295254,0.2967223734208614,-0.2824101150440023,0.5627674700879015,0.4372373326891532,-0.05438410545447153,0.06501250435777511,-0.06368276921837863,0.300143527179733,-0.09727895150918948,-0.08616174423202384,-0.32775882113261845,0.08706897743099326,0.07190209711612476,0.2999406615967205,-0.5477356942703644,0.030641006935812808,-0.4097553424014792,-0.18173705617944141,-0.20887277902102155,0.11879069186505459,-0.14844553059686816,0.04896397232222089,-0.17485615911996055,-0.09823953613521368,-0.15201474366529125,-0.13880860191226785,-0.14726445247824618,-0.8427297333490759,-0.10219541303090794,-0.4173344346867266,-0.21484600216436148,-0.03819192078576815,-0.1256738475219095,-0.08430315359573534,-0.1280294562046558,-0.11970169584544693,0.14019995023344525,0.028388348373270676,-0.09908192842333095,-0.08213919332140758,-0.022099695144671336,-0.019012937481629938,-0.29015471338310217,-0.291239124482969,0.1921391953730046,0.3516202876792759,0.3259062549073415,0.08791727193214904,0.1663204471143149,-0.370252934191627,0.1772744822828564,-0.3158931489191285,-0.2772658156398704,-0.3547548772431229,0.3692630943219807,0.48076643187877877,0.49091893096771266,0.07204448044969021,0.19368077135622852,-0.0012655753945667448,0.19242481990024832,0.22877582137556793,0.08190468275725707,-0.28240392335361314,0.010624772261731962,-0.009801990317042932,0.12242104056620098,-0.1411236504889204,-0.20935569408689964,0.00544981196696245,-0.16952850785564036,-0.16089309066612645,0.13300349174924408,0.2407909016844144,0.19103103731764945,0.2633152487667668,0.6187853930029101,1.0,0.9852377079787886,0.08446143723712853,0.2500295766588015,0.33735595685402525,0.18975158463280792,0.3463747297402869,0.33530197046695,0.37982814616087207,0.527572925783268,0.5191243828271087,0.054896008742278596,0.02620652619277831,0.08962882158020388,0.43140470526636954,0.22113915955982455,0.2500873295527163,0.10462761281284408,0.09509232541713394,-0.0858489236864474,-0.08449784956805767,0.17285093733084247,0.05625621075831401,-0.577847463066111,-0.17085084652371924,-0.34216349881376457,-0.07406836083636494,0.10022058193404237,-0.12455023881640848
planning_tr_tot_pre,,0.2127534154137391,0.08068900452064709,-0.3951520165933438,-0.3509533732075682,0.03751254984354758,-0.2985456943432364,-0.36268685392938355,0.2759413184103847,0.18202032160396237,0.295296106089474,-0.21144469477692568,0.28091696073047184,-0.4424620914598938,0.1081094407981356,-0.4757763626263296,-0.31431094502959783,-0.527121231531721,0.10951797858110322,-0.08082489380425116,0.9129473304398228,0.17179386032168253,0.26552445580832434,0.36677024908104405,-0.3443699498674393,0.6034870416248571,0.5170039923177154,-0.0044117672034107505,0.05797409553635798,-0.05664662848194958,0.29876714444965846,-0.10934981523211881,-0.09867166043182601,-0.3706126618846017,0.08636880318172731,0.068447817214772,0.3475454802972616,-0.533987578374085,0.025107533643193368,-0.40084826416646413,-0.23150542237927013,-0.22545497137716614,0.011251937218401535,-0.15288877322461425,0.01896607978131172,-0.1682993410583509,-0.08130444363936053,-0.14101022027433696,-0.13768915034657855,-0.1457217968064162,-0.825732862542678,-0.09485557925626405,-0.4728614504718655,-0.19144172249335564,-0.02180333970998124,-0.10885763612024599,-0.0695043356118397,-0.0961819509718622,-0.09323493954217899,0.1366350691245908,0.0071800760029984865,-0.08903090135637642,-0.08245588213832562,-0.023515285090623287,-0.0230791128906879,-0.2686572465531144,-0.2699951287232799,0.17854499684901132,0.3522304626335481,0.31927074608011136,0.0716580587435269,0.14517563620259974,-0.357330480994364,0.14161266318778054,-0.2856295014126746,-0.2455286572487385,-0.33315087631693585,0.3972340072948786,0.4759796079637726,0.4927572377188176,0.07009430719919015,0.18044019485131504,-0.003506904274538183,0.17902817096915954,0.23962307148197662,0.07791588621171935,-0.30124524710870176,0.023031765641585523,-0.02213819170557838,0.12635968179738796,-0.15195875052436922,-0.21042260439276178,-0.009663089208693352,-0.17488662461111795,-0.16777768155477954,0.13304492947618965,0.26592690264654706,0.171974893924942,0.271196491356728,0.489248541322776,0.9852377079787886,1.0,0.07919368237835853,0.23994755022510478,0.335150580671098,0.1715373636687464,0.33897598615849744,0.3261035922083348,0.3973979633202917,0.5175633492105396,0.5153871897184285,0.06201941061578096,0.03644775736846906,0.0917800798240735,0.41586369397531375,0.23491400940385662,0.2208491331623059,0.09776456490541395,0.08885414617278556,-0.061997084281813344,-0.07784575000447358,0.17677908283957952,0.03497092801090455,-0.5976695514039145,-0.16345348647937027,-0.33650697422304077,-0.06535767461162063,0.11003663923979072,-0.12428119105883625
pwm_tp_pre,,0.13945722748129677,0.2266616569163224,0.028355761231200163,0.1049805069382722,0.06751858193830582,0.00850342839535274,-0.06894318344401694,-0.035791392609090505,-0.1292150516898786,-0.09832365028967167,-0.04298595873516266,0.25852571147870373,-0.14444799142915543,0.1032565680633025,-0.06713055042938046,0.01263992991647301,-0.04866348491411463,0.04262861246985451,-0.04141299414019519,0.04292080531410777,0.07028772306593374,0.04144647075762543,0.0542570786366883,-0.010353112166649182,0.05253189371625131,0.042094378576591776,-0.012269493924891033,0.9293220915204836,-0.9280693967381276,0.35953264396395024,0.3027240694795379,0.33475383144072207,0.12183140921459078,0.32667526447266454,0.3413622317185503,-0.016151232997288597,0.12816660131442836,-0.12875780948206594,0.07491206029073261,0.12621819044265772,0.0009561560629566076,0.28614434621337165,0.07931275284560112,0.04669254561669535,-0.0661115625455461,-0.10637700162633965,-0.17194409611346173,0.006618407571545624,-0.06388901423699224,,-0.07942234767518248,,0.03568188124518193,0.025585677543168706,0.032707163172212166,0.11857536608470548,-0.10865994430886648,0.004891945417343608,-0.012507043608937335,0.0781220418854672,0.12797333514746942,0.14741843953960038,0.09070340036552228,0.10582743797387831,0.002778087400757523,-0.12598572401325675,-0.14063987999725114,0.042069590169404494,-0.07207438848707916,-0.12682070690201885,0.2257821982728802,-0.1473613992635787,-0.1049747755624104,-0.0054578283352511164,-0.009131431020613645,0.021991060443423357,-0.18107006623090813,-0.07863054605103144,-0.10752867049365329,-0.33315229416492825,-0.20493890360425002,-0.32216410406307,0.04401198998267821,-0.14502708309634296,-0.32504485443208697,-0.12802373393163113,-0.0751832002151684,0.07431517580203212,-0.11073018974533975,-0.055719344518684336,-0.13167717091692668,0.06479311396487034,-0.053020090578092344,-0.06832331583955743,-0.029854345539138745,0.004159779876620736,-0.10097412986560785,-0.0691646986368237,0.05253786265284307,0.08446143723712853,0.07919368237835853,1.0,0.46913002590323843,0.3806266258498328,-0.12745665638711154,0.05033842216092925,-0.06027141455915269,-0.23894559711825988,-0.09997881191650548,-0.14085671212796838,-0.030700176452810157,0.020946253367421248,-0.06313188412680205,0.03847810141905813,-0.022336824938616648,-0.0626814878740387,-0.006982808895097597,-0.05474002377605118,-0.04756491774710891,-0.310067505557287,0.06621072794598636,0.010779642304937389,-0.21485561442622594,-0.2720073141238058,0.014117796999024407,0.07156048275912846,0.09344397290998403,0.013299413935718388
pwm_te_pre,,0.10036125873625358,-0.025162554725519162,-0.04583767178724275,-0.05617948082212025,0.1427986404710587,-0.14300493761987237,-0.04671383498640601,0.12463953082201766,0.04631190880352394,0.11217049643818403,-0.06245380570086704,0.20269605748136968,0.007777911959705056,0.059100660781302224,-0.17224158079283758,-0.09061670893790089,-0.17071246948783156,0.08940880395501363,-0.08500819881259011,0.1601835146221946,-0.007772912233495153,0.02372366221298716,0.08633052105760408,-0.11947380639532183,0.08427938295716778,0.11684212261494253,0.06879533204231109,0.24741439995358486,0.9278335741213206,0.8431554675501637,0.6741262198497184,0.649769729199634,0.2521661433769693,0.7392264070595654,0.7230620232359443,-0.07300550829323668,-0.13908605654414607,0.11613485234999926,-0.035401578896560544,0.2185108145183142,0.0050031121785385265,0.018019835936982538,0.07090755900823473,0.08425888107409038,-0.0401131740450782,0.26547550633010863,0.008122724923974384,0.09068117596746784,0.023230713946786205,,0.0224126765267976,,0.049154394618268704,0.1119122524377088,0.08124344963863657,0.10442107804159972,0.015239091189277564,0.06425331453204622,0.0813686009749325,0.06468451524773469,0.10349704147845527,0.03979610870046978,0.016360431319213834,0.07414128680652016,-0.127832905880661,-0.015593042680609601,0.031320100189183735,-0.05475073859092024,-0.008775611847240374,-0.10012788660947017,0.08551888133677842,-0.11864888394430374,-0.08371483118912026,-0.05189248670833904,-0.009248935823068133,-0.11807738639763683,0.02452788569315271,0.187712863000396,0.16460796110237458,-0.020682938274963123,0.08917424201348105,-0.079512009379746,0.09159490501292708,-0.013055460475791057,-0.0476258193819262,-0.016098710693601102,0.054145760514721177,-0.05355197206994188,0.08004975126938124,0.04603290159749093,-0.03408986717110623,0.10851989649474518,0.03798193128027081,0.020841315769490432,-0.06684864505399588,0.1872602065997835,0.05673543298989112,0.1197469165107367,0.10143397449590916,0.2500295766588015,0.23994755022510478,0.46913002590323843,1.0,0.9093869243307089,0.11552590920690961,-0.024962067980813237,0.023955194522960403,0.08914160962301139,0.20093849086216378,0.18150269253068008,0.08900429120502198,0.02594159487470708,0.010371723702049291,0.01250137095988043,-0.009343752292054218,-0.025213763468233688,0.04552194663461054,0.03131836109400274,-0.01736570319959849,-0.4632122595440309,0.04764140788639994,-0.08802118630259503,-0.1053488588123685,-0.6556951327822688,-0.023315639484641906,0.08087156043042269,0.3529361522022899,0.06975075045591343
pwm_tr_tot_pre,,0.18802198433114367,0.09929094860263667,-0.07821391098603346,-0.09331057381906643,0.05663632309968256,-0.1786465142150547,-0.033887327014030515,0.11139745754822031,-0.0013071584552077522,0.07572824924125757,-0.0623571934577661,0.32145342459126613,-0.10434079985944764,0.1301538202625984,-0.2024208620568782,-0.05556533767522027,-0.18773790878031904,0.1440171800200122,-0.13705794727717496,0.2438514531994426,0.028916621188074497,0.05409372873192526,0.1523788168066904,-0.1763754382092108,0.18497120097824796,0.1937047327470639,0.0453128270683607,0.12525570585101695,-0.12093274912258609,0.9419565552704432,0.7031647004896182,0.7088989038664455,0.20906434572662844,0.7974596655757611,0.7991323007670829,-0.025639974368834917,-0.10894551602698324,0.001053883077276334,-0.023081245087517896,0.14292329486643104,-0.04598366785478808,0.001379411510939328,0.00993793537929814,0.005415604411118244,-0.09678524053620291,0.2849860764978868,-0.09061142594793446,0.025219487599698574,-0.03441308819608289,,-0.007420339253138282,,0.032461872958154864,0.10680686904717564,0.06910755956907524,0.10748295513922379,-0.013871970894074624,0.05113125504274622,0.08954253173042333,0.1206970278817507,0.13522639118278124,0.08217636652133353,0.09221599419373222,0.1223629591427113,-0.13656776031014525,-0.06444433047787905,-0.032258462654919114,0.09574497916078341,0.03209268663768881,-0.077386961420274,0.16350479210102004,-0.20758447170062436,-0.11665168193484199,-0.13367161313839815,-0.06621218179453683,-0.19622597340260128,0.029570295002334337,0.19731964422239384,0.17290577971491503,0.04185666584792945,0.12264155158201841,0.010728235364520592,0.12079812672034401,0.02110243188858514,0.045428464369939185,-0.041160900358447224,0.016313024665003638,-0.016216427312154554,0.012243600222864323,-0.0565741876409274,-0.11738766420748165,0.03457568886905092,-0.05039586408461306,-0.06561129236607087,-0.004253440230275379,0.17053889456306223,0.012316274657503611,0.09078636877750468,0.1756402240279449,0.33735595685402525,0.335150580671098,0.3806266258498328,0.9093869243307089,1.0,0.02544728961171766,0.12393797109003302,0.06536875217242241,0.10466978429617485,0.23099514645184976,0.20557294357577477,0.03840813081951785,0.020425136038291186,0.000622482988561715,0.09224931536435554,0.004058330204936274,-0.0098128306001937,0.07908385556972561,-0.02932022186301769,-0.06027498155708186,-0.538424240665681,-0.015075956331466361,-0.02571082887774846,-0.1701101003508759,-0.7011114644640725,-0.05319879678049356,0.10250811132005806,0.3425386643525207,0.014608856726435956
tol_tp_post,,-0.27069272370660874,-0.1952947341516223,-0.03074646770143807,0.25939937135681246,0.44082713324757594,0.003270377236224752,0.21742138019670357,0.3062313814774353,0.0774880596552021,0.25619024460895107,-0.0055995175216843164,-0.07157912286386683,-0.0015594225531991178,0.21535154703289705,0.11353312702329409,0.012282089069561795,-0.0017120962824186585,-0.07948319538415496,0.08696549273179542,0.22213005374089326,0.08691477217556065,0.004136073324987941,0.09199461208744826,-0.037580741550479003,0.14745895562719155,0.051087558170178494,-0.0916252382958934,-0.10378662946045503,0.10391750416577156,0.010218733452405013,0.005260806328242334,-0.0996618061445889,0.10973292386856626,-0.04508757224046849,-0.07554476485424585,-0.13295120823161816,-0.03040499186046349,0.061416178085223185,0.10864839530809298,0.11335365847618037,0.06139347147051904,0.4307750244486061,-0.12115640806661425,0.46465001225062663,-0.06439346321668989,-0.1450828196013813,0.1489571369871935,-0.2833353128769847,0.02189517367482965,-0.9471619393483178,-0.04881274563315966,-0.5873756790090018,-0.1672475255256335,-0.18849878810451015,-0.1372031558919225,-0.14645933852160578,-0.1689133671348335,-0.17711233955188765,-0.10076437780631113,-0.2036006828939372,-0.20586431314822565,-0.1642054520324838,-0.17425806366219027,-0.19988819039932249,0.05221932649186773,0.12456612180792857,0.9351276469705924,0.23919951676750023,0.773153410063395,0.17301196342299546,-0.11222136471697737,0.2697998662144796,0.2779422428518479,0.09809823871896695,0.13858115605208002,0.26729284178018997,0.18241243152159084,0.0390587817271285,0.07413315056581858,0.09331181196159803,0.15152434142456428,0.05771343802626647,0.11315200250159542,-0.0056814686321537316,0.08631894201757287,0.15772360960758683,0.029446180745926864,-0.02973852362370446,-0.042308370345461796,-0.1616463513087951,-0.08938633964945869,-0.16345658370235203,-0.13750090385604394,-0.12495114956299028,0.08387103447406932,0.3241596456594136,0.044054334198904886,0.21255113306210832,0.04211343581709557,0.18975158463280792,0.1715373636687464,-0.12745665638711154,0.11552590920690961,0.02544728961171766,1.0,0.22664690079097802,0.7916759174594485,0.21323504476001187,0.09882002703723272,0.13291694753181357,-0.005640483075356814,-0.03738457623693468,-0.03869710337968202,0.17505192573643816,-0.04203170382833857,0.13520257312100392,0.041111663952145154,-0.09115987723727949,-0.1598306904315785,0.007046717948053374,0.2350385477377239,0.4769784428458381,-0.06088163096295315,-0.062287942355109954,0.025671543143105408,-0.20200535586052462,0.09168628186242218,-0.11843474850866575
tol_te_post,,0.06397135572676768,0.15472408807104263,-0.3720018965331884,-0.29271338704366556,-0.24661185046655337,-0.2784070659066109,-0.23301485391847676,0.2528724441706007,0.21311936166119508,0.2972132692196629,-0.06364870167961127,0.20261078728405438,-0.2544269933800137,0.11184237934135109,-0.28823219847460474,-0.23402961725914515,-0.3275737907075236,0.1492062397162618,-0.13625966197031245,0.41306262822598194,-0.09550017901411485,0.05360106434108922,-0.0991148963421561,0.058620665190370506,0.10368383971826685,-0.034163862493280656,-0.14303537588115944,-0.007401502174792554,0.008275686708840536,0.16619354014166143,0.01251359927030462,-0.06822253083060703,0.06589083301840121,0.022430204501240888,0.010930589629265183,0.27849200276311753,-0.20846409407147795,0.05824176507833987,-0.1660505516487105,-0.10774316719586251,-0.15644566509185973,-0.01600593531542438,-0.11831388563351751,-0.16366917295941882,-0.1477099827074507,0.11228014216548408,-0.22822547483120026,-0.007852207929898325,-0.2408442943837901,-0.6525229796880287,-0.2796379208520838,-0.13078871641557027,0.04166621534781299,0.07256248551192783,0.06817212947770826,-0.015141037814449055,0.051021549306867725,0.02094556482838969,0.14067613417623911,0.01949721135735681,-0.08039465819179471,-0.04498118760483266,-0.08702752046262455,-0.0188074448701257,-0.3066670565380307,-0.11830760776858729,0.2759434133477288,0.9721335835803048,0.7325204268292861,0.21388723805650828,-0.025429302314018486,-0.19235966304211102,0.19574984832377065,-0.16238307131811056,-0.10489304048955905,-0.15019958234858236,0.37992135193160476,0.23823679810378715,0.28736825828631396,0.1219200688165663,0.21132506760126482,0.06278156265096628,0.16491057025013342,0.09120591233344219,0.12638660231438928,-0.05699831527926649,-0.07212186204718928,0.07220876541498404,0.014236125786153927,-0.1000406840325511,-0.10044643973819531,-0.046435706083463285,-0.14082536449225833,-0.08973313955440348,0.2809843524298421,0.25686961956476323,0.22155093615295138,0.29646021486949875,0.2464841615251745,0.3463747297402869,0.33897598615849744,0.05033842216092925,-0.024962067980813237,0.12393797109003302,0.22664690079097802,1.0,0.7557620294983749,0.361856466428805,0.30278874046189524,0.32815360373397834,-0.07513093110544516,-0.00335531678462309,0.04119351691964517,0.19149239175245222,0.04941004776574067,0.2118617055356682,0.04311820590634234,0.11313682375853919,-0.08431370432670733,-0.02248785018449873,0.15950968174783509,0.37306754390533703,-0.05903286942933506,-0.030867437201417665,-0.2289052104091409,0.010705876690198634,0.05421851746381077,-0.23513527382049712
tol_tr_tot_post,,-0.1444184684537942,-0.03765420992527588,-0.2503037844596044,-0.016028753493754586,0.14053419136909015,-0.14705473903214614,0.007988342071183286,0.3897936901346542,0.16440199224964924,0.3638759246200288,-0.05731707170153901,0.07009112297545987,-0.16358558028111422,0.19723062859908358,-0.06968227700925846,-0.11260590615669992,-0.18863126609588726,0.05136276931625617,-0.03841559342413321,0.40387603044347226,-0.0052906066662389275,0.027135573100868553,0.007895093465253732,-0.006699045319375001,0.17872617675873892,0.024684946707955742,-0.15342908791892984,-0.06984657005744635,0.07036739816124105,0.0912670436418382,-0.02039707584569373,-0.14237687502011345,0.08943508110901704,-0.03971594541371159,-0.07034028865764129,0.11138368574264329,-0.15831159153858546,0.06860451272362629,-0.03587676657365088,0.03812719555835354,-0.05305419136670965,0.34310382338380996,-0.1725674300329011,0.23236209139766237,-0.11805409519160544,-0.0328994865911463,-0.045154576818901795,-0.22061096849396278,-0.12544076763397943,-0.7524079489098725,-0.21883342152238017,-0.49321973572940736,-0.07488972567056162,-0.07373011515445582,-0.046697381713848025,-0.1025626484435325,-0.06763653501725757,-0.09499522691145991,0.025131752515710638,-0.12085605709883156,-0.18332088351585143,-0.13051224683327295,-0.1629539332335503,-0.13948529087012007,-0.13261074794491262,0.0219627037037401,0.8128371713336318,0.7598100994321003,0.9807653339369333,0.26435868349620234,-0.06967468358247035,0.05497882480255202,0.29063524756691894,-0.04563039574051686,0.009910286940510287,0.08248991812482295,0.38590929946680197,0.17163746349366307,0.2322699738207173,0.1420712990151977,0.23249644893527577,0.0850856273911833,0.17068284841598447,0.07277721770549284,0.1441492981411055,0.05317365160066573,-0.03077346369739266,0.030670297445628752,-0.013852488570400272,-0.16646247984049872,-0.11172332396473343,-0.1425408974064996,-0.1769631507549362,-0.13639206735022882,0.23706945470556368,0.37899348053768883,0.1424601850490545,0.32317104410847813,0.18944897729161556,0.33530197046695,0.3261035922083348,-0.06027141455915269,0.023955194522960403,0.06536875217242241,0.7916759174594485,0.7557620294983749,1.0,0.38597873821079376,0.25418342489592044,0.29842336029119376,-0.052879383336628547,-0.010720364475876744,0.014928396493080786,0.24851343271938928,0.0215194545496773,0.2450244954563485,0.047917794681750905,0.014318802475748531,-0.1498522449124499,0.021180028280102015,0.2394823432833718,0.5543965905194614,-0.07294730398553988,-0.022799665564713578,-0.13080070225786156,-0.12142205058697615,0.0949810464755993,-0.22512183602090488
plan_tp_post,,-0.0856268284740235,0.086556289182306,-0.14532563198325518,-0.16086237907138948,-0.010860782337006668,-0.29074303591717116,-0.11870286823234438,0.2442906458966707,0.08400649693788505,0.2171182522883719,-0.14702950748966387,0.061385116876840874,-0.15120429787645465,0.20047137875084942,-0.12941086505776764,-0.10369899097074024,-0.24219687191530914,0.10797793101793805,-0.09361750715139242,0.4531703964747095,0.03969811191285456,0.1814890726265094,-0.019906090019044382,0.07272530939081413,0.05937894709781588,0.04540207666460068,-0.007368407502787851,-0.28681652847947714,0.28784429995860095,0.15951025216499873,-0.09344266390384355,-0.053777704553675226,-0.11205429870380362,-0.05493023785286088,-0.04088143690600724,0.27641859190580315,-0.40436740891230605,0.07441874328440298,-0.3629400113476092,0.06694492315021426,-0.17907272525058543,0.07258414123434022,-0.3313095295232127,0.10110620524315705,-0.1540791068686997,-0.12072908637578506,-0.17534277570289117,-0.12929958575881054,-0.2456168028474267,-0.33702035298924216,-0.27432401704948034,-0.03399352278230673,0.04403886545448809,0.19261150977994113,0.12119597367405592,0.12446697314353912,0.036301372438905376,0.08904173035555668,0.23831701201556874,0.1889501114987258,0.07424260717689966,0.17580614757535076,0.13137875757539344,0.17552839758632444,-0.13811552191730486,-0.1677321218359067,0.22928673301732208,0.3940634507364539,0.37737670743294705,0.11538617419144966,0.022550932955433707,-0.2647745787204251,0.3123918953267478,-0.2726995185868722,-0.18433744758067502,-0.29365154375247454,0.9373487218312703,0.6193070147698204,0.7357185156353907,0.3264282875543926,0.3906987828007822,0.2398601120035965,0.20392266000755344,0.3563163464887942,0.3379120648399341,-0.2357317807104911,0.18914724809975897,-0.18759162204615282,0.2160770833851618,-0.09667232502679919,-0.14086161672895386,0.019418417848041665,-0.13987327155718435,-0.12590513898123443,0.14306922351276452,0.18530850865249388,0.0641285931065843,0.17078635801155784,0.3134415476420104,0.37982814616087207,0.3973979633202917,-0.23894559711825988,0.08914160962301139,0.10466978429617485,0.21323504476001187,0.361856466428805,0.38597873821079376,1.0,0.7108818137306845,0.8196916465884586,0.2071376125532559,0.1826930170090678,0.21874375961862674,0.04625470193797996,0.2574825914419017,0.20312776809074573,0.20094787761287725,-0.051573246617718185,0.21266787537612108,-0.060639053403741705,-0.041590755851356985,0.17348764311282355,0.3377477806023805,0.11902940250315476,-0.3764385718715278,0.15973127646510174,-0.07991341634893628,-0.12405605189635918
plan_te_post,,-0.016440654407370837,0.22627704640035373,-0.23735608415557857,-0.22474348542118872,-0.15716715260453246,-0.44584077972752223,-0.28812081906756487,0.201777886777255,0.0731132216485725,0.18147439566116405,-0.1821821284613181,0.16195680398591428,-0.27037761635276913,0.17789271364871315,-0.29101349930885073,-0.24434845222096716,-0.3798671540117556,0.15645248627165192,-0.13917970684961842,0.5472430039708197,0.02198637405396589,0.1590232102138027,-0.013570460617467072,0.06131617151986909,0.10230141484900405,0.03874245292181058,-0.04648682674818282,-0.188616226828368,0.1898669932188286,0.21481067523666994,-0.04128789681759252,-0.040450794971070736,-0.047922072858664504,-0.012792117592134814,-0.016255891572413392,0.13928143174779523,-0.4003373697194689,-0.01572500976048708,-0.40407423205985027,-0.14312317742540645,-0.22410917125668614,0.03033975073730819,-0.28270460518727136,0.11410773986666718,-0.18664326115545093,-0.19335706482767953,-0.20615909739077629,-0.10146044280947801,-0.24936263158455205,-0.6273839480457717,-0.19622629463791302,-0.049110114656727294,-0.047368562083190305,0.153001621850111,0.05895129734459658,0.024387868327741005,-0.12166756073358881,-0.05637126796467825,0.2612107268079463,0.26773621980296997,0.06172646774341982,0.19926091558244396,0.10344409329375201,0.19857720092907644,-0.23015568630784347,-0.2941503115828769,0.08298761174782057,0.3106148409896714,0.2309852928125194,0.03682504324970075,-0.038432475844662146,-0.40261162642133924,0.20382964123241573,-0.3695187867939324,-0.2543064812765086,-0.4708903649233267,0.6315508059964612,0.9352461593961042,0.9347050741430333,0.31416284361987884,0.42653768782110785,0.22823150220540087,0.2524279510523008,0.5643784508175386,0.33858802810022753,-0.4659341206326991,0.16733163673524026,-0.16444650092940719,0.4055507127760301,0.02554392283911989,-0.027111167535029262,0.08584031448501042,-0.009937449070199571,0.010734305664766512,0.0786899922710463,0.14282404248233216,0.06295688444231096,0.13587197951550972,0.3666586006294159,0.527572925783268,0.5175633492105396,-0.09997881191650548,0.20093849086216378,0.23099514645184976,0.09882002703723272,0.30278874046189524,0.25418342489592044,0.7108818137306845,1.0,0.9847306751471017,0.2216394505515233,0.3565943936229642,0.3690314420758247,0.11822354891890287,0.4891549682624222,0.17144977619746518,0.29242546765441657,-0.010370933130342826,0.383222243291738,0.00923898774618749,-0.07424836722116321,0.09366836276188169,0.3623925761117476,0.11988496540037681,-0.36515024943467134,0.11965693595587074,0.006619350295431724,-0.06739888430224367
plan_rt_tot_post,,-0.04054335098855387,0.2006215153453812,-0.22336591084345467,-0.21980994284994237,-0.128241405466328,-0.4276796378564197,-0.26176526272552963,0.21762315640923152,0.07501693694652424,0.19352085548277523,-0.18778948573023163,0.1450985261739854,-0.25219832660631786,0.18910986631699717,-0.2643894858127119,-0.22302249129425772,-0.36112894056077044,0.1505722278251339,-0.13315998392507106,0.5511820564524609,0.026267893029895833,0.17146890693187344,-0.014061730043331088,0.06421893259899011,0.09716153770165857,0.044081816680380595,-0.035858427965108956,-0.22094438502640265,0.22216470738774052,0.20516996467465967,-0.06316237442869281,-0.05298979070697047,-0.07129423966393862,-0.028294924022347106,-0.029033813349354773,0.18276802410463255,-0.4244745853695123,0.004104307953107321,-0.4189715195333064,-0.0943318197262347,-0.22293388259783922,0.052484043038797105,-0.31312831030814464,0.12652611518521756,-0.18605623487181583,-0.18843808313851076,-0.2098953013519947,-0.11044953222089915,-0.2596279155249188,-0.6169868847629378,-0.22292674167516446,-0.05205873667546375,-0.028894761210654627,0.16795952011082022,0.07558796311506943,0.04649632179444863,-0.08934825096445087,-0.0257255997385686,0.2664499313242585,0.2591342287517519,0.06435067539773186,0.20257966627719357,0.11329875858663337,0.20013593434154225,-0.2181946404273689,-0.2742446700270969,0.12521581393491435,0.34407035323428764,0.27850966664923177,0.055616233003101034,-0.022800940143531193,-0.3875973205241371,0.24491869939952318,-0.3601594522683599,-0.24480112310126056,-0.4480198514927275,0.7429162443151134,0.9118988936845738,0.9399666258684748,0.33271720352020906,0.43746331034375835,0.24355535002574125,0.25047464755790766,0.5513471121112812,0.35685169265886324,-0.43883822722537935,0.18766381635124535,-0.1849481869190727,0.38093412589420167,-0.00844466562885938,-0.05772683906822039,0.06650709753118411,-0.044574781331835164,-0.025718989584733745,0.09572561887613125,0.15496733866673407,0.06106584050553073,0.14445721158009767,0.3707446334729988,0.5191243828271087,0.5153871897184285,-0.14085671212796838,0.18150269253068008,0.20557294357577477,0.13291694753181357,0.32815360373397834,0.29842336029119376,0.8196916465884586,0.9847306751471017,1.0,0.23340762695749886,0.3311351525169586,0.35001612471757815,0.10517231517563258,0.4670742791846845,0.19007520084240526,0.28272714372810004,-0.016537342997576452,0.37120922988118976,-0.003349732656320202,-0.0708983421388549,0.12321806474623878,0.379028003466439,0.1263819250446456,-0.3875662083535399,0.13284791056511483,-0.011289358949854032,-0.08241591764813086
pwm_tp_post,,-0.10254282733142722,0.17164820349355817,0.016306954233847603,0.029397210602995365,-0.0693081359181786,-0.026954431885046346,0.007258049949830795,0.0483489507005069,0.08085890202071046,0.08145350094593516,-0.07987576553845771,0.05278042332869999,0.11567777796869022,-0.006125826168566832,0.012342372381218594,0.0077119068177907285,0.04222982331804878,0.03902646363277776,-0.037815459968174245,0.0428275324641008,0.05476698914667161,0.05500612153195544,0.03814835713368018,-0.0058505895034782675,0.02713708140852891,0.03688017815685213,-0.012489336164339174,-0.03692148218744015,0.036924144257149086,0.0015142539143974943,-0.03309606418141389,0.02448753304557569,-0.08289600851821173,-0.008029921227044176,-0.0068489037974878006,-0.06659997273806523,-0.10901922646121036,0.02325823492526008,-0.048738886830414746,-0.15539892588150575,-0.08620863945744202,0.02781692005058595,-0.2602830337921102,0.08410600523026411,-0.0990285117851982,-0.13179689782611806,-0.20852056397589055,0.30683893261725065,-0.12365614842091863,-0.4333784183652961,-0.11414239128501591,-0.06127066358618414,0.12023922966390506,0.09981013207901884,0.11328153781673915,0.037949346921719605,0.0753077391586184,0.06383898870602399,-0.0074722590615032185,-0.009588665460974253,0.026979845114638603,0.032897002162220794,0.10288023047815192,0.028217339175648927,0.1306628974642045,0.018204416256982103,-0.019138883212487853,-0.09464632267255779,-0.06543682383375832,-0.015368764755046182,-0.055915546690195085,0.028766126833496736,0.19196919327355252,-0.15764742135657356,-0.11948586601589332,-0.1294166158224074,0.2166100206837597,0.19364638401303003,0.21254494053108655,-0.029313111362493184,0.015825164053837795,-0.024191776569117623,0.03200819007727619,0.19392134844575734,-0.001706378567372507,-0.2515058430177366,0.903424704305745,-0.9015118782764554,0.24777221328675156,0.015626330207232014,0.05293012067970011,-0.030832722177403397,0.058809635177262114,0.019675413217684727,-0.23749738326466716,0.06227206861909944,0.09719442432759715,0.0902639159271803,0.08406126699823861,0.054896008742278596,0.06201941061578096,-0.030700176452810157,0.08900429120502198,0.03840813081951785,-0.005640483075356814,-0.07513093110544516,-0.052879383336628547,0.2071376125532559,0.2216394505515233,0.23340762695749886,1.0,0.5371376150895285,0.26118637953112644,0.004858793123382613,0.21672801391528845,0.04976190878926196,0.14237944599516,0.010793913441928432,0.20772217386413214,0.017607606428863904,-0.14743766027732727,-0.12247109678875065,0.15606670713288193,0.1810123516354306,-0.1875228744155494,0.060954932497658286,-0.008419255810805694,0.13797757999722016
pwm_te_post,,-0.006159360248042876,0.17356472110681373,-0.09615520706131903,-0.09727985719209077,-0.19123612750550276,-0.22677801005848006,-0.053367593573296124,0.20002861454611914,0.12627727761981455,0.21448235946423624,0.07592010365157735,0.08540313150359172,-0.08763544854841727,0.12902200254037144,-0.04209646484107125,-0.03909967559550158,-0.12390181887964621,0.20769644197655357,-0.2059523266684912,0.07401207039219658,-0.0595873399900379,0.031369752187464364,-0.11366198110284949,0.11539769676327874,-0.023784065583888285,-0.11072524499799102,-0.08574642647116297,-0.025339146945288032,0.02588033781044422,0.08116421465932142,0.05121367470701536,-0.0027212297231715347,0.11332275051693669,-0.023640333062688177,-0.025139649943944575,-0.12662536429322646,-0.022566810247449953,-0.04485799457982745,-0.09564485673756802,-0.1650784270364442,-0.045597091390381796,-0.09191180388702201,-0.05050889866089308,-0.09174039400351706,-0.00015148456163639287,-0.15140029873966998,-0.07926733039082962,0.14331029352303312,-0.05619583906592236,-0.7368125276593593,-0.1429647306769455,-0.6116076645403506,0.10833913693594793,0.047510465775050456,0.09319923575590477,0.08956611422209063,-0.00869102164771189,0.04452686979463689,0.04676579598907196,0.11045477418903511,0.023022737825060476,0.09454535508422932,0.06139014300950639,0.07789942356046681,-0.002259280550879014,-0.1752026926836973,-0.02089172821317182,-0.018985666700499313,-0.024720454785478557,0.0165794944484935,-0.1415453394116037,-0.14358447196625226,-0.17747744181029054,-0.21836411193212055,-0.26106670508315244,-0.22209639123721228,0.1594930037030156,0.3575762191042144,0.33736742397866193,-0.14889874251382304,0.08521732911503002,-0.09909678117801589,0.08521732911503002,0.10815599843824869,-0.07832087693848318,-0.12997010936557266,0.4048004437147493,0.910261299511526,0.8797836190919769,0.688531783060446,0.7339251224585477,0.27854572860362586,0.7393770927897035,0.7539823501950408,-0.22929360625321438,0.17762609486827433,0.13452820496262702,0.2061574561795538,0.17804146282480093,0.02620652619277831,0.03644775736846906,0.020946253367421248,0.02594159487470708,0.020425136038291186,-0.03738457623693468,-0.00335531678462309,-0.010720364475876744,0.1826930170090678,0.3565943936229642,0.3311351525169586,0.5371376150895285,1.0,0.9418366766693738,0.07666715198311451,0.11359225921145917,-0.046918769656504496,0.25228705595006173,-0.1180770075471865,0.05632303143196407,0.5240582934196983,-0.07985995669146032,-0.1905006053146028,0.26075707652506436,0.6596959084500479,-0.08441766370623778,0.08213635782513792,-0.006227112810519594,0.3969347905784729
pwm_rt_tot_post,,0.012966679553059232,0.16243595932166455,-0.18305920312268212,-0.19163981589411136,-0.23428691008652974,-0.2365819346844672,-0.05918080864212479,0.18940994521143362,0.08347208815303835,0.18134254640840947,-0.01022583870859026,0.07540250939613577,-0.1173724753916839,0.032759732234410456,-0.03864501179277521,-0.03337799921611754,-0.10656522775486842,0.19917680462897516,-0.19595675283845357,0.11862410347713574,-0.03999999144734913,0.03354674779322784,-0.08968788876673155,0.09904598815461288,0.0003592702001199556,-0.09406761952424021,-0.11129600081255665,-0.10317445871012962,0.10344124932151529,0.041509693192852526,-0.04620741226712359,-0.07156864423526357,0.032381219584096954,-0.09031456347317356,-0.09436715293136509,-0.13855155587898738,-0.0976502958211683,-0.0562833903833882,-0.16330770392548913,-0.2551125683607275,-0.04305586049273795,-0.049697203167771715,-0.1435440499137313,0.057028548761235864,0.009263470152309043,-0.03929305612425783,-0.09803523532758782,0.1850816081370926,-0.043503111342779746,-0.7659793593528119,-0.09408522713412695,-0.02656982006795814,0.06878075180167728,-0.018833593462797768,0.028408006128239325,-0.04714426245614393,-0.006090440216999528,-0.02980598743990398,-0.030086759614220603,0.055383493365746765,-0.04851896047078154,-0.008371126713571977,-0.013217194871329585,-0.007576608690460495,-0.04499593722173593,-0.10349717150344438,-0.02096982443691817,0.015785745712430167,-0.005468474713906319,0.07151228057532791,-0.0655217397041044,-0.11737695596081373,-0.10465732384596864,-0.20781758022002253,-0.21724224355719732,-0.16219843924654204,0.18271015991115602,0.3536859267256776,0.3403274717330822,0.11853253000869153,0.1874990904841078,0.13953168239630911,0.0823440283112871,0.207779431666577,0.17187196964918539,-0.11538229946481976,-0.04388881112820683,0.04997216578044647,0.9325734271184949,0.7217886733428164,0.7542458972797165,0.310325482824813,0.7792315432136163,0.7852526734117505,-0.21274731445831901,0.15143200807450846,0.08262990428450676,0.15995518994596092,0.19244018151720216,0.08962882158020388,0.0917800798240735,-0.06313188412680205,0.010371723702049291,0.000622482988561715,-0.03869710337968202,0.04119351691964517,0.014928396493080786,0.21874375961862674,0.3690314420758247,0.35001612471757815,0.26118637953112644,0.9418366766693738,1.0,0.09628190945135019,0.160942383542512,0.06111738617681121,0.22124747707940717,-0.044347636798743414,0.09117139473911018,0.5688393851371519,-0.04289919316785991,-0.12472474327006888,0.23418303511896962,0.7126151231436239,-0.13100339179317888,-0.005968120239290055,-0.030823508515587388,0.4271969359281337
plan_eff_pre,,-0.08651700848561965,0.04534927301067555,-0.2782771849620225,-0.041023660678929916,0.12716419065463644,-0.1466509306092845,0.010291259877166295,0.05408810966564431,-0.058706115986395885,0.0036671156616318763,-0.1397601720346986,0.12187998390989352,-0.1903442363327424,-0.10444560466720948,-0.07112997533725979,-0.1009417607959194,-0.07330666218789501,0.0306173609817575,-0.017592537099082782,0.4097895240669338,0.0771149600133317,0.023717094120095705,0.15474353473810773,-0.16126847859180074,0.7781528155911259,0.19148569688564898,-0.6702674415408522,0.05685123337825236,-0.05608537634147936,0.16471655537153537,0.09238512042949742,0.010167204994473834,0.031188798573353653,0.1924760475855064,0.12863566557918893,0.057767803553698704,-0.08278743142625575,0.08880897079854816,-0.023659536963098127,-0.30786270641780283,0.08238977820485463,-0.05930340335810218,-0.029395159496951373,0.15677942272336368,-0.01995092356180477,-0.21649442400860772,-0.0399932842699431,-0.00022027288819376263,0.031360652266870785,-0.2581988897471611,-0.04059893942411079,0.22645540682891913,-0.10493416133963922,-0.10456762510531946,-0.10668370501955106,-0.13328102437235467,-0.12164532588188036,-0.14279348928530167,-0.07825175489202262,-0.16205942604824278,-0.14919089542969582,-0.19718930807111185,-0.18831358362193343,-0.1772403949625781,0.06392569318674327,-0.040406866425794066,0.21766839467325116,0.20618655626674953,0.2646810952163953,0.03553875982662106,-0.041389267843263515,-0.01994115490880256,-0.00029159695801974056,-0.024721333821203673,-0.03209394936077708,0.056568947509911656,0.041928571087550374,0.0904946239173043,0.08612806681854786,0.08019574414513338,0.12566732452024337,0.06414977457965787,0.07540994787706201,0.2901170038767215,0.09387234942268288,-0.28079254719085006,-0.004851072633800712,0.005237743782432742,0.0550669027138896,0.06724757271023242,0.06190425715512009,0.05231142000159665,0.06224953689741967,0.060162049124770994,0.008316668286820112,0.07020113470341864,-0.048883897155214476,-0.00029530946354409655,0.14728948793219845,0.43140470526636954,0.41586369397531375,0.03847810141905813,0.01250137095988043,0.09224931536435554,0.17505192573643816,0.19149239175245222,0.24851343271938928,0.04625470193797996,0.11822354891890287,0.10517231517563258,0.004858793123382613,0.07666715198311451,0.09628190945135019,1.0,0.28460676473002544,0.13703672091863392,0.21571785878176755,-0.05136931151094531,-0.41507197263145185,0.03600373825701137,0.11448285419882812,0.2086648400597957,-0.3506743472725411,0.03288163834117855,-0.009391490400365602,-0.17167128650846017,0.3347554238349204,0.042918462796999554
plan_eff_post,,0.01006692414949397,0.06548146231118096,-0.023938729003613445,-0.035177427715106416,0.013445735808762073,-0.07270271687391901,-0.02189975805186912,-0.11470339790817208,-0.07644738406117334,-0.12319977024701768,-0.13225537949009727,0.1024444608438878,-0.10864680072755947,-0.12288022115606928,-0.12429129788652173,-0.0955466537269394,-0.1137617140082949,0.04852653401024597,-0.04259939535529444,0.1904123254755547,0.05803557297285847,0.1257187713800331,0.0424856482498256,-0.014681388299866465,0.2532421863768205,0.10415247288748682,-0.17687447757329394,-0.011572873430012835,0.011567324132555465,0.004809826035034198,-0.059423226822118355,-0.06342104108605066,-0.0813995078997784,0.016449512988104178,-0.001310298530694491,0.24040435590511344,-0.17628502692319523,0.1378890777520869,-0.09003666992889127,0.05950901062580814,-0.07488228232083957,0.1916768439351165,-0.254508456227653,0.23660361636972316,-0.057471686095818375,-0.16904531912694992,-0.16248194833979784,0.03791210485740345,-0.0844384856660733,-0.45291081365783825,-0.043638461213493886,-0.04897021068743916,0.09551077483203149,0.10399229374109964,0.11029266231777395,0.09949021731613136,0.007270408792750463,0.05870854946503393,0.1985118849212165,0.13223752343536221,0.10055669603961205,0.17118774417472715,0.07528920340653443,0.15006322269126032,-0.006052762627439728,-0.10261555981922385,-0.06930461792185794,0.10968622862420008,0.013921060777143225,0.004998516564259619,-0.014730203776960143,-0.08762465641669408,0.03687880207019288,-0.1731751358139577,-0.08983542916920718,-0.13930572466757096,0.27508724404672485,0.4762620466115839,0.46552246796651753,0.024416935988569526,0.12667885227805406,-0.02631735557007937,0.13052343596662017,0.9292054694571271,0.08680144772011028,-0.8683234471544259,0.1419818329087417,-0.1408254240606314,0.16058964688529523,-0.0030202413395936417,0.03683813784174306,-0.0466195846134345,0.06269447999028699,0.016745142717852563,-0.18857963791460455,-0.13398382494841474,-0.08159750104064824,-0.1455517552426787,0.16312945278254562,0.22113915955982455,0.23491400940385662,-0.022336824938616648,-0.009343752292054218,0.004058330204936274,-0.04203170382833857,0.04941004776574067,0.0215194545496773,0.2574825914419017,0.4891549682624222,0.4670742791846845,0.21672801391528845,0.11359225921145917,0.160942383542512,0.28460676473002544,1.0,0.10803386494710272,0.07463232733813631,-0.08234825785595917,0.7540313890448805,0.06968522474419621,-0.02073707047167545,0.14605084414133265,0.1833082560681993,0.1433442062462469,-0.14681321440143297,0.13350471116494242,0.07469661599897275,0.17375685267996968
delta_tol_acc,,-0.11506675641901169,0.15885894114664248,-0.3619363262554132,-0.28169880987409296,-0.19887648259555893,-0.1054690345703915,-0.09065322086998179,-0.07775218700425116,-0.1412402059845847,-0.1348746710968478,-0.665959693831496,0.3090924242236681,-0.31383105614718004,-0.18514911749804466,-0.15258072077040546,-0.1704221467313385,-0.21920813452183568,-0.00887072685799676,0.014735813754309025,0.18158755455905598,-0.013713933936750747,0.03466350764447568,0.020324812702076846,-0.030733940103772082,0.13029467789348714,0.06321285178753502,0.0001921256265085646,-0.035894605166107714,0.03613975764490879,0.04681958887006472,-0.07982165800303094,-0.01832797349829782,-0.13124791736669408,-0.011219854299052149,-0.03085755860410641,0.010465123191899774,-0.2145447412213452,-0.23379408846707556,-0.2879681892538425,-0.1408737903759046,-0.0759841606856229,0.2604772562624468,-0.2454999068593935,0.21140640387582163,-0.06286851046861117,-0.2824934206885993,-0.23922442068451372,0.15494351909013723,-0.2218190407334126,-0.816496580927726,-0.13825449971917964,-0.2581988897471612,0.046125511234192944,0.01953255182635761,0.05125341783340584,-0.1432567913821346,-0.052006650827758266,-0.10834480658833319,-0.058120773234881885,-0.06255003345513199,-0.1740202823420432,-0.16162059399470974,-0.13789848356015727,-0.13664026015730552,-0.07810765431194973,-0.1423061651415474,0.16430677634774637,0.20556772912020851,0.22743717051446594,0.6283906380976512,0.18442955020199217,-0.23805088313519662,0.14324530359727192,-0.1571225299410158,-0.11714901611314564,-0.12684191370789774,0.16131711226695047,0.14374732669416412,0.15811523901058325,0.08869982293673637,0.21403133282327982,0.03912568585793518,0.18578087957518272,0.13824690399362366,0.11143936462560705,-0.16651708537908919,0.0025076510180396245,-0.0021263182289395347,0.05411571615994487,0.0275345340983565,-0.07390030012547723,0.14694065337896495,-0.002558612826000699,-0.049619613192279255,-0.09726922992760971,-0.201873674243575,-0.15558819057725143,-0.18579065702507028,0.04021716319617216,0.2500873295527163,0.2208491331623059,-0.0626814878740387,-0.025213763468233688,-0.0098128306001937,0.13520257312100392,0.2118617055356682,0.2450244954563485,0.20312776809074573,0.17144977619746518,0.19007520084240526,0.04976190878926196,-0.046918769656504496,0.06111738617681121,0.13703672091863392,0.10803386494710272,1.0,0.04892152246091375,-0.05382638663052391,0.008634065314921604,-0.03868027347276453,0.08373848016633902,0.3688715827730542,-0.06065545677823247,0.08686696965346181,-0.240712683631585,-0.09956489380655408,0.06798449727904211,0.13859123248313823
delta_corsi_F,,-0.18563546238161224,0.21760197624939837,-0.07610721815894839,-0.008005972395667848,-0.21703689648433888,-0.6705984090430378,-0.14546555324785398,-0.08571124144876881,0.11554567993847473,0.007122411719878011,-0.15310286202509354,0.15880379313271184,-0.17238950827055324,-0.03486864524715674,-0.09792053396182898,-0.09498399822674601,-0.11795837719640914,-0.0912076925913817,0.09584983363506651,0.12975251721640585,0.01005350059033166,-0.02304865749397885,-0.04591945617427831,0.07346947266447675,0.08831364219355187,-0.08300282015030178,-0.23048669804409738,-0.05912619618993614,0.060022960712051036,0.15247670199889002,0.12798353727274575,0.09634048462266433,0.1621262202345749,0.10883403357288012,0.08108561824451467,-0.09028030481425783,-0.04864257801657475,-0.038565181993118015,-0.13635702886841536,-0.17385080698020142,-0.19238242975673267,0.11349071817863018,-0.1904207296369319,-0.007629989480837118,-0.10330600936910263,-0.28198913614498555,-0.2604451138237339,-0.21877865471385555,-0.13467481139032797,-0.8164965809277261,-0.07129547254695785,-0.662266178532522,-0.025249448795595632,0.11659162400337165,0.0789281387609402,0.021137727193767497,-0.041198721648735045,-0.012027621710033012,0.1247012143578189,0.0568007574138736,0.06084555202477541,0.10431829694191361,0.03291485028618262,0.08300349260929316,0.3081749748229123,-0.1820192631520125,0.017405517735623557,0.05206639289122167,0.040975150707276205,-0.0949367441738362,0.06353006849869573,-0.13642854033479912,-0.05044124830224864,-0.03072991541009665,-0.035416720235472335,0.022521768285723595,0.1601789277606354,0.30697224238027193,0.29619774169414087,0.049794555370100024,0.07077147604497493,0.08372669751722281,0.0038551381838673633,0.09992679834306514,0.08890683527412026,-0.07213690095473799,0.11646474277941918,-0.11488449950153114,0.22147801037074705,0.11241933424614428,0.07017160782860062,0.09244493735270184,0.08857701599827422,0.09069416549939807,0.019326929362500578,-0.09734728155947298,0.11589433349132452,0.010313799818135917,0.041073124447090804,0.10462761281284408,0.09776456490541395,-0.006982808895097597,0.04552194663461054,0.07908385556972561,0.041111663952145154,0.04311820590634234,0.047917794681750905,0.20094787761287725,0.29242546765441657,0.28272714372810004,0.14237944599516,0.25228705595006173,0.22124747707940717,0.21571785878176755,0.07463232733813631,0.04892152246091375,1.0,-0.03928941665304847,-0.07697550300727012,-0.018107121166483935,0.12436733990194546,0.03111380407954584,0.15893963035590067,0.14144998277993415,-0.16927536065445864,0.0662497782720961,0.15800891324675478,0.045924731508519306
delta_corsi_B,,0.15301354540221399,-0.09427277987915599,-0.055227791305301026,-0.19205901158115746,-0.1675090840543205,0.019319680035768123,-0.4844142613745146,-0.0287170483655392,0.23426267077760557,0.11471081336074207,0.09133329820137515,-0.18337175880960407,0.009552082161827213,-0.07413095115713601,-0.08441204515484411,-0.10543220786270582,-0.060484065436816774,-0.012220114167427892,0.014933856423148604,0.0816274223469031,0.00336630620088579,-0.00805826906934169,-0.0027988887411454348,0.008329629515177297,-0.03646526504753531,-0.004354663889033313,0.008517579902144115,-0.025237810845801668,0.025155133754411384,-0.02049916076453469,-0.17962367246634675,-0.07991461075674802,-0.18067393734205903,-0.06628646960044488,-0.11483698718242874,0.021030896689399795,-0.09918438130051725,0.2046603676992795,-0.1291294707119495,0.13294207618224607,0.023273160593205184,-0.1950361036856542,0.015563999555795318,-0.11832563043430516,0.11068081767623504,0.1653277087087961,-0.013673185232188223,0.05535816688648031,0.056774210184234404,-0.08804509063256237,0.1041125588654524,0.9999999999999999,-0.05948329379996147,0.018457934917682647,-0.03526761755623984,-0.08854578549336012,-0.04409039859574679,-0.07381426792215914,0.022179138316134626,-0.0398687237777011,-0.1270441591915209,-0.10849519988228037,-0.11186212771569931,-0.08711965101239026,-0.021120568916876935,0.5066370533639963,-0.06649874760587414,0.12750773400781948,0.025809311577106576,0.024036601170125908,-0.04003410274125912,0.031116613162844847,-0.03664375192473475,0.042192203770112055,0.03810618201318421,0.06410369883442495,-0.021495064783801015,-0.030181918309941668,-0.030415001060603856,0.019784430924300104,-0.07925257614963709,0.05731251024407384,-0.12611278734570772,-0.06455372758550391,0.025105139985722825,0.12150153626866295,-0.026450196127606327,0.02641439497122024,-0.004394175898159402,0.05418176453077894,0.03577269222674889,0.05653696477154833,-0.046706957740904664,0.035166902081590325,0.33896397621862195,-0.04726950037037344,0.19339423325633068,0.09917994946100203,0.047232441511402816,0.09509232541713394,0.08885414617278556,-0.05474002377605118,0.03131836109400274,-0.02932022186301769,-0.09115987723727949,0.11313682375853919,0.014318802475748531,-0.051573246617718185,-0.010370933130342826,-0.016537342997576452,0.010793913441928432,-0.1180770075471865,-0.044347636798743414,-0.05136931151094531,-0.08234825785595917,-0.05382638663052391,-0.03928941665304847,1.0,-0.04295458356185875,0.08040166967265193,0.10968514264385715,-0.07521526556821331,-0.11142094067599854,-0.015422282470710341,-0.0160465279270548,-0.08119819354388354,0.14892822383861684,-0.2712769095902741
delta_plan,,0.06883310246725449,0.031072152317629897,0.16794962033489702,-0.0052763122414876545,-0.07293627108343227,0.03148389600921769,-0.02783497787431884,-0.1459175010710918,-0.03232744912159432,-0.1194337046807434,-0.029755130759954288,0.013714521533814507,0.02730917096422656,-0.045054393134120706,-0.06922056661579186,-0.021514580575379406,-0.057736196393783315,0.025075230926009873,-0.028374432800435053,-0.10006894671247095,0.0022407012810423915,0.10306137465342266,-0.0657058438499205,0.09656382754888587,-0.29283413620704263,-0.032356551928898705,0.2914742662019699,-0.049936079429894094,0.04940606745319214,-0.10829483476388384,-0.11969471932205802,-0.06715519612426508,-0.09862087299664646,-0.1178767242238768,-0.0902393818127979,0.1887041939924277,-0.11072697692133808,0.0960116347974135,-0.06901387125777798,0.22198721901906693,-0.1283998251834362,0.23720542243126744,-0.2233836933416328,0.16983611145476243,-0.041214106155717786,-0.11013700762544963,-0.12782996177658218,0.03941944045316046,-0.10236916770125723,-0.3216337604513384,-0.013753437173615402,-0.3026137663344012,0.16364474573011503,0.17150154330499157,0.17898398145990693,0.18698720867007035,0.0907934603319332,0.15455097934406833,0.2437366950903185,0.23813289235127086,0.19897251313697217,0.29958701471388205,0.20177818969493444,0.2656397906689167,-0.04954452963033673,-0.06970017964797813,-0.21491338965650816,-0.03717746489111034,-0.16814106411828827,-0.019606466508624194,0.014379356331836618,-0.0694958413122765,0.03519912780210871,-0.14741112246334526,-0.06326716423796917,-0.17096581582682857,0.23233948839238372,0.3899855329962415,0.38278513205887754,-0.03177548963739824,0.034118857975945605,-0.06892990489519565,0.0722025669721688,0.6830693144214165,0.018058838317048936,-0.6314592223270074,0.1380697864339491,-0.13723724920644217,0.11467503158854012,-0.04894262210374671,-0.007454459258031803,-0.08008612815793521,0.01683997856835274,-0.025376663006115754,-0.18466734582811822,-0.17525556128245653,-0.043945029681388546,-0.13793160511443406,0.053896863364474856,-0.0858489236864474,-0.061997084281813344,-0.04756491774710891,-0.01736570319959849,-0.06027498155708186,-0.1598306904315785,-0.08431370432670733,-0.1498522449124499,0.21266787537612108,0.383222243291738,0.37120922988118976,0.20772217386413214,0.05632303143196407,0.09117139473911018,-0.41507197263145185,0.7540313890448805,0.008634065314921604,-0.07697550300727012,-0.04295458356185875,1.0,0.041464996135883364,-0.09812093814880608,-0.004364169805208515,0.41423926380111603,0.11434771660129422,-0.13218985809204775,0.2459693018002734,-0.16208531801333181,0.13560759689654706
delta_wplan,,0.057260739302231065,-0.03507961806603455,-0.10574042255123449,-0.18364648406134407,-0.16988388992722633,-0.017140680451100974,0.025068363776455688,0.04495436278065703,0.01967986253146561,0.04237864959406584,0.07651803762915954,-0.2507757346870328,-0.005121140531117246,-0.029282690321590785,0.0871247167494112,0.015018501559562377,0.05978630414226587,0.10905405378453797,-0.11026924779296103,-0.028618664216003335,-0.17377187202729627,-0.12055175416087241,-0.14044762812654293,0.038077130568591175,-0.06724397803128579,-0.14196960437936462,-0.09473297664339979,-0.20042987295464018,0.19745000745253175,-0.5909343058678987,-0.6145742704500109,-0.7187376863100516,-0.20294123017621082,-0.6673615310096956,-0.6987093792103736,-0.09560848193401002,0.006715720938258909,0.04567653786084553,-0.038186899837922415,-0.12409046874043479,0.08917164133787574,-0.01407679110762503,0.025219145685691027,0.12082601870084236,0.27244943489165185,-0.04174363944243931,0.145787636801845,0.26845982064150914,0.13726910934335806,0.7137464271463297,0.11761007035347511,0.6816212031674665,-0.039725221091021896,-0.16206596349707436,-0.14030714161245303,-0.2772145998987432,-0.010851128153896382,-0.15819054481791334,-0.21595757549271966,-0.16352933830633307,-0.22593577790825825,-0.22678505664410822,-0.26117009077220554,-0.24169931628164923,-0.04313379823714332,0.1038227397347097,0.08147145126267466,-0.025820109954373317,0.0405538653497712,0.028623449307970644,-0.20162908123060014,0.12168890699108406,-0.16039491351562882,0.020084002467827225,-0.03524254585695213,0.12149180452028446,-0.038052700321672926,0.026863044213026637,0.014208225492515793,0.06647282486425886,-0.06664607796499222,0.18627654750921663,-0.22299816739036224,0.11019425157900938,0.128546917158112,0.0035577607410350923,-0.1320910517483506,0.13614487805112854,0.5794436628368734,0.630569943416137,0.7197247738218866,0.21812052940259932,0.6576804743238488,0.704880813377305,0.05212036192216161,-0.009836155992725835,0.010354328336926464,0.0221432313771919,0.039509814991774084,-0.08449784956805767,-0.07784575000447358,-0.310067505557287,-0.4632122595440309,-0.538424240665681,0.007046717948053374,-0.02248785018449873,0.021180028280102015,-0.060639053403741705,0.00923898774618749,-0.003349732656320202,0.017607606428863904,0.5240582934196983,0.5688393851371519,0.03600373825701137,0.06968522474419621,-0.03868027347276453,-0.018107121166483935,0.08040166967265193,0.041464996135883364,1.0,0.053078695719320335,-0.0017119881162652195,0.08092780240114528,0.8070803991092228,0.09235285713995449,-0.22305506954356571,-0.21412673636214258,0.247271882408343
delta_wm,,-0.12938434361012807,-0.26273590323597906,-0.013267973462605245,0.05404469963177478,0.1670500865234038,-0.08690957354385075,-0.1349004211348869,0.044502476740276437,0.26716666729173455,0.1842235972093649,-0.12431618586615968,-0.015043277410064294,-0.29723900382823115,-0.1760051623619856,-0.47784379420462825,-0.3319086279428807,-0.5771369259054826,0.08746073596117646,-0.08388502215845638,0.12661113469572613,-0.0635628987214357,-0.14836850570099633,0.11414685914398368,-0.22967345891310678,0.15684801150222766,0.12781512646760476,-0.11197355111301745,0.13830730761214027,-0.13827668682309024,0.03860394210134037,-0.0110791824290934,-0.1028309481921124,-0.04396605817103517,0.006241341013415248,0.009056133956988302,0.14362323256274936,-0.09261678288878507,0.1545722035969232,-0.01495779888617513,0.07019202077871563,-0.02283916342960788,0.24315671600215627,0.0006505524125437757,0.041335265821880116,-0.04020064587090215,-0.3076091268263672,0.08917257826896023,-0.4263257843730938,0.017061316932529904,-0.9839346980566548,0.06322231748435239,-0.9949366763261821,-0.1007154875962671,-0.060124303147590076,0.016556482241380226,-0.02580358022422217,-0.16337227194185044,-0.1077919790438896,0.09204734651309691,-0.012134099690929928,-0.06465461583180662,-0.02779647055070103,-0.09279069200781177,-0.028548983058901804,0.033826827795828025,-0.02501173692898261,0.16150539293000482,0.1520285292122869,0.1949472183096248,-0.018861525360077357,0.09171049058006144,0.03828169230972186,0.08987883523845897,0.4526045759485205,0.39867504637899154,0.5583219088148321,0.013674574738790059,-0.04320716091323629,-0.0335437114563315,-0.012521420998863912,-0.07919070900618151,0.010157657348560714,-0.09203713988154899,-0.026018220645632664,-0.01999376043471586,0.0009807046804851843,-0.10547501203243932,0.10523579165627343,-0.0312275589784158,-0.026256377271863935,-0.026384176275149808,-0.018686957861444926,-0.02729070363440524,-0.011548348112291185,-0.00486571248587767,0.05704650089464301,0.255647013018262,0.18321255955955654,0.08082341659291455,0.17285093733084247,0.17677908283957952,0.06621072794598636,0.04764140788639994,-0.015075956331466361,0.2350385477377239,0.15950968174783509,0.2394823432833718,-0.041590755851356985,-0.07424836722116321,-0.0708983421388549,-0.14743766027732727,-0.07985995669146032,-0.04289919316785991,0.11448285419882812,-0.02073707047167545,0.08373848016633902,0.12436733990194546,0.10968514264385715,-0.09812093814880608,0.053078695719320335,1.0,0.039706588054821405,-0.2572251031965471,-0.007161365370736571,-0.00972618273621801,-0.042222149333587214,-0.0074428708249079855,-0.06295609768905319
delta_RT_tol,,-0.13663478998188744,0.016535022233289412,-0.2398940430996325,-0.09112404938286126,-0.05085376410589559,-0.03400100580533108,0.032332229577539257,-0.3592649885757352,-0.5329969123923293,-0.5544953698319488,-0.34488088077139084,0.19250590095315115,-0.09639663308159462,-0.005238447092049864,0.10312608625061812,-0.044713376191910924,0.09627392951980139,-0.16124085722831813,0.16374011243161923,0.06030325716619668,0.033488581586242544,0.1108939221105815,-0.021933971044313414,0.08176314117664185,0.13782063750132184,0.001588045718159807,-0.11186919491242175,-0.0025414073857036243,0.002464465720371052,-0.017101882658436512,-0.03868852670839658,-0.09963736344924864,0.06021172713543377,-0.03154359927220196,-0.0823694693873871,-0.016397667322850494,-0.1563845781876288,-0.170910563252278,-0.1267114144230801,0.0112863871646809,-0.11323143303847537,0.36117460713021876,-0.28684308962881183,0.26953226694143145,-0.1423828504546336,-0.2315062972402372,-0.22543395164046268,-0.1655906527412026,-0.20739870310780945,-0.04176134918259043,-0.16770492999739078,0.07013087130560569,0.029868300642245972,0.07763148027274154,0.08068089356721353,-0.025044863548713492,-0.029199045507022438,-0.030466863810298422,0.008149252994461686,0.0034511063592363176,-0.1112309796104061,-0.07061487686095622,-0.13187043785606056,-0.06758402586088601,-0.007257624060929752,-0.04215049052074272,0.4905332295792768,0.4086524610226808,0.5630346661033873,0.12832364963394796,0.2320939717308799,0.036457041563694656,0.09413983360729167,0.045387784983823676,0.11590328655871827,0.14325312565057338,0.12495745142924528,0.041274415970701486,0.06308777831517885,0.153489957909724,0.2283338209874404,0.1416489611615867,0.10735100182204911,0.21339608184661396,0.222091025316803,-0.04940945281392738,-0.09937935602037772,0.09846232726499309,-0.12769306354576146,-0.1110544846994454,-0.10195175081274585,-0.06689118037137314,-0.12469295347787848,-0.12004766409571746,0.18117436317825425,-0.3764176184451678,-0.5790199769315545,-0.608429492838472,-0.09632117544759464,0.05625621075831401,0.03497092801090455,0.010779642304937389,-0.08802118630259503,-0.02571082887774846,0.4769784428458381,0.37306754390533703,0.5543965905194614,0.17348764311282355,0.09366836276188169,0.12321806474623878,-0.12247109678875065,-0.1905006053146028,-0.12472474327006888,0.2086648400597957,0.14605084414133265,0.3688715827730542,0.03111380407954584,-0.07521526556821331,-0.004364169805208515,-0.0017119881162652195,0.039706588054821405,1.0,0.07751561835035733,-0.03776917432701631,-0.20649363166245552,-0.029652175130555954,0.17471165571427394,-0.0873513593321871
delta_RT_plan,,-0.2676727950279577,0.1005632134172086,0.2177306218592707,0.17332958373523302,-0.1560112028288031,-0.0777392091604986,0.14674789536502558,-0.09437373009913042,-0.1263710866652502,-0.1378233492717063,0.0526385205912228,-0.16759844910096264,0.2418436851160075,0.06018332597364379,0.2664124229698597,0.13075571004829903,0.23135075774250707,0.0226077089623376,-0.03730157685567612,-0.4701771984010441,-0.16093612497878737,-0.12630555517660286,-0.4092124465083229,0.43194899909136963,-0.5607739897582578,-0.5170450226209949,-0.028819800963260846,-0.26931195670947305,0.26902018724259524,-0.13067300707272886,0.05898862191961232,0.0569749708150118,0.33350530195668193,-0.11776761639311793,-0.09940257023638827,-0.22037230790366638,0.17678557989385613,-0.02251284258399094,0.040271921314022144,0.09826964162085364,0.03477484801346718,0.053793945815889005,-0.12608092322865042,0.12825009264048065,0.007698483737413608,-0.16279207478522498,-0.04376670908969657,0.027110755745295943,-0.0849502215966314,0.04424518663425413,-0.1054379772214103,0.2461985052374112,0.17723215136883208,0.17942531839599712,0.18634252901791995,0.11733565718457321,0.01945969288439252,0.07547851573555535,0.10209357246725087,0.23330591488976446,0.15475558513268894,0.2762805908301089,0.13042314195102458,0.21070528451074072,0.0859733649592807,0.03497942382169249,-0.07565376080409353,-0.058454498990731116,-0.0841994856239673,-0.02534712478921451,-0.17809970843083245,0.023239284371913724,0.0762178792048292,-0.02851698425787912,0.03610577331338531,-0.05940048187460818,0.2660961659475637,0.33915763098306156,0.3472996044668122,0.23558848373090324,0.2144286913721439,0.23164968914107414,0.04101272664206759,0.25706620082858106,0.24972182660405431,-0.08162699378337654,0.15070154627881946,-0.14912581392818183,0.21994058047386839,0.15619204173273007,0.17321735655895623,0.07265664178620886,0.14644330358082677,0.15649483704342512,-0.054110631254840814,-0.14217848786339365,-0.12857574392747653,-0.15770179731728184,-0.18145780452783616,-0.577847463066111,-0.5976695514039145,-0.21485561442622594,-0.1053488588123685,-0.1701101003508759,-0.06088163096295315,-0.05903286942933506,-0.07294730398553988,0.3377477806023805,0.3623925761117476,0.379028003466439,0.15606670713288193,0.26075707652506436,0.23418303511896962,-0.3506743472725411,0.1833082560681993,-0.06065545677823247,0.15893963035590067,-0.11142094067599854,0.41423926380111603,0.08092780240114528,-0.2572251031965471,0.07751561835035733,1.0,0.2962361577201161,0.0025027798872708598,0.19321042914608616,-0.12729910040230294,0.056423754350901426
delta_RT_wplan,,-0.12616491766874946,0.07659208539331876,-0.08823217901848983,-0.07623742869666811,-0.21455430418871257,-0.05962355573230974,-0.04705529680915353,0.05392081436418253,0.0285801652458006,0.054113399745201525,-0.012765238113061916,-0.18163069518540378,-0.057724280364282586,-0.07178961442265755,0.0998089368991926,0.0009215856547142284,0.020068001608288432,0.04006336286227099,-0.042382360149091886,-0.07987459154230596,-0.022648790634798632,-0.01827653516837376,-0.15091034529699654,0.1844844058375402,-0.09993953275883506,-0.18717137248976037,-0.13591330793370987,-0.10321712444336846,0.10007319244290346,-0.6399970068996458,-0.5421657784744813,-0.5744801740750195,-0.12487202921701594,-0.6430097654763509,-0.645895476125459,-0.07584119196190281,-0.007007594386979511,-0.07808844626953877,-0.12456832206273494,-0.2671557589911718,-0.032591452571728574,-0.0263515625014196,-0.13996363696338224,0.05227067964109382,0.03314753060317158,-0.2853841940857628,-0.06965196878504885,0.145343911825207,-0.02865647094543852,,-0.08239140852371786,,0.0335211733566243,-0.06581410412126903,-0.013548745582625343,-0.07529495351233043,-0.009817112721792292,-0.04736105431395863,-0.05740009996441812,-2.1871734442842935e-05,-0.09053126174339313,-0.013104169353497732,-0.02559860157616044,-0.04369906857709871,0.08668564674367323,-0.06414121640228589,-0.004884049633140433,-0.03051342922739273,-0.020256412746871774,0.10290892490530966,-0.16376568063942995,0.01463882205626337,-0.022192784760560025,-0.08110642985873923,-0.12863567464347095,0.012421434143173652,0.1408273554044117,0.11879725174313499,0.13197871357024316,0.05908473150537893,0.08138112192575823,0.07631033855780757,0.013499115896850877,0.161410341555083,0.08831115876134067,-0.09048289573836694,-0.04690695626288871,0.05128423135919502,0.6106977465514138,0.5200301991700997,0.5819550783331592,0.19820732805725413,0.544534583676812,0.5611877066560552,-0.1329622317992533,-0.022104717990183903,0.013208226506924246,0.02116793089389161,0.030902258551564567,-0.17085084652371924,-0.16345348647937027,-0.2720073141238058,-0.6556951327822688,-0.7011114644640725,-0.062287942355109954,-0.030867437201417665,-0.022799665564713578,0.11902940250315476,0.11988496540037681,0.1263819250446456,0.1810123516354306,0.6596959084500479,0.7126151231436239,0.03288163834117855,0.1433442062462469,0.08686696965346181,0.14144998277993415,-0.015422282470710341,0.11434771660129422,0.8070803991092228,-0.007161365370736571,-0.03776917432701631,0.2962361577201161,1.0,-0.09497531962902739,-0.04225320506677257,-0.2760717860803411,0.2687450946884061
abas_tot,,0.09071791070748107,-0.18839724174115158,0.5134816690922988,0.40653638161328315,0.277582202973418,0.26500820832151306,0.29652941449525055,0.05549127613978621,0.10567725575754294,0.09898426978514488,0.3429779487545797,-0.38912945592440273,0.514952578612955,-0.04632014997047171,0.2598638251004462,0.2466482675537125,0.2715223967190398,0.07617724466557334,-0.08565285049385223,-0.29639744763650583,0.0694554049167659,-0.29260581835424715,0.09850444563792726,-0.09886051752513114,-0.04930325796102914,-0.06657634135492552,-0.04279835347814991,-0.008785611647182778,0.008601851443341151,-0.050000701051261205,0.17465830352881187,0.13151607955266137,0.23162385120073095,0.11901689173121384,0.09520112397400607,-0.23697305584860837,0.7844939712503488,0.4061011641699302,0.7853665261466574,0.5126295466701376,0.8325409423030631,-0.07325448585443796,0.7487005828919503,0.0935406996752256,0.7337472278977655,-0.111888266556285,0.8112371893306612,0.09516003437327897,0.8078493719499591,-0.8478219133003186,0.6897729895295233,-0.6951498554752378,-0.3269976543937307,-0.4448796100108575,-0.39062533633681357,-0.32830214741533276,-0.2934754211653189,-0.34784911740449354,-0.4616689734226575,-0.4201235447059644,-0.22424357710475112,-0.24182972705377742,-0.2828924337028459,-0.3623526052583452,0.13548621485871176,0.27678107892467113,0.011714019656853836,-0.246725438477145,-0.12665937993146256,0.14733665858950817,-0.3836968491836496,0.4527345568071977,-0.22461221067700568,0.24227434890656388,0.18792932874001528,0.2667936103878554,-0.3434359413546415,-0.3527611676210792,-0.3733821164907684,-0.06191789806985023,-0.24357260967795685,0.018083606119005485,-0.2469357280694909,-0.17282493742072172,-0.11020611721168276,0.19973357690717902,-0.13398432680060304,0.133710983321283,-0.02607415141979069,0.14969724428011788,0.26050175423522676,-0.05432319554221088,0.24312303973866584,0.21840710220347212,-0.1755591049024326,0.053447851514608326,0.13568154692828588,0.10632778081415632,-0.0626866808125116,-0.34216349881376457,-0.33650697422304077,0.014117796999024407,-0.023315639484641906,-0.05319879678049356,0.025671543143105408,-0.2289052104091409,-0.13080070225786156,-0.3764385718715278,-0.36515024943467134,-0.3875662083535399,-0.1875228744155494,-0.08441766370623778,-0.13100339179317888,-0.009391490400365602,-0.14681321440143297,-0.240712683631585,-0.16927536065445864,-0.0160465279270548,-0.13218985809204775,0.09235285713995449,-0.00972618273621801,-0.20649363166245552,0.0025027798872708598,-0.09497531962902739,1.0,-0.4082424304031521,0.15129226914642638,0.21959894718048042
brief_tot,,-0.06670826998611773,0.17643185480085463,0.2348818945136189,0.1944591504587228,-0.026297277954137034,-0.10745374337579139,-0.18254821477143526,-0.15401255104745926,-0.014606273179424305,-0.11441714486875129,-0.05651803187850174,0.3460305153414372,-0.12598461551687332,0.07103444726001173,-0.010159630489999955,0.04507481941669259,-0.06330738550373287,-0.07293181062966213,0.07110084259010195,-0.06506289427506515,-0.018283073355310032,0.23122647751621364,-0.15718811687909182,0.20450211699009918,-0.16173422699571743,-0.07785451685418154,0.11632089885816983,0.04170638073143582,-0.04103264630385964,0.13081270682180787,0.09494516306995594,0.10553314322031124,0.05873656586632186,0.10036491518971805,0.10793441074500346,0.16045539016818544,-0.06279104619657605,-0.2909209639564802,-0.09662748764192308,-0.03579526169679839,-0.3495593253744792,-0.08354930701502108,-0.368965224161112,-0.16905401043986573,-0.5148640860898456,0.04711459773384121,-0.45080210404325005,-0.1494520796959315,-0.5922924464150273,0.9015037604471401,-0.572657151106959,0.7028634960055147,0.7171862514085936,0.8042749407705334,0.8020319816341452,0.9344086572650403,0.6588187972496046,0.8898883208439975,0.7605523588448498,0.8059481902922223,0.9000922852419502,0.8011192733566319,0.8413153815838579,0.9347271371712552,-0.06069747914731963,-0.25841332867852457,-0.2449095714903803,0.029132700706933832,-0.1508234173479982,-0.22589002523139906,0.2189511627664281,-0.20351051345423515,0.08073393402035303,-0.021730305177734752,-0.0006415438772843606,-0.11392054273715269,0.13807645298492435,0.11447548138787925,0.12821175147453778,0.10540912073931383,0.1079548831490118,0.009455024314187183,0.08391212490275302,0.14868725176372452,0.07815423339486141,-0.20138707138610965,0.050635854143951164,-0.051452425396492536,-0.11773574155655145,-0.1568844116709042,-0.2139738575919594,-0.007700959026127615,-0.20738627377664043,-0.20124796027517053,0.055923052117794594,-0.08875361335981855,-0.02401691588455155,-0.08212355322400171,-0.06456891581091209,-0.07406836083636494,-0.06535767461162063,0.07156048275912846,0.08087156043042269,0.10250811132005806,-0.20200535586052462,0.010705876690198634,-0.12142205058697615,0.15973127646510174,0.11965693595587074,0.13284791056511483,0.060954932497658286,0.08213635782513792,-0.005968120239290055,-0.17167128650846017,0.13350471116494242,-0.09956489380655408,0.0662497782720961,-0.08119819354388354,0.2459693018002734,-0.22305506954356571,-0.042222149333587214,-0.029652175130555954,0.19321042914608616,-0.04225320506677257,-0.4082424304031521,1.0,0.022534078973513876,-0.1403914767184999
pwm_eff_pre,,-0.042895841601358356,0.021627808556573747,0.030470895904605836,0.08576729328538227,0.05962674344823754,-0.06958081916322001,0.061214562221646306,-0.12650545976271418,-0.03500345990566391,-0.1078823587014568,-0.13940554101878097,0.1670795653383678,0.06926805121576446,-0.04812559013162627,-0.045655352645892114,-0.05796321535753579,0.009507339128413079,0.0716430761153171,-0.07005294427700115,0.06278009002503873,0.09525779203066573,-0.042682973235594966,0.18544602225124043,-0.19168406941451205,0.335499988701652,0.1821824639014,-0.16459335528998628,0.08584352919821825,-0.08373540263668305,0.42141938749612107,0.3340103880447278,0.363909263390561,0.07255353294960457,0.5855703392606233,0.39626805112932584,-0.3216545201967261,0.16022147982870147,-0.01100658453976043,0.09645373876101614,-0.06313012679475746,0.12195664575333036,-0.07339304564192048,0.08603959798206084,0.002858243034128714,0.11934749377077504,0.2680492336017659,0.03880834362370201,0.11572751247156889,0.05736317669839847,-0.5773502691896257,0.05962986041630902,-0.662266178532522,0.07399572292045227,0.034428384018743506,0.08097216480296868,0.06004493086059319,0.07484736110458284,0.07604406302976041,-0.0689986993652763,-0.07714073254034379,0.016198518069267292,-0.018465957983732732,0.01562899524765894,-0.029197663764296004,0.09452777980603896,0.205920985817322,0.08955807562320213,0.08879328503095094,0.1068480388942844,-0.05381548901812647,-0.16422406659660133,0.12946368873333086,-0.0058145616941662065,0.11282294016461451,0.130944130193732,0.0010821127161982315,-0.08648889817078563,-0.014596739334640415,-0.030226437887539936,-0.006385526280277294,-0.09544036324220706,0.11110202288693805,-0.18984545982942708,0.09037305413289062,0.061306632067481714,-0.041920963786179495,-0.02946730965028318,0.02964468544204614,0.02613148934251004,0.01946964368777108,0.049932861239941013,-0.019225776756313578,0.046207622558486365,0.019854972144228558,-0.07471923519492228,-0.12603593793239853,-0.052019882493595765,-0.11055065426050029,0.08164914190357472,0.10022058193404237,0.11003663923979072,0.09344397290998403,0.3529361522022899,0.3425386643525207,0.09168628186242218,0.05421851746381077,0.0949810464755993,-0.07991341634893628,0.006619350295431724,-0.011289358949854032,-0.008419255810805694,-0.006227112810519594,-0.030823508515587388,0.3347554238349204,0.07469661599897275,0.06798449727904211,0.15800891324675478,0.14892822383861684,-0.16208531801333181,-0.21412673636214258,-0.0074428708249079855,0.17471165571427394,-0.12729910040230294,-0.2760717860803411,0.15129226914642638,0.022534078973513876,1.0,0.10515403746500576
pwm_eff_ps,,0.0027522370033920478,0.1405070960487688,0.14972285974687508,0.12326172231544312,-0.06016804322601654,0.057488085457568755,0.26901729194221813,-0.10452598817431306,-0.08765701004033483,-0.12260451782692924,-0.028173767937038744,-0.042101667314195915,0.17654400674558293,-0.15291668162952582,-0.012056138600421736,-0.019574412401780917,0.07342105146303882,0.09440532460141224,-0.10159011056488793,-0.2114681388801251,0.12172168837440885,-0.07138632374701888,0.1852311390394885,-0.16054452276899267,0.11069525708559468,0.12896489271287795,0.04036187883923978,0.026022026043204142,-0.02590835653267568,0.028331265760796805,0.13514571448288573,0.14590559270062722,0.02936351917035727,0.1694696603173857,0.16405207106536085,-0.04056353462289645,0.21039746492655773,0.25127514916819094,0.20897125481841133,0.26443675382135506,0.166952520544496,0.17506182962730885,0.03093814642681936,0.13646323332200566,0.1952824903123755,0.007093461751954815,0.17011213102488792,0.17049328733980482,0.19749857761271497,-0.5555555555555556,0.19325573978783042,-0.29277002188455997,-0.055744388829946916,-0.18858429573029406,-0.11189707199727629,-0.09097702820265216,-0.021966932833586552,-0.062450383183622324,-0.20819842973520372,-0.2021758435016273,-0.11171085069484342,-0.09450097813596993,-0.07985586466284975,-0.15891159935277815,0.12687766434787898,0.0020023570884275103,-0.13315878700710054,-0.2351862377634738,-0.22352213578646685,0.1544654788713135,-0.10778110143236316,0.1367245910765277,-0.17484507042575792,0.05393838084046305,0.039950021969500434,0.0022172740283922473,-0.12830930729683404,-0.047585889046206184,-0.06916801403747033,-0.033091597446253715,0.004868301477321614,-0.0014069866511688216,-0.0027778910658443844,0.1578472207756591,0.005505660928897096,-0.12584702148937343,0.009777596039262449,-0.006435874546920034,0.47845350646466367,0.42371784695371556,0.5023311149502641,0.11245169662626003,0.6810784282662843,0.4800638109776325,-0.7551561402931002,-0.13690712025256185,-0.06166964472181209,-0.11358550230212437,-0.02834026216776167,-0.12455023881640848,-0.12428119105883625,0.013299413935718388,0.06975075045591343,0.014608856726435956,-0.11843474850866575,-0.23513527382049712,-0.22512183602090488,-0.12405605189635918,-0.06739888430224367,-0.08241591764813086,0.13797757999722016,0.3969347905784729,0.4271969359281337,0.042918462796999554,0.17375685267996968,0.13859123248313823,0.045924731508519306,-0.2712769095902741,0.13560759689654706,0.247271882408343,-0.06295609768905319,-0.0873513593321871,0.056423754350901426,0.2687450946884061,0.21959894718048042,-0.1403914767184999,0.10515403746500576,1.0
