"block","model_type","outcome","outcome_label","pre_col","outcome_family","n","predictor","predictor_label","predictor_family","status","beta_standardized","se_hc3","ci_low","ci_high","p_value","r_squared","adj_r_squared","age_only_r_squared","delta_r_squared_vs_age","partial_r_squared","vif","formula","residual_skewness","residual_excess_kurtosis","max_abs_studentized_residual","max_leverage","max_cooks_distance","cooks_threshold_4_over_n","n_cooks_above_threshold","breusch_pagan_p","q_fdr_bh","significant_raw_p05","significant_fdr05"
"abas_subscales","separate","CBT_B_SPAN","Corsi backward span","CBT_B_SPAN_PRE","Corsi",96,"ABAS_fun_acc","ABAS Functional Academics","ABAS-II","ok",0.396446324547421,0.106557484962116,0.187597491738505,0.605295157356336,0.000198834640286523,0.193265368864842,0.175916237012473,0.101796413601762,0.0914689552630803,0.101835437587003,,"outcome_z ~ ABAS_fun_acc_z + age_z",-0.0893446377738248,-0.966885552874084,2.16965572374528,0.0956630810528072,0.0634285711192939,0.0416666666666667,3,0.88582126021414,0.0143160941006297,"True","True"
"abas_subscales","separate","TOL_VIO_REG","Tower of London rule violations","TOL_VIO_REG_PRE","Tower of London",97,"ABAS_Selfdirection","ABAS Self-Direction","ABAS-II","ok",-0.417313411462663,0.1221915732797,-0.656804494305163,-0.177822328620164,0.000637260980514247,0.225570267092568,0.209093038732835,0.0796078779411582,0.14596238915141,0.158587177848615,,"outcome_z ~ ABAS_Selfdirection_z + age_z",1.18089781261186,1.96548988284711,3.62067349668502,0.113440362198025,0.171723441249888,0.0412371134020619,6,0.00268573020497786,0.0229413952985129,"True","True"
"abas_subscales","separate","TOL_ACC","Tower of London accuracy","TOL_ACC_PRE","Tower of London",96,"ABAS_Selfdirection","ABAS Self-Direction","ABAS-II","ok",0.344766485829543,0.111097239467169,0.127019897692071,0.562513073967016,0.00191384719383556,0.201174112857468,0.183995061521069,0.100910389952171,0.100263722905296,0.11151694089754,,"outcome_z ~ ABAS_Selfdirection_z + age_z",-0.142367159564317,-0.0600010754114219,2.98183559760393,0.113665056001684,0.252643407396241,0.0416666666666667,6,0.156670737823262,0.0385629151549588,"True","True"
"abas_subscales","separate","CBT_B_SPAN","Corsi backward span","CBT_B_SPAN_PRE","Corsi",96,"ABAS_comm_use","ABAS Communication","ABAS-II","ok",0.332998696039961,0.108477483910758,0.120386734441352,0.545610657638571,0.00214238417527549,0.17452974918885,0.156777700784309,0.101796413601762,0.0727333355870883,0.0809764475320637,,"outcome_z ~ ABAS_comm_use_z + age_z",-0.0575465880367116,-1.08307436574832,2.17904176968425,0.0901618712328026,0.0783512654461198,0.0416666666666667,3,0.743354599887929,0.0385629151549588,"True","True"
"abas_subscales","separate","TOL_VIO_REG","Tower of London rule violations","TOL_VIO_REG_PRE","Tower of London",97,"ABAS_Selfcare","ABAS Self-Care","ABAS-II","ok",-0.406776623108335,0.136526179073474,-0.674363017039209,-0.139190229177461,0.00288740818310095,0.210162422185638,0.193357367338524,0.0796078779411582,0.13055454424448,0.141846655480319,,"outcome_z ~ ABAS_Selfcare_z + age_z",1.23798821536058,1.64647562516312,3.44020941000858,0.119004429698895,0.337372757782899,0.0412371134020619,6,0.00717167409256394,0.0415786778366537,"True","True"
"abas_subscales","separate","PLANNING_ACC","Moles planning accuracy","PLANNING_ACC_PRE","Moles planning",92,"ABAS_soc","ABAS Social","ABAS-II","ok",0.229407362654508,0.0802968030400599,0.0720285206222847,0.386786204686732,0.00427675967085992,0.0749952402298671,0.0542086164148079,0.0269244887360771,0.04807075149379,0.0494008439605588,,"outcome_z ~ ABAS_soc_z + age_z",-3.87681402369496,17.2988352471334,7.8845004747812,0.11007632936626,0.86767445026505,0.0434782608695652,5,0.253761397118642,0.0488193989137468,"True","True"
"abas_subscales","separate","TOL_VIO_REG","Tower of London rule violations","TOL_VIO_REG_PRE","Tower of London",96,"ABAS_Health_saf_sic","ABAS Health and Safety","ABAS-II","ok",-0.313301231061286,0.111164465014589,-0.531179578850543,-0.0954228832720284,0.00482699949016079,0.162917129067479,0.144915346896887,0.0755774554276971,0.0873396736397815,0.0944802505657091,,"outcome_z ~ ABAS_Health_saf_sic_z + age_z",1.39021259153231,1.96564397207241,3.64897449884929,0.0934592005307901,0.16820373390491,0.0416666666666667,5,0.0496530731331915,0.0488193989137468,"True","True"
"abas_subscales","separate","WM_ACC","Moles working-memory accuracy","WM_ACC_PRE","Moles working memory",91,"ABAS_comm_use","ABAS Communication","ABAS-II","ok",0.367245270925693,0.132069912020221,0.108392999924687,0.626097541926699,0.00542437765708298,0.190416116267444,0.17201648254625,0.100177064109524,0.0902390521579197,0.100285343436615,,"outcome_z ~ ABAS_comm_use_z + age_z",0.935565374865766,2.39079378427954,4.54289287542092,0.0911231632639633,0.122783410492639,0.043956043956044,6,0.119125130315192,0.0488193989137468,"True","True"
"abas_subscales","separate","CBT_F_SPAN","Corsi forward span","CBT_F_SPAN_PRE","Corsi",97,"ABAS_Selfcare","ABAS Self-Care","ABAS-II","ok",0.309704604303838,0.118579795638678,0.0772924755579092,0.542116733049766,0.00900716056029011,0.147255457864553,0.129111956968054,0.0715764650417159,0.0756789928228369,0.0815134364578956,,"outcome_z ~ ABAS_Selfcare_z + age_z",-1.34416770292613,2.81728452605317,3.69082328442606,0.119004429698895,0.151476720870641,0.0412371134020619,8,0.685534384780101,0.0649371016978403,"True","False"
"abas_subscales","separate","TOL_ACC","Tower of London accuracy","TOL_ACC_PRE","Tower of London",95,"ABAS_comm_use","ABAS Communication","ABAS-II","ok",0.341242233521225,0.130677484868141,0.0851190695893894,0.59736539745306,0.00901904190247781,0.173260510008789,0.155287912400284,0.0975205643778312,0.0757399456309577,0.083924289730483,,"outcome_z ~ ABAS_comm_use_z + age_z",-0.19440901331355,0.522578616612251,3.41572572070733,0.0908104530486251,0.239872158643851,0.0421052631578947,7,0.0749150635012314,0.0649371016978403,"True","False"
"abas_subscales","separate","TOL_VIO_REG","Tower of London rule violations","TOL_VIO_REG_PRE","Tower of London",97,"ABAS_Leisure","ABAS Leisure","ABAS-II","ok",-0.282530871222041,0.11248552059066,-0.502998440361974,-0.0620633020821088,0.0120148187719531,0.15213006700953,0.134090281201222,0.0796078779411582,0.0725221890683718,0.0787948824530851,,"outcome_z ~ ABAS_Leisure_z + age_z",1.36262486968674,2.05670994890494,3.45972528437899,0.127538869707856,0.178634988322032,0.0412371134020619,5,0.0376354297673588,0.0717256786568716,"True","False"
"abas_subscales","separate","TOL_VIO_REG","Tower of London rule violations","TOL_VIO_REG_PRE","Tower of London",97,"ABAS_soc","ABAS Social","ABAS-II","ok",-0.317979647328452,0.12697764395524,-0.566851256322473,-0.0691080383344315,0.0122722540719384,0.169839044276746,0.152176045218804,0.0796078779411582,0.0902311663355876,0.0980355700282918,,"outcome_z ~ ABAS_soc_z + age_z",1.25993356049129,1.95912727493408,3.48837622337521,0.0986908131513331,0.155912974033678,0.0412371134020619,7,0.0108930576432191,0.0717256786568716,"True","False"
"abas_subscales","separate","TOL_ACC","Tower of London accuracy","TOL_ACC_PRE","Tower of London",96,"ABAS_Selfcare","ABAS Self-Care","ABAS-II","ok",0.26236263482431,0.105843430756521,0.0549133225413703,0.46981194710725,0.0131832398201004,0.155572296969743,0.137412561420705,0.100910389952171,0.0546619070175717,0.0607969510565958,,"outcome_z ~ ABAS_Selfcare_z + age_z",-0.207301578656234,0.0753997377007918,3.17188647923036,0.119627359316004,0.237978261447605,0.0416666666666667,4,0.199020837238127,0.0717256786568716,"True","False"
"abas_subscales","separate","TOL_ACC","Tower of London accuracy","TOL_ACC_PRE","Tower of London",95,"ABAS_fun_acc","ABAS Functional Academics","ABAS-II","ok",0.344120564276447,0.139964110398212,0.0697959487677625,0.618445179785131,0.0139466597388361,0.166846494615558,0.14873446188981,0.0975205643778312,0.0693259302377273,0.0768171855239385,,"outcome_z ~ ABAS_fun_acc_z + age_z",-0.13788940812511,0.214214034648549,3.26223758860715,0.0957240489979606,0.239927640793289,0.0421052631578947,8,0.0207475571067182,0.0717256786568716,"True","False"
"abas_subscales","separate","TOL_VIO_REG","Tower of London rule violations","TOL_VIO_REG_PRE","Tower of London",97,"ABAS_school_liv","ABAS School Living","ABAS-II","ok",-0.29921598980967,0.132289492456274,-0.55849863055705,-0.0399333490622896,0.0237080734570781,0.150891035658369,0.132824887480888,0.0796078779411582,0.0712831577172111,0.077448683021924,,"outcome_z ~ ABAS_school_liv_z + age_z",1.39935219097085,2.25739620530753,3.67450879573997,0.130177090512583,0.153561780241785,0.0412371134020619,6,0.0497337973013743,0.111104400145717,"True","False"
"abas_subscales","separate","PLANNING_ACC","Moles planning accuracy","PLANNING_ACC_PRE","Moles planning",92,"ABAS_Selfcare","ABAS Self-Care","ABAS-II","ok",0.141835551743456,0.0631440817787318,0.01807542562029,0.265595677866622,0.0246898666990481,0.0431216423234361,0.021618757881266,0.0269244887360771,0.0161971535873589,0.0166453203270119,,"outcome_z ~ ABAS_Selfcare_z + age_z",-3.88221715456338,17.1694724340886,7.82297648156926,0.134544248069728,0.843735117522854,0.0434782608695652,4,0.307899129400616,0.111104400145717,"True","False"
"abas_subscales","separate","TOL_ACC","Tower of London accuracy","TOL_ACC_PRE","Tower of London",96,"ABAS_Leisure","ABAS Leisure","ABAS-II","ok",0.271612942548731,0.122297563986526,0.0319141217381573,0.511311763359305,0.0263564707837686,0.167826937533161,0.1499307426414,0.100910389952171,0.0669165475809892,0.074427005754665,,"outcome_z ~ ABAS_Leisure_z + age_z",-0.180812481849362,-0.250482150556336,2.75165025648437,0.127539784286732,0.344598046134975,0.0416666666666667,6,0.15432733551316,0.111627405672432,"True","False"
"abas_subscales","separate","WM_ACC","Moles working-memory accuracy","WM_ACC_PRE","Moles working memory",91,"ABAS_fun_acc","ABAS Functional Academics","ABAS-II","ok",0.255307578789538,0.118575162282599,0.0229045312546511,0.487710626324425,0.0313085693813049,0.138918280756965,0.11934824168326,0.100177064109524,0.0387412166474411,0.0430542666809245,,"outcome_z ~ ABAS_fun_acc_z + age_z",1.17093265301411,2.92756308772055,4.7594726528799,0.0983645016686743,0.114401050799586,0.043956043956044,4,0.725530563377237,0.12523427752522,"True","False"
"abas_subscales","separate","PLANNING_ACC","Moles planning accuracy","PLANNING_ACC_PRE","Moles planning",92,"ABAS_Selfdirection","ABAS Self-Direction","ABAS-II","ok",0.115133714454221,0.0557307535768319,0.00590344461235387,0.224363984296089,0.0388386843764339,0.0383144915717531,0.0167035812699947,0.0269244887360771,0.011390002835676,0.011705158236776,,"outcome_z ~ ABAS_Selfdirection_z + age_z",-3.90496081314496,17.2149243336553,7.81780832806513,0.121457522244162,0.845945889106672,0.0434782608695652,3,0.318778204726566,0.147178172373855,"True","False"
"abas_subscales","separate","PLANNING_EFF","Moles planning tile difference (EFF)","PLANNING_EFF_PRE","Moles planning",97,"ABAS_school_liv","ABAS School Living","ABAS-II","ok",0.215420623184855,0.116522891575105,-0.0129600476768157,0.443801294046525,0.0644952500259888,0.103520857329826,0.0844468330176952,0.066572776112861,0.0369480812169654,0.0395832479184611,,"outcome_z ~ ABAS_school_liv_z + age_z",1.1110726674739,2.22372261467216,4.65901862322492,0.130177090512583,0.24496254289169,0.0412371134020619,5,0.0852481102333746,0.227432496376002,"False","False"
"abas_subscales","separate","CBT_B_SPAN","Corsi backward span","CBT_B_SPAN_PRE","Corsi",97,"ABAS_school_liv","ABAS School Living","ABAS-II","ok",0.187315123046852,0.102014778268708,-0.0126301682506557,0.387260414344359,0.0663344781096671,0.133174805477239,0.114731716232074,0.10523888295088,0.0279359225263593,0.0312216545780295,,"outcome_z ~ ABAS_school_liv_z + age_z",-0.0994908312691897,-1.14233556421298,1.79247794342567,0.130177090512583,0.0713805317866512,0.0412371134020619,5,0.832371920174386,0.227432496376002,"False","False"
"abas_subscales","separate","CBT_F_SPAN","Corsi forward span","CBT_F_SPAN_PRE","Corsi",97,"ABAS_Leisure","ABAS Leisure","ABAS-II","ok",0.185384820844708,0.1051710407958,-0.020746631331653,0.391516273021068,0.077951377977648,0.102800385400102,0.0837110318979765,0.0715764650417159,0.0312239203583859,0.0336311168154401,,"outcome_z ~ ABAS_Leisure_z + age_z",-1.38346685940611,2.48229666604819,3.50126727384268,0.127538869707856,0.190154831060215,0.0412371134020619,8,0.703671905395753,0.24738979917738,"False","False"
"abas_subscales","separate","CBT_F_SPAN","Corsi forward span","CBT_F_SPAN_PRE","Corsi",97,"ABAS_school_liv","ABAS School Living","ABAS-II","ok",0.18315759398979,0.104282607762823,-0.0212325614392612,0.38754774941884,0.079027296959441,0.0982860533189877,0.0791006501981151,0.0715764650417159,0.0267095882772718,0.0287687539916486,,"outcome_z ~ ABAS_school_liv_z + age_z",-1.33704797105644,2.65966322862498,3.62571527876749,0.130177090512583,0.195539932850322,0.0412371134020619,7,0.772441063522913,0.24738979917738,"False","False"
"abas_subscales","separate","TOL_VIO_REG","Tower of London rule violations","TOL_VIO_REG_PRE","Tower of London",96,"ABAS_comm_use","ABAS Communication","ABAS-II","ok",-0.183676975039574,0.113028673909022,-0.405209105121581,0.0378551550424316,0.10415241720834,0.0987006814854567,0.0793179004421333,0.0765718808545833,0.0221288006308734,0.0239637500440774,,"outcome_z ~ ABAS_comm_use_z + age_z",1.58339922741829,2.73493056444552,3.81976422539224,0.0901618712328026,0.0989678040387502,0.0416666666666667,5,0.301673844141102,0.29777384308443,"False","False"
"abas_subscales","separate","PLANNING_EFF","Moles planning tile difference (EFF)","PLANNING_EFF_PRE","Moles planning",96,"ABAS_fun_acc","ABAS Functional Academics","ABAS-II","ok",0.233396562486595,0.14435241726908,-0.049528976442099,0.516322101415288,0.105910130084106,0.0937179855058295,0.074228049710256,0.0620154616713875,0.031702523834442,0.0337985569473594,,"outcome_z ~ ABAS_fun_acc_z + age_z",1.16460263930777,2.49402499901288,4.8528851007527,0.0956630810528072,0.274446366230539,0.0416666666666667,4,0.0941000547890145,0.29777384308443,"False","False"
"abas_subscales","separate","CBT_B_SPAN","Corsi backward span","CBT_B_SPAN_PRE","Corsi",97,"ABAS_Selfcare","ABAS Self-Care","ABAS-II","ok",0.173772644119706,0.108618888696094,-0.0391164657654033,0.386661754004816,0.109634488683096,0.129064427660801,0.110533883568478,0.10523888295088,0.0238255447099212,0.0266278275351267,,"outcome_z ~ ABAS_Selfcare_z + age_z",-0.148322834732307,-1.1326293270112,1.81527550540403,0.119004429698895,0.0625925632498149,0.0412371134020619,2,0.288515681993997,0.29777384308443,"False","False"
"abas_subscales","separate","TOL_ACC","Tower of London accuracy","TOL_ACC_PRE","Tower of London",96,"ABAS_school_liv","ABAS School Living","ABAS-II","ok",0.220996659364922,0.139642955290237,-0.0526985036986791,0.494691822428522,0.113516390080103,0.140025135613727,0.121531052508645,0.100910389952171,0.0391147456615553,0.04350483558527,,"outcome_z ~ ABAS_school_liv_z + age_z",-0.212634799122838,0.123810251880057,3.11228182624166,0.130280405171789,0.26704088366861,0.0416666666666667,5,0.0936446907137674,0.29777384308443,"False","False"
"abas_subscales","separate","TOL_VIO_REG","Tower of London rule violations","TOL_VIO_REG_PRE","Tower of London",96,"ABAS_fun_acc","ABAS Functional Academics","ABAS-II","ok",-0.177154211557626,0.113645894847561,-0.39989607244967,0.0455876493344191,0.119037493923998,0.0948363851524345,0.0753705009621644,0.0765718808545833,0.0182645042978512,0.0197790211486672,,"outcome_z ~ ABAS_fun_acc_z + age_z",1.66204135908695,3.10706973152263,3.84084046406662,0.0956630810528072,0.0797922615321393,0.0416666666666667,6,0.690764985763776,0.29777384308443,"False","False"
"abas_subscales","separate","PLANNING_EFF","Moles planning tile difference (EFF)","PLANNING_EFF_PRE","Moles planning",97,"ABAS_Selfdirection","ABAS Self-Direction","ABAS-II","ok",0.159367724280898,0.102484685990492,-0.0414985692273623,0.360234017789159,0.119936686797895,0.0878599016498483,0.0684526655147387,0.066572776112861,0.0212871255369873,0.0228053403545912,,"outcome_z ~ ABAS_Selfdirection_z + age_z",1.20626952198512,2.46146157535763,4.75905031340389,0.113440362198025,0.184587639519328,0.0412371134020619,4,0.266213909848891,0.29777384308443,"False","False"
"abas_subscales","separate","CBT_F_SPAN","Corsi forward span","CBT_F_SPAN_PRE","Corsi",97,"ABAS_Selfdirection","ABAS Self-Direction","ABAS-II","ok",0.19857186498898,0.129482373442435,-0.0552089235909577,0.452352653568918,0.125132466570131,0.104624961694102,0.0855744289641899,0.0715764650417159,0.0330484966523866,0.0355963581361297,,"outcome_z ~ ABAS_Selfdirection_z + age_z",-1.33116651266411,2.53254024844812,3.52938003483402,0.113440362198025,0.191478662970418,0.0412371134020619,8,0.603218479206114,0.300317919768313,"False","False"
"abas_subscales","separate","TOL_ACC","Tower of London accuracy","TOL_ACC_PRE","Tower of London",95,"ABAS_Health_saf_sic","ABAS Health and Safety","ABAS-II","ok",0.148104711992711,0.10443171074684,-0.056577679915001,0.352787103900422,0.156133332704202,0.125873805177961,0.106871061812264,0.106270970105781,0.0196028350721796,0.0219337566717507,,"outcome_z ~ ABAS_Health_saf_sic_z + age_z",-0.326259175465666,0.0863929225320281,3.18998978011322,0.0939816548550976,0.249448778445692,0.0421052631578947,3,0.255558696081292,0.3543695448037,"False","False"
"abas_subscales","separate","CBT_F_SPAN","Corsi forward span","CBT_F_SPAN_PRE","Corsi",97,"ABAS_soc","ABAS Social","ABAS-II","ok",0.144108399064092,0.101948721422133,-0.0557074231931952,0.343924221321378,0.157497575468311,0.0901090718394985,0.0707496903892751,0.0715764650417159,0.0185326067977826,0.0199613711845588,,"outcome_z ~ ABAS_soc_z + age_z",-1.34202106997913,2.51821798628591,3.40594358038938,0.0986908131513331,0.174516440530441,0.0412371134020619,8,0.698487258050984,0.3543695448037,"False","False"
"abas_subscales","separate","CBT_B_SPAN","Corsi backward span","CBT_B_SPAN_PRE","Corsi",97,"ABAS_Selfdirection","ABAS Self-Direction","ABAS-II","ok",0.135365028048856,0.105229707367008,-0.0708814084941692,0.341611464591882,0.198311677907263,0.12059669096814,0.101885982265334,0.10523888295088,0.0153578080172597,0.0171641432831917,,"outcome_z ~ ABAS_Selfdirection_z + age_z",-0.124287349367198,-1.17932856222535,1.80375282421559,0.113440362198025,0.0758356947533999,0.0412371134020619,3,0.326630644459726,0.423046338817665,"False","False"
"abas_subscales","separate","PLANNING_EFF","Moles planning tile difference (EFF)","PLANNING_EFF_PRE","Moles planning",96,"ABAS_comm_use","ABAS Communication","ABAS-II","ok",0.15936463668174,0.12529428781656,-0.0862076549073131,0.404936928270794,0.203400620089921,0.0786738258852727,0.0588603597752786,0.0620154616713875,0.0166583642138852,0.017759742866944,,"outcome_z ~ ABAS_comm_use_z + age_z",1.28586304222281,2.988105696381,5.00877829247295,0.0901618712328026,0.146045613607391,0.0416666666666667,4,0.374444542776305,0.423046338817665,"False","False"
"abas_subscales","separate","PWM_EFF","Moles WM-planning tile difference (EFF)","PWM_EFF_PRE","Moles working-memory planning",97,"ABAS_soc","ABAS Social","ABAS-II","ok",0.132263543206268,0.104504563600297,-0.0725616376703898,0.337088724082925,0.205647525814143,0.0287750076849228,0.00811064614630419,0.0131637378598477,0.0156112698250751,0.0158195137572456,,"outcome_z ~ ABAS_soc_z + age_z",-2.77634668782457,19.2114644914626,8.58102246075988,0.0986908131513331,0.22488056382895,0.0412371134020619,5,0.636938683793374,0.423046338817665,"False","False"
"abas_subscales","separate","PLANNING_ACC","Moles planning accuracy","PLANNING_ACC_PRE","Moles planning",91,"ABAS_Health_saf_sic","ABAS Health and Safety","ABAS-II","ok",0.0931034329259257,0.0751653595464569,-0.0542179646701337,0.240424830521985,0.215475831301388,0.0339987310852551,0.0120441567917382,0.0261038723435391,0.00789485874171603,0.0081064689729426,,"outcome_z ~ ABAS_Health_saf_sic_z + age_z",-3.88720672165189,17.0679063820782,7.77879480108905,0.102444279719475,0.845271505910211,0.043956043956044,5,0.325101343832408,0.430951662602776,"False","False"
"abas_subscales","separate","WM_ACC","Moles working-memory accuracy","WM_ACC_PRE","Moles working memory",92,"ABAS_Leisure","ABAS Leisure","ABAS-II","ok",0.115040791296911,0.10087608195851,-0.0826726962432796,0.312754278837102,0.254112644523843,0.111779457689669,0.0918194455029203,0.0995302007892499,0.0122492569004194,0.0136031845944814,,"outcome_z ~ ABAS_Leisure_z + age_z",1.05975003469338,2.11881873746724,4.42527366170894,0.137432608519786,0.146543773194694,0.0434782608695652,4,0.279120695033993,0.484429747929607,"False","False"
"abas_subscales","separate","TOL_ACC","Tower of London accuracy","TOL_ACC_PRE","Tower of London",96,"ABAS_soc","ABAS Social","ABAS-II","ok",0.131603073334028,0.115778270317896,-0.0953181666813903,0.358524313349447,0.255671255851737,0.116444114755245,0.0974429129220241,0.100910389952171,0.0155337248030733,0.0172771708509089,,"outcome_z ~ ABAS_soc_z + age_z",-0.233182382654196,-0.0616391943293343,3.13855071724388,0.098755810974112,0.32189555327819,0.0416666666666667,5,0.0387641354483199,0.484429747929607,"False","False"
"abas_subscales","separate","PLANNING_EFF","Moles planning tile difference (EFF)","PLANNING_EFF_PRE","Moles planning",97,"ABAS_Leisure","ABAS Leisure","ABAS-II","ok",0.105260493678945,0.0986159969120436,-0.0880233085681735,0.298544295926064,0.285801416208087,0.0766390766503672,0.0569930995578218,0.066572776112861,0.0100663005375062,0.0107842371423303,,"outcome_z ~ ABAS_Leisure_z + age_z",1.32657468142833,2.79227572718892,4.87311733486017,0.127538869707856,0.108773902446073,0.0412371134020619,6,0.682390439999192,0.527633383768776,"False","False"
"abas_subscales","separate","PLANNING_ACC","Moles planning accuracy","PLANNING_ACC_PRE","Moles planning",91,"ABAS_comm_use","ABAS Communication","ABAS-II","ok",-0.192826183712655,0.185984359787606,-0.557348830584102,0.171696463158791,0.299835092117073,0.0528562224353692,0.0313302274907186,0.027978299791863,0.0248779226435062,0.0255939992267451,,"outcome_z ~ ABAS_comm_use_z + age_z",-3.48199030854184,14.1417489742778,7.47599115550119,0.0911231632639633,1.08747820484648,0.043956043956044,4,0.0193869301508884,0.539703165810731,"False","False"
"abas_subscales","separate","WM_ACC","Moles working-memory accuracy","WM_ACC_PRE","Moles working memory",91,"ABAS_Health_saf_sic","ABAS Health and Safety","ABAS-II","ok",-0.0822692511319171,0.0837322109677398,-0.246381368974597,0.0818428667107625,0.325839740673674,0.106341445666223,0.0860310239768192,0.100177084686605,0.00616436097961787,0.00685063791409559,,"outcome_z ~ ABAS_Health_saf_sic_z + age_z",1.18747555689814,2.59812654272364,4.51020642287794,0.102444279719475,0.102612113540591,0.043956043956044,4,0.810721053583936,0.560906795317592,"False","False"
"abas_subscales","separate","PWM_ACC","Moles WM-planning accuracy","PWM_ACC_PRE","Moles working-memory planning",91,"ABAS_comm_use","ABAS Communication","ABAS-II","ok",0.115664110917933,0.118051324871247,-0.115712234156948,0.347040455992814,0.327195630601929,0.0430955029829787,0.0213476735053192,0.03414434239414,0.00895116058883875,0.00926759657962413,,"outcome_z ~ ABAS_comm_use_z + age_z",0.0241770145224545,-0.407968824982261,2.93399011687329,0.0911231632639633,0.0694514034457938,0.043956043956044,3,0.757996045902597,0.560906795317592,"False","False"
"abas_subscales","separate","CBT_B_SPAN","Corsi backward span","CBT_B_SPAN_PRE","Corsi",97,"ABAS_Leisure","ABAS Leisure","ABAS-II","ok",0.0890497727621358,0.0973206529746973,-0.101695202020192,0.279794747544463,0.360184211466115,0.112443397429537,0.0935592143961234,0.10523888295088,0.00720451447865737,0.0080518859630574,,"outcome_z ~ ABAS_Leisure_z + age_z",-0.116438601568998,-1.2157142896304,1.75438097107473,0.127538869707856,0.0654783529234535,0.0412371134020619,3,0.357760907849597,0.576488381164795,"False","False"
"abas_subscales","separate","PLANNING_ACC","Moles planning accuracy","PLANNING_ACC_PRE","Moles planning",92,"ABAS_school_liv","ABAS School Living","ABAS-II","ok",-0.138052843963376,0.151084184689787,-0.434172404588956,0.158066716662204,0.360849371902852,0.0422564416239063,0.0207341144693873,0.0269244887360771,0.0153319528878292,0.0157561799781752,,"outcome_z ~ ABAS_school_liv_z + age_z",-3.58609359091917,14.745760682783,7.55487000635433,0.133558190651916,1.24466056076542,0.0434782608695652,3,0.0315492893983594,0.576488381164795,"False","False"
"abas_subscales","separate","PLANNING_EFF","Moles planning tile difference (EFF)","PLANNING_EFF_PRE","Moles planning",97,"ABAS_Selfcare","ABAS Self-Care","ABAS-II","ok",0.13770588723609,0.152207424679625,-0.160615183315568,0.436026957787747,0.365611006467679,0.0815346171115026,0.0619928004543006,0.066572776112861,0.0149618409986416,0.0160289314643458,,"outcome_z ~ ABAS_Selfcare_z + age_z",1.28359445852103,2.51320595501131,4.74488140116981,0.119004429698895,0.288132347339657,0.0412371134020619,6,0.628463105283422,0.576488381164795,"False","False"
"abas_subscales","separate","PWM_ACC","Moles WM-planning accuracy","PWM_ACC_PRE","Moles working-memory planning",92,"ABAS_Leisure","ABAS Leisure","ABAS-II","ok",-0.116062591584643,0.129010081722958,-0.368917705404209,0.136792522234923,0.36831202129973,0.0453250735577401,0.0238717044242061,0.0328572528004428,0.0124678207572972,0.0128913966355007,,"outcome_z ~ ABAS_Leisure_z + age_z",-0.0944054876117035,-0.237627971290223,2.94399645804739,0.137432608519786,0.128451885803885,0.0434782608695652,5,0.147710991636025,0.576488381164795,"False","False"
"abas_subscales","separate","CBT_F_SPAN","Corsi forward span","CBT_F_SPAN_PRE","Corsi",96,"ABAS_fun_acc","ABAS Functional Academics","ABAS-II","ok",0.14725642556678,0.166991340794131,-0.180040588119771,0.474553439253331,0.377873761076902,0.0796067743434957,0.0598133716412054,0.066986946343623,0.0126198279998728,0.0135258857852171,,"outcome_z ~ ABAS_fun_acc_z + age_z",-1.30710922596811,2.84821560134185,3.6870472006488,0.0956630810528072,0.341509995441964,0.0416666666666667,8,0.60191616346598,0.578870442500786,"False","False"
"abas_subscales","separate","PWM_ACC","Moles WM-planning accuracy","PWM_ACC_PRE","Moles working-memory planning",91,"ABAS_Health_saf_sic","ABAS Health and Safety","ABAS-II","ok",0.0901513751172022,0.109278801790354,-0.124031140665583,0.304333890899988,0.409390482832543,0.0381718572894449,0.016312126773296,0.0307697106279319,0.00740214666151297,0.00763713922550721,,"outcome_z ~ ABAS_Health_saf_sic_z + age_z",0.0321592364346171,-0.265363098974041,3.08500250708655,0.102444279719475,0.0846452172000267,0.043956043956044,5,0.737213099699354,0.605723555307532,"False","False"
"abas_subscales","separate","PWM_ACC","Moles WM-planning accuracy","PWM_ACC_PRE","Moles working-memory planning",91,"ABAS_fun_acc","ABAS Functional Academics","ABAS-II","ok",0.12532910178419,0.153652824304904,-0.175824899976283,0.426483103544662,0.414692243026399,0.0434801027634882,0.021741014189931,0.03414434239414,0.00933576036934822,0.00966579249790757,,"outcome_z ~ ABAS_fun_acc_z + age_z",0.0445884408110066,-0.332207159459164,3.0085715797852,0.0983645016686743,0.0912409823193063,0.043956043956044,6,0.53751204555338,0.605723555307532,"False","False"
"abas_subscales","separate","PWM_EFF","Moles WM-planning tile difference (EFF)","PWM_EFF_PRE","Moles working-memory planning",97,"ABAS_Leisure","ABAS Leisure","ABAS-II","ok",0.0643470470426026,0.0805045800669368,-0.0934390304791146,0.22213312456432,0.424118378529816,0.0169255433005821,-0.00399093450153321,0.0131637378598477,0.0037618054407344,0.00381198541749563,,"outcome_z ~ ABAS_Leisure_z + age_z",-2.88789843442503,19.593071581305,8.64836531537191,0.127538869707856,0.288382574855578,0.0412371134020619,4,0.638168916663639,0.605723555307532,"False","False"
"abas_subscales","separate","PWM_EFF","Moles WM-planning tile difference (EFF)","PWM_EFF_PRE","Moles working-memory planning",96,"ABAS_comm_use","ABAS Communication","ABAS-II","ok",0.112839858533795,0.142688749751413,-0.166824951978023,0.392504669045613,0.429054185009502,0.0247988634284703,0.00382679597531921,0.0164471899759948,0.00835167345247554,0.00849133200307932,,"outcome_z ~ ABAS_comm_use_z + age_z",-3.09857972405159,20.9289026815964,9.0031561529623,0.0901618712328026,0.398852850658481,0.0416666666666667,5,0.45002677617688,0.605723555307532,"False","False"
"abas_subscales","separate","PLANNING_EFF","Moles planning tile difference (EFF)","PLANNING_EFF_PRE","Moles planning",97,"ABAS_soc","ABAS Social","ABAS-II","ok",0.0847283219614214,0.110019659529561,-0.130906248307877,0.30036289223072,0.441228811543416,0.072979192098035,0.0532553451213976,0.066572776112861,0.006406415985174,0.00686332669674572,,"outcome_z ~ ABAS_soc_z + age_z",1.31693061709597,2.79311795676011,4.86738018188201,0.0986908131513331,0.111751732515482,0.0412371134020619,7,0.673653122392112,0.610932200598576,"False","False"
"abas_subscales","separate","WM_ACC","Moles working-memory accuracy","WM_ACC_PRE","Moles working memory",92,"ABAS_school_liv","ABAS School Living","ABAS-II","ok",0.0647114581817551,0.110716806422566,-0.152289494889767,0.281712411253277,0.558899244821206,0.102898953506529,0.082739379428024,0.0995302007892499,0.00336875271727913,0.00374110572084916,,"outcome_z ~ ABAS_school_liv_z + age_z",1.14948621345128,2.4523235410088,4.54221571160803,0.133558190651916,0.106893632994041,0.0434782608695652,7,0.914664351555988,0.746625430094908,"False","False"
"abas_subscales","separate","PLANNING_EFF","Moles planning tile difference (EFF)","PLANNING_EFF_PRE","Moles planning",96,"ABAS_Health_saf_sic","ABAS Health and Safety","ABAS-II","ok",0.0713164428779761,0.127612575774138,-0.178799609613722,0.321432495369674,0.576263266960466,0.0705143300903779,0.0505253909525366,0.0659888286377345,0.00452550145264344,0.00484523268179222,,"outcome_z ~ ABAS_Health_saf_sic_z + age_z",1.23869376094767,2.46182528519504,4.8074920054624,0.0934592005307901,0.281717347080446,0.0416666666666667,5,0.321590581106711,0.746625430094908,"False","False"
"abas_subscales","separate","CBT_B_SPAN","Corsi backward span","CBT_B_SPAN_PRE","Corsi",96,"ABAS_Health_saf_sic","ABAS Health and Safety","ABAS-II","ok",-0.0595423268952117,0.108776195359943,-0.272739752175993,0.15365509838557,0.584115084285778,0.107402105755428,0.0882064521157594,0.104247544481667,0.0031545612737605,0.00352168867004108,,"outcome_z ~ ABAS_Health_saf_sic_z + age_z",-0.0661513918259488,-1.18823451001454,1.76615263315977,0.0934592005307901,0.0652926364867326,0.0416666666666667,5,0.705362548599171,0.746625430094908,"False","False"
"abas_subscales","separate","CBT_F_SPAN","Corsi forward span","CBT_F_SPAN_PRE","Corsi",96,"ABAS_comm_use","ABAS Communication","ABAS-II","ok",0.087062374044036,0.161717154352758,-0.229897424169675,0.404022172257747,0.59032714095395,0.0719586982635808,0.0520008208068836,0.066986946343623,0.00497175191995784,0.00532870563865546,,"outcome_z ~ ABAS_comm_use_z + age_z",-1.33241701474435,2.82369208042547,3.72411163379918,0.0901618712328026,0.248034898078148,0.0416666666666667,7,0.714946019594041,0.746625430094908,"False","False"
"abas_subscales","separate","PWM_EFF","Moles WM-planning tile difference (EFF)","PWM_EFF_PRE","Moles working-memory planning",97,"ABAS_Selfdirection","ABAS Self-Direction","ABAS-II","ok",0.0553329609857721,0.107417862757634,-0.155202181315456,0.265868103287001,0.606470003440992,0.0157299000445912,-0.00521201697573659,0.0131637378598477,0.00256616218474354,0.00260039307754882,,"outcome_z ~ ABAS_Selfdirection_z + age_z",-2.83578904342146,19.3291120566412,8.5746085938476,0.113440362198025,0.248309002137877,0.0412371134020619,6,0.755319420065036,0.746625430094908,"False","False"
"abas_subscales","separate","CBT_F_SPAN","Corsi forward span","CBT_F_SPAN_PRE","Corsi",96,"ABAS_Health_saf_sic","ABAS Health and Safety","ABAS-II","ok",0.0502088712653882,0.10383581797205,-0.153305592265086,0.253723334795863,0.628711682800023,0.0739153342961353,0.0539995350336866,0.0716722361396093,0.002243098156526,0.00241627821966498,,"outcome_z ~ ABAS_Health_saf_sic_z + age_z",-1.32982945291585,2.50658282929305,3.38386877426567,0.0934592005307901,0.121394073107262,0.0416666666666667,7,0.749463831521187,0.746625430094908,"False","False"
"abas_subscales","separate","PLANNING_ACC","Moles planning accuracy","PLANNING_ACC_PRE","Moles planning",91,"ABAS_fun_acc","ABAS Functional Academics","ABAS-II","ok",-0.0595348565390647,0.125236170805621,-0.304993240879788,0.185923527801659,0.634515659682989,0.0300849307605667,0.00804140645967055,0.027978299791863,0.00210663096870374,0.00216726742649138,,"outcome_z ~ ABAS_fun_acc_z + age_z",-3.74700685166899,15.8938556699322,7.63764633841805,0.0983645016686743,0.95098580187246,0.043956043956044,4,0.144201006063184,0.746625430094908,"False","False"
"abas_subscales","separate","PWM_ACC","Moles WM-planning accuracy","PWM_ACC_PRE","Moles working-memory planning",92,"ABAS_school_liv","ABAS School Living","ABAS-II","ok",0.0547822825345344,0.117285519558777,-0.175093111708737,0.284657676777806,0.640439214205046,0.0352715293020913,0.0135922378257338,0.0328572528004428,0.00241427650164848,0.00249629799596723,,"outcome_z ~ ABAS_school_liv_z + age_z",0.0239006324313363,-0.298110917047567,3.06085758724734,0.133558190651916,0.0869975473851863,0.0434782608695652,6,0.157598922535514,0.746625430094908,"False","False"
"abas_subscales","separate","PWM_ACC","Moles WM-planning accuracy","PWM_ACC_PRE","Moles working-memory planning",92,"ABAS_Selfcare","ABAS Self-Care","ABAS-II","ok",-0.0656246205631133,0.142001024338749,-0.343941514034856,0.21269227290863,0.643979577849525,0.0363246381207896,0.0146690120111443,0.0328572528004428,0.00346738532034674,0.00358518463834528,,"outcome_z ~ ABAS_Selfcare_z + age_z",-0.0562796941148892,-0.302427204565399,2.95904872512622,0.134544248069728,0.123980985160151,0.0434782608695652,6,0.206040293266673,0.746625430094908,"False","False"
"abas_subscales","separate","WM_ACC","Moles working-memory accuracy","WM_ACC_PRE","Moles working memory",92,"ABAS_Selfdirection","ABAS Self-Direction","ABAS-II","ok",0.0441929323981134,0.0958084527310273,-0.143588184369208,0.231974049165435,0.644609642142776,0.101208326300609,0.0810107605994993,0.0995302007892499,0.00167812551135939,0.0018636110981516,,"outcome_z ~ ABAS_Selfdirection_z + age_z",1.15179075111238,2.45069555984624,4.50680551171348,0.121457522244162,0.117321997440187,0.0434782608695652,6,0.941869655691319,0.746625430094908,"False","False"
"abas_subscales","separate","PWM_EFF","Moles WM-planning tile difference (EFF)","PWM_EFF_PRE","Moles working-memory planning",97,"ABAS_Selfcare","ABAS Self-Care","ABAS-II","ok",-0.0667383335298878,0.148576058048709,-0.357942056270289,0.224465389210514,0.653297251333044,0.0166779723417044,-0.00424377292762101,0.0131637378598477,0.00351423448185671,0.00356111202707052,,"outcome_z ~ ABAS_Selfcare_z + age_z",-2.7121076471589,18.103880395789,8.4960332003372,0.119004429698895,0.637809816253101,0.0412371134020619,5,0.23018707254201,0.746625430094908,"False","False"
"abas_subscales","separate","WM_ACC","Moles working-memory accuracy","WM_ACC_PRE","Moles working memory",92,"ABAS_soc","ABAS Social","ABAS-II","ok",0.0292857667342276,0.0872947309131758,-0.141808761895712,0.200380295364167,0.737261902443258,0.100313593281158,0.0800959212200609,0.0995302007892499,0.000783392491908633,0.000869981972294137,,"outcome_z ~ ABAS_soc_z + age_z",1.15237953660045,2.4565100646096,4.50678680434087,0.11007632936626,0.113093031327839,0.0434782608695652,4,0.970431515059981,0.829419640248665,"False","False"
"abas_subscales","separate","WM_ACC","Moles working-memory accuracy","WM_ACC_PRE","Moles working memory",92,"ABAS_Selfcare","ABAS Self-Care","ABAS-II","ok",-0.0317307261499962,0.10615554927916,-0.239791779496218,0.176330327196225,0.765010363465509,0.100340841699611,0.0801237819625231,0.0995302007892499,0.000810640910360733,0.000900242196985811,,"outcome_z ~ ABAS_Selfcare_z + age_z",1.15167623721542,2.50003903314408,4.51161414606892,0.134544248069728,0.10474672310627,0.0434782608695652,6,0.956473247432918,0.84739609491564,"False","False"
"abas_subscales","separate","PWM_ACC","Moles WM-planning accuracy","PWM_ACC_PRE","Moles working-memory planning",92,"ABAS_soc","ABAS Social","ABAS-II","ok",-0.0267473643436241,0.130228377918337,-0.281990294828636,0.228495566141388,0.837268885505611,0.0335107266222026,0.011791866546297,0.0328572528004428,0.00065347382175978,0.000675674634020722,,"outcome_z ~ ABAS_soc_z + age_z",-0.0349506202799325,-0.296151327981409,2.99346500612207,0.11007632936626,0.161779175105066,0.0434782608695652,5,0.136311562768765,0.896480840738876,"False","False"
"abas_subscales","separate","PLANNING_ACC","Moles planning accuracy","PLANNING_ACC_PRE","Moles planning",92,"ABAS_Leisure","ABAS Leisure","ABAS-II","ok",-0.015450856719056,0.0777323474360074,-0.167803458127385,0.136901744689273,0.842442684171995,0.0271454474598687,0.00528354740278703,0.0269244887360771,0.000220958723791579,0.000227072535721982,,"outcome_z ~ ABAS_Leisure_z + age_z",-3.8189665792651,16.4871801881263,7.71726872823522,0.137432608519786,0.892719264278381,0.0434782608695652,3,0.203193388426559,0.896480840738876,"False","False"
"abas_subscales","separate","CBT_B_SPAN","Corsi backward span","CBT_B_SPAN_PRE","Corsi",97,"ABAS_soc","ABAS Social","ABAS-II","ok",0.0194626456978465,0.103168329498179,-0.182743564463746,0.221668855859439,0.850367595292097,0.105576917957615,0.0865466396162874,0.10523888295088,0.000338035006734655,0.000377793581207117,,"outcome_z ~ ABAS_soc_z + age_z",-0.085511183034292,-1.19638698362755,1.6968960011021,0.0986908131513331,0.07231810797788,0.0412371134020619,3,0.755793359767244,0.896480840738876,"False","False"
"abas_subscales","separate","PWM_EFF","Moles WM-planning tile difference (EFF)","PWM_EFF_PRE","Moles working-memory planning",97,"ABAS_school_liv","ABAS School Living","ABAS-II","ok",0.015452612516373,0.0934690635713202,-0.167743385752099,0.198648610784845,0.868689533213525,0.0133538549518748,-0.00763861621936179,0.0131637378598477,0.000190117092027145,0.000192653127292508,,"outcome_z ~ ABAS_school_liv_z + age_z",-2.8425788617116,19.1736530923772,8.56295146955347,0.130177090512583,0.317145831096238,0.0412371134020619,4,0.434587456154003,0.896480840738876,"False","False"
"abas_subscales","separate","PWM_ACC","Moles WM-planning accuracy","PWM_ACC_PRE","Moles working-memory planning",92,"ABAS_Selfdirection","ABAS Self-Direction","ABAS-II","ok",-0.0206622514848428,0.127818021297375,-0.271180969802871,0.229856466833185,0.871578595162796,0.0332240906054868,0.0114987892707786,0.0328572528004428,0.000366837805043915,0.000379300580091391,,"outcome_z ~ ABAS_Selfdirection_z + age_z",-0.0330688577062656,-0.293950090841768,2.99891305402708,0.121457522244162,0.0848110702983967,0.0434782608695652,6,0.0648105265981089,0.896480840738876,"False","False"
"abas_subscales","separate","PWM_EFF","Moles WM-planning tile difference (EFF)","PWM_EFF_PRE","Moles working-memory planning",96,"ABAS_Health_saf_sic","ABAS Health and Safety","ABAS-II","ok",-0.0123996093272342,0.143106966340515,-0.29288410929143,0.268084890636962,0.930953105496601,0.0143355818759702,-0.00686150238476158,0.0141987764362702,0.000136805439700002,0.000138775887501468,,"outcome_z ~ ABAS_Health_saf_sic_z + age_z",-2.80759266912541,18.7811385154077,8.63658296306341,0.0934592005307901,0.628247062975876,0.0416666666666667,5,0.274613734188021,0.944065121066975,"False","False"
"abas_subscales","separate","PWM_EFF","Moles WM-planning tile difference (EFF)","PWM_EFF_PRE","Moles working-memory planning",96,"ABAS_fun_acc","ABAS Functional Academics","ABAS-II","ok",0.00660136719880705,0.156870164756503,-0.300858505972803,0.314061240370417,0.966433548272547,0.0164725513459202,-0.00467857658212445,0.0164471899759948,2.53613699253905e-05,2.57854684233008e-05,,"outcome_z ~ ABAS_fun_acc_z + age_z",-2.93155620887537,19.8063194787437,8.76062253771765,0.0956630810528072,0.4801021524947,0.0416666666666667,5,0.381247687103072,0.966433548272547,"False","False"
"brief_indices","separate","CBT_B_SPAN","Corsi backward span","CBT_B_SPAN_PRE","Corsi",96,"BRIEF_CRI","BRIEF Cognitive Regulation Index","BRIEF-2","ok",-0.294314798880226,0.0858224651992424,-0.462523739735183,-0.126105858025268,0.000605041026001204,0.195450352022886,0.178148209055636,0.114737866022369,0.0807124860005164,0.0911735438608018,,"outcome_z ~ BRIEF_CRI_z + age_z",-0.120943110603546,-0.918940677385655,2.04915921496105,0.102784428090971,0.0979522645275607,0.0416666666666667,2,0.601137946810766,0.0163361077020325,"True","True"
"brief_indices","separate","TOL_VIO_REG","Tower of London rule violations","TOL_VIO_REG_PRE","Tower of London",96,"BRIEF_CRI","BRIEF Cognitive Regulation Index","BRIEF-2","ok",0.359585243145819,0.118357410705359,0.127608980859899,0.591561505431739,0.00238050949219767,0.196058921951033,0.17876986650912,0.0755774554276971,0.120481466523336,0.130331596985314,,"outcome_z ~ BRIEF_CRI_z + age_z",1.39650921347856,2.47210555838205,3.98033291989686,0.102784428090971,0.195541491637695,0.0416666666666667,7,0.0692034031390248,0.0298914087148252,"True","True"
"brief_indices","separate","PLANNING_ACC","Moles planning accuracy","PLANNING_ACC_PRE","Moles planning",91,"BRIEF_BRI","BRIEF Behavioral Regulation Index","BRIEF-2","ok",-0.298230504572959,0.101565924118171,-0.497296057901103,-0.0991649512448154,0.00332126763498057,0.114923190122634,0.0948078080799667,0.0261038723435391,0.088819317779095,0.0911999906939002,,"outcome_z ~ BRIEF_BRI_z + age_z",-3.70295319633682,16.1695755401729,7.63920112477119,0.133876197467483,0.991762436007764,0.043956043956044,4,0.105134110831364,0.0298914087148252,"True","True"
"brief_indices","separate","TOL_VIO_REG","Tower of London rule violations","TOL_VIO_REG_PRE","Tower of London",96,"BRIEF_BRI","BRIEF Behavioral Regulation Index","BRIEF-2","ok",0.320968249915123,0.125077601851227,0.0758206550140769,0.566115844816168,0.0102833489445586,0.178288169252113,0.160616947085492,0.0755774554276971,0.102710713824416,0.111107971595324,,"outcome_z ~ BRIEF_BRI_z + age_z",1.39324996224131,2.8497906308399,3.73019847954554,0.130602387384267,0.266737526238433,0.0416666666666667,6,0.156878955147491,0.0694126053757708,"True","False"
"brief_indices","separate","WM_ACC","Moles working-memory accuracy","WM_ACC_PRE","Moles working memory",91,"BRIEF_CRI","BRIEF Cognitive Regulation Index","BRIEF-2","ok",-0.199443254030996,0.0848481151038287,-0.365742503790609,-0.0331440042713823,0.0187436010895563,0.131283524618208,0.111539968359531,0.0946333567585447,0.0366501678596636,0.0404810229460697,,"outcome_z ~ BRIEF_CRI_z + age_z",1.15125560147094,2.55766209200846,4.53201446446202,0.104206831200533,0.102389684653875,0.043956043956044,4,0.620636612650255,0.101215445883604,"True","False"
"brief_indices","separate","PLANNING_ACC","Moles planning accuracy","PLANNING_ACC_PRE","Moles planning",91,"BRIEF_CRI","BRIEF Cognitive Regulation Index","BRIEF-2","ok",-0.181712673799821,0.0836611765359148,-0.345685566714461,-0.0177397808851802,0.0298551234464047,0.0565272692344763,0.0350847071716235,0.0261038723435391,0.0304233968909372,0.0312388518929084,,"outcome_z ~ BRIEF_CRI_z + age_z",-3.77899146998243,16.2932548171346,7.63437918508631,0.104206831200533,0.892090372052502,0.043956043956044,4,0.225825433474582,0.131747506546398,"True","False"
"brief_indices","separate","CBT_F_SPAN","Corsi forward span","CBT_F_SPAN_PRE","Corsi",96,"BRIEF_CRI","BRIEF Cognitive Regulation Index","BRIEF-2","ok",-0.235959490358849,0.111395375611386,-0.454290414601477,-0.0176285661162215,0.0341567609564735,0.120526573419672,0.101613166396439,0.0686475941168177,0.0518789793028544,0.0557028456416113,,"outcome_z ~ BRIEF_CRI_z + age_z",-1.38305889438786,2.62249315986441,3.63463513273165,0.102784428090971,0.203434332588474,0.0416666666666667,8,0.634979878808624,0.131747506546398,"True","False"
"brief_indices","separate","TOL_VIO_REG","Tower of London rule violations","TOL_VIO_REG_PRE","Tower of London",96,"BRIEF_ERI","BRIEF Emotional Regulation Index","BRIEF-2","ok",0.265608974974743,0.132990960647112,0.00495148183702021,0.526266468112465,0.0458039278139432,0.145690157167407,0.127317902482835,0.0755774554276971,0.0701127017397095,0.0758448635327778,,"outcome_z ~ BRIEF_ERI_z + age_z",1.42592669585539,2.60306329081978,3.78710503426078,0.221952801401949,0.263467143574676,0.0416666666666667,8,0.224761027302635,0.154588256372058,"True","False"
"brief_indices","separate","CBT_B_SPAN","Corsi backward span","CBT_B_SPAN_PRE","Corsi",96,"BRIEF_ERI","BRIEF Emotional Regulation Index","BRIEF-2","ok",-0.186822244397159,0.100247147149331,-0.383303042362734,0.00965855356841694,0.0623755691988182,0.149424997091967,0.131133061545558,0.114737866022369,0.0346871310695977,0.0391828925447682,,"outcome_z ~ BRIEF_ERI_z + age_z",-0.109399716144844,-1.03237140543484,1.92640560098363,0.221952801401949,0.123628708617963,0.0416666666666667,5,0.99296990728833,0.187126707596455,"False","False"
"brief_indices","separate","TOL_ACC","Tower of London accuracy","TOL_ACC_PRE","Tower of London",95,"BRIEF_CRI","BRIEF Cognitive Regulation Index","BRIEF-2","ok",-0.15848355829167,0.104828320403197,-0.363943290841761,0.046976174258421,0.130574788374795,0.11925788031485,0.100111312495608,0.0958684098679692,0.0233894704468809,0.0258695423345017,,"outcome_z ~ BRIEF_CRI_z + age_z",-0.287877240343274,0.206536436144562,3.41234918883259,0.102914567484682,0.23285590456086,0.0421052631578947,5,0.13176243869631,0.352551928611946,"False","False"
"brief_indices","separate","CBT_B_SPAN","Corsi backward span","CBT_B_SPAN_PRE","Corsi",96,"BRIEF_BRI","BRIEF Behavioral Regulation Index","BRIEF-2","ok",-0.145339229653525,0.107091492569698,-0.355234698140773,0.0645562388337224,0.174733522896629,0.135797814624527,0.117212821390646,0.114737866022369,0.0210599486021573,0.0237895057224821,,"outcome_z ~ BRIEF_BRI_z + age_z",-0.0948127555279119,-1.0570547070645,1.93255117456111,0.130602387384267,0.135115296583368,0.0416666666666667,4,0.975095380687942,0.428891374382634,"False","False"
"brief_indices","separate","PLANNING_EFF","Moles planning tile difference (EFF)","PLANNING_EFF_PRE","Moles planning",96,"BRIEF_ERI","BRIEF Emotional Regulation Index","BRIEF-2","ok",-0.105680117204856,0.0823539248031395,-0.267090843804529,0.0557306093948173,0.199406871733904,0.0779631965237836,0.0581344480619295,0.0668638404636668,0.0110993560601168,0.0118946800492994,,"outcome_z ~ BRIEF_ERI_z + age_z",1.28132793391321,2.72398042295543,4.83019394024663,0.221952801401949,0.117126521483109,0.0416666666666667,4,0.591905566485594,0.448665461401283,"False","False"
"brief_indices","separate","TOL_ACC","Tower of London accuracy","TOL_ACC_PRE","Tower of London",95,"BRIEF_BRI","BRIEF Behavioral Regulation Index","BRIEF-2","ok",-0.0811411789446975,0.096243025274556,-0.269774042246005,0.10749168435661,0.399180163559513,0.102435271400737,0.0829229946920573,0.0958684098679692,0.00656686153276792,0.00726317010094606,,"outcome_z ~ BRIEF_BRI_z + age_z",-0.349547633693174,0.181230392624373,3.30256194269912,0.130620839687893,0.236052790766434,0.0421052631578947,4,0.277291018898671,0.73141272231575,"False","False"
"brief_indices","separate","PLANNING_EFF","Moles planning tile difference (EFF)","PLANNING_EFF_PRE","Moles planning",96,"BRIEF_BRI","BRIEF Behavioral Regulation Index","BRIEF-2","ok",-0.0779103935391327,0.0960326662705109,-0.266130960768688,0.110310173690423,0.41719884219588,0.0729156101988894,0.0529783114934892,0.0668638404636668,0.00605176973522259,0.00648540909424146,,"outcome_z ~ BRIEF_BRI_z + age_z",1.27694764572274,2.65082173767611,4.81141120064822,0.130602387384267,0.152426435413377,0.0416666666666667,5,0.616446795510475,0.73141272231575,"False","False"
"brief_indices","separate","PWM_EFF","Moles WM-planning tile difference (EFF)","PWM_EFF_PRE","Moles working-memory planning",96,"BRIEF_BRI","BRIEF Behavioral Regulation Index","BRIEF-2","ok",0.0800634475195842,0.10030360919018,-0.11652801401255,0.276654909051718,0.424748035844687,0.0198455108809111,-0.00123308028294011,0.0134546380961673,0.00639087278474375,0.00647803236580091,,"outcome_z ~ BRIEF_BRI_z + age_z",-2.78488781263973,18.3932775930378,8.38068043932723,0.130602387384267,0.328238807137641,0.0416666666666667,5,0.637708932856688,0.73141272231575,"False","False"
"brief_indices","separate","PLANNING_ACC","Moles planning accuracy","PLANNING_ACC_PRE","Moles planning",91,"BRIEF_ERI","BRIEF Emotional Regulation Index","BRIEF-2","ok",-0.0653707089169694,0.0834516726198114,-0.228932981701427,0.0981915638674881,0.433429761372296,0.0303382664702801,0.00830049979915004,0.0261038723435391,0.00423439412674099,0.00434789091618035,,"outcome_z ~ BRIEF_ERI_z + age_z",-3.88693192534357,17.0191494374079,7.80820819876949,0.22535663902313,0.88949881071912,0.043956043956044,5,0.280436817321416,0.73141272231575,"False","False"
"brief_indices","separate","PWM_ACC","Moles WM-planning accuracy","PWM_ACC_PRE","Moles working-memory planning",91,"BRIEF_CRI","BRIEF Cognitive Regulation Index","BRIEF-2","ok",0.0989033264641431,0.134118353867348,-0.163963816781656,0.361770469709943,0.460858953788702,0.0387854541909844,0.0169396690589614,0.0297726681178758,0.00901278607310858,0.00928935495521945,,"outcome_z ~ BRIEF_CRI_z + age_z",-0.103902535791276,-0.218660960133544,2.93270576300042,0.104206831200533,0.209095010356442,0.043956043956044,5,0.0144932165736785,0.73195245601735,"False","False"
"brief_indices","separate","PLANNING_EFF","Moles planning tile difference (EFF)","PLANNING_EFF_PRE","Moles planning",96,"BRIEF_CRI","BRIEF Cognitive Regulation Index","BRIEF-2","ok",-0.055487780006527,0.0890192610162416,-0.229962325528731,0.118986765515677,0.533072085937103,0.0697327128029366,0.0497269646911718,0.0668638404636668,0.00286887233926977,0.0030744412912852,,"outcome_z ~ BRIEF_CRI_z + age_z",1.27581160931099,2.75262874156282,4.84564779396953,0.102784428090971,0.114848133098305,0.0416666666666667,4,0.51849313434323,0.799608128905654,"False","False"
"brief_indices","separate","CBT_F_SPAN","Corsi forward span","CBT_F_SPAN_PRE","Corsi",96,"BRIEF_BRI","BRIEF Behavioral Regulation Index","BRIEF-2","ok",-0.0489484801788778,0.085987215617688,-0.217480325920426,0.119583365562671,0.569184459803741,0.071036340390275,0.0510586272803886,0.0686475941168177,0.00238874627345731,0.00256481462695308,,"outcome_z ~ BRIEF_BRI_z + age_z",-1.36043951881237,2.52681831194129,3.34502414916874,0.130602387384267,0.128399908737666,0.0416666666666667,8,0.521645987403416,0.808841074457947,"False","False"
"brief_indices","separate","PWM_EFF","Moles WM-planning tile difference (EFF)","PWM_EFF_PRE","Moles working-memory planning",96,"BRIEF_CRI","BRIEF Cognitive Regulation Index","BRIEF-2","ok",-0.0643836624109185,0.12964909620223,-0.318491221595457,0.18972389677362,0.619471581638527,0.0173171326407996,-0.00381583224864546,0.0134546380961673,0.00386249454463222,0.00391517176379838,,"outcome_z ~ BRIEF_CRI_z + age_z",-2.81962187086929,19.2326545868794,8.60433130626954,0.102784428090971,0.322664458180947,0.0416666666666667,5,0.768115591463496,0.827344026539145,"False","False"
"brief_indices","separate","CBT_F_SPAN","Corsi forward span","CBT_F_SPAN_PRE","Corsi",96,"BRIEF_ERI","BRIEF Emotional Regulation Index","BRIEF-2","ok",-0.0386230589483259,0.0910693143667687,-0.217115635203949,0.139869517307297,0.671488379338676,0.0701301277165615,0.050132926162079,0.0686475941168177,0.00148253359974375,0.00159180734422206,,"outcome_z ~ BRIEF_ERI_z + age_z",-1.3401027295758,2.49785411318531,3.33884258186959,0.221952801401949,0.141046873689943,0.0416666666666667,8,0.699938241140636,0.827344026539145,"False","False"
"brief_indices","separate","TOL_ACC","Tower of London accuracy","TOL_ACC_PRE","Tower of London",95,"BRIEF_ERI","BRIEF Emotional Regulation Index","BRIEF-2","ok",-0.0384480351830639,0.0967455744366456,-0.228065876742528,0.1511698063764,0.691062273563361,0.0973377364923789,0.0777146438074305,0.0958684098679692,0.00146932662440967,0.00162512475003229,,"outcome_z ~ BRIEF_ERI_z + age_z",-0.35407964895478,0.18768391685383,3.36260530080606,0.222408570296211,0.228929495688304,0.0421052631578947,5,0.232561032482441,0.827344026539145,"False","False"
"brief_indices","separate","WM_ACC","Moles working-memory accuracy","WM_ACC_PRE","Moles working memory",91,"BRIEF_BRI","BRIEF Behavioral Regulation Index","BRIEF-2","ok",-0.0396453351468903,0.1046373310314,-0.24473073540683,0.16544006511305,0.704774541125938,0.0962029513501473,0.0756621093353779,0.0946333567585447,0.00156959459160261,0.00173365630744148,,"outcome_z ~ BRIEF_BRI_z + age_z",1.15856738273784,2.40945400840663,4.51106031762014,0.133876197467483,0.201641427854586,0.043956043956044,5,0.486864851735344,0.827344026539145,"False","False"
"brief_indices","separate","PWM_ACC","Moles WM-planning accuracy","PWM_ACC_PRE","Moles working-memory planning",91,"BRIEF_BRI","BRIEF Behavioral Regulation Index","BRIEF-2","ok",0.0371946154025133,0.117748844418035,-0.193588878878045,0.267978109683072,0.752092881110549,0.0311542080784319,0.00913498553475989,0.0297726681178758,0.00138153996055606,0.00142393428339731,,"outcome_z ~ BRIEF_BRI_z + age_z",-0.0134688708322429,-0.274908125258055,3.00709232719198,0.133876197467483,0.169363359740929,0.043956043956044,4,0.272317217832136,0.846104491249367,"False","False"
"brief_indices","separate","PWM_ACC","Moles WM-planning accuracy","PWM_ACC_PRE","Moles working-memory planning",91,"BRIEF_ERI","BRIEF Emotional Regulation Index","BRIEF-2","ok",0.0204526401108059,0.107338904208474,-0.189927746277797,0.230833026499409,0.8488839192113,0.0301871672657856,0.0081459665218262,0.0297726681178758,0.000414499147909801,0.000427218585056443,,"outcome_z ~ BRIEF_ERI_z + age_z",-0.00578105812625318,-0.296350894581942,3.02846170319179,0.22535663902313,0.108246280110827,0.043956043956044,3,0.181135479130214,0.916794632748204,"False","False"
"brief_indices","separate","PWM_EFF","Moles WM-planning tile difference (EFF)","PWM_EFF_PRE","Moles working-memory planning",96,"BRIEF_ERI","BRIEF Emotional Regulation Index","BRIEF-2","ok",0.016961834368307,0.12125654899811,-0.220696634557605,0.254620303294219,0.888751752161314,0.0137405662018616,-0.0074693140948725,0.0134546380961673,0.000285928105694262,0.00028982763158749,,"outcome_z ~ BRIEF_ERI_z + age_z",-2.80888293854201,18.7581502154482,8.45273499479904,0.221952801401949,0.286994911261952,0.0416666666666667,5,0.725599538985297,0.922934511859826,"False","False"
"brief_indices","separate","WM_ACC","Moles working-memory accuracy","WM_ACC_PRE","Moles working memory",91,"BRIEF_ERI","BRIEF Emotional Regulation Index","BRIEF-2","ok",-0.00252975803254625,0.0996067273794006,-0.197755356314071,0.192695840248979,0.979737935815366,0.0946396981250778,0.0740633276279204,0.0946333567585447,6.34136653313022e-06,7.00419722830737e-06,,"outcome_z ~ BRIEF_ERI_z + age_z",1.18926112529178,2.58392539465035,4.5664977275944,0.22535663902313,0.167246974706121,0.043956043956044,4,0.89298948290614,0.979737935815366,"False","False"
"brief_subscales","separate","CBT_B_SPAN","Corsi backward span","CBT_B_SPAN_PRE","Corsi",96,"BRIEF_shift","BRIEF Shift","BRIEF-2","ok",-0.274740866712972,0.0838395119347926,-0.439063290586582,-0.110418442839363,0.00104921749608122,0.187921545208525,0.17045749241731,0.114737866022369,0.0731836791861551,0.0826689365525311,,"outcome_z ~ BRIEF_shift_z + age_z",-0.156908876741017,-1.01024563021452,2.03472866675819,0.163224131118164,0.0621086522757794,0.0416666666666667,2,0.803543474820261,0.0317594215247929,"True","True"
"brief_subscales","separate","CBT_B_SPAN","Corsi backward span","CBT_B_SPAN_PRE","Corsi",96,"BRIEF_TaskMonitor","BRIEF Task-Monitor","BRIEF-2","ok",-0.287585339720778,0.0892233749070255,-0.462459941117663,-0.112710738323893,0.00126764242370327,0.183122949791216,0.16555570139963,0.114737866022369,0.0683850837688469,0.0772484003823606,,"outcome_z ~ BRIEF_TaskMonitor_z + age_z",-0.142417662254676,-0.934527654223656,1.9234851146081,0.157857478844443,0.0734480452125396,0.0416666666666667,2,0.371921117914917,0.0317594215247929,"True","True"
"brief_subscales","separate","PLANNING_ACC","Moles planning accuracy","PLANNING_ACC_PRE","Moles planning",91,"BRIEF_Inhibit","BRIEF Inhibit","BRIEF-2","ok",-0.33919026561358,0.106585663181528,-0.548094326717691,-0.130286204509468,0.00146097562938416,0.140795794466347,0.121268426158764,0.0261038723435391,0.114691922122808,0.117766072649654,,"outcome_z ~ BRIEF_Inhibit_z + age_z",-3.65645205152597,16.1828817802592,7.70421948820601,0.16179260126339,1.01362265971479,0.043956043956044,5,0.0557718264898778,0.0317594215247929,"True","True"
"brief_subscales","separate","CBT_B_SPAN","Corsi backward span","CBT_B_SPAN_PRE","Corsi",96,"BRIEF_Initiate","BRIEF Initiate","BRIEF-2","ok",-0.267577500414193,0.08463017840792,-0.433449602098915,-0.10170539872947,0.0015683664950515,0.186294993123157,0.168795960717203,0.114737866022369,0.0715571271007875,0.0808315688137135,,"outcome_z ~ BRIEF_Initiate_z + age_z",-0.124552430765584,-1.04958853668894,2.00413489904611,0.226710054623464,0.092701602977569,0.0416666666666667,3,0.568367439096909,0.0317594215247929,"True","True"
"brief_subscales","separate","CBT_B_SPAN","Corsi backward span","CBT_B_SPAN_PRE","Corsi",96,"BRIEF_wm","BRIEF Working Memory","BRIEF-2","ok",-0.281133073452988,0.091012875052906,-0.459515030686127,-0.102751116219848,0.00200873761266772,0.19336532114858,0.17601833880769,0.114737866022369,0.078627455126211,0.0888182743939636,,"outcome_z ~ BRIEF_wm_z + age_z",-0.108036975724258,-0.876765585306751,2.41708433041762,0.123131662899875,0.187593436982238,0.0416666666666667,3,0.450699558426871,0.032541549325217,"True","True"
"brief_subscales","separate","TOL_VIO_REG","Tower of London rule violations","TOL_VIO_REG_PRE","Tower of London",96,"BRIEF_wm","BRIEF Working Memory","BRIEF-2","ok",0.317700404909049,0.106306985122677,0.109342542763566,0.526058267054532,0.00280333414667187,0.175989515006649,0.158268859415394,0.0755774554276971,0.100412059578952,0.108621387663591,,"outcome_z ~ BRIEF_wm_z + age_z",1.60566249328681,3.15884977869682,3.91402989845687,0.123131662899875,0.153671316589424,0.0416666666666667,6,0.361856745502878,0.0378450109800703,"True","True"
"brief_subscales","separate","WM_ACC","Moles working-memory accuracy","WM_ACC_PRE","Moles working memory",91,"BRIEF_Initiate","BRIEF Initiate","BRIEF-2","ok",-0.217729563633746,0.0768903198715918,-0.36843182134183,-0.0670273059256614,0.00463026893350534,0.14202065519003,0.122521124626167,0.0946333567585447,0.0473872984314853,0.0523404510042761,,"outcome_z ~ BRIEF_Initiate_z + age_z",1.07541531177404,2.27844309208859,4.44753975434381,0.23015337934409,0.127005967664394,0.043956043956044,3,0.27646833327139,0.0535788262305618,"True","False"
"brief_subscales","separate","WM_ACC","Moles working-memory accuracy","WM_ACC_PRE","Moles working memory",91,"BRIEF_TaskMonitor","BRIEF Task-Monitor","BRIEF-2","ok",-0.247916003563045,0.0905723738882455,-0.425434594378302,-0.0703974127477875,0.00619619010570256,0.144671625564297,0.125232344327122,0.0946333567585447,0.0500382688057526,0.0552685137886264,,"outcome_z ~ BRIEF_TaskMonitor_z + age_z",1.17930949245732,2.67027765951024,4.50945399293284,0.161283336898801,0.111435305403018,0.043956043956044,4,0.62018098393125,0.0574720965226721,"True","False"
"brief_subscales","separate","CBT_B_SPAN","Corsi backward span","CBT_B_SPAN_PRE","Corsi",96,"BRIEF_OrganizMaterial","BRIEF Organization of Materials","BRIEF-2","ok",-0.263278069870043,0.0983530668951829,-0.45604653875366,-0.0705096009864256,0.00743141489315212,0.173661422425644,0.15589070032727,0.114737866022369,0.0589235564032741,0.0665605747062972,,"outcome_z ~ BRIEF_OrganizMaterial_z + age_z",-0.115539120642456,-0.949195217681073,1.95085122476081,0.103950912287827,0.0589328392623869,0.0416666666666667,2,0.780674250797853,0.0574720965226721,"True","False"
"brief_subscales","separate","TOL_VIO_REG","Tower of London rule violations","TOL_VIO_REG_PRE","Tower of London",96,"BRIEF_TaskMonitor","BRIEF Task-Monitor","BRIEF-2","ok",0.315566122541882,0.11940486043623,0.0815368965078392,0.549595348575925,0.00822175739541065,0.157917034780008,0.139807723700008,0.0755774554276971,0.0823395793523106,0.0890713665907036,,"outcome_z ~ BRIEF_TaskMonitor_z + age_z",1.46528723674142,2.42406513798282,3.77874466481074,0.157857478844443,0.192468849011232,0.0416666666666667,6,0.110534135579105,0.0574720965226721,"True","False"
"brief_subscales","separate","TOL_VIO_REG","Tower of London rule violations","TOL_VIO_REG_PRE","Tower of London",96,"BRIEF_plann","BRIEF Plan/Organize","BRIEF-2","ok",0.324587568727122,0.123216191987506,0.0830882701194375,0.566086867334806,0.0084312662563264,0.171794471929329,0.153983600357917,0.0755774554276971,0.0962170165016323,0.104083372984103,,"outcome_z ~ BRIEF_plann_z + age_z",1.38328743179365,2.38050009385807,3.82632325613935,0.113751034686433,0.174480488453841,0.0416666666666667,8,0.0536942672270194,0.0574720965226721,"True","False"
"brief_subscales","separate","PLANNING_ACC","Moles planning accuracy","PLANNING_ACC_PRE","Moles planning",91,"BRIEF_SelfMonitor","BRIEF Self-Monitor","BRIEF-2","ok",-0.241804380339892,0.0919072518514286,-0.421939283886744,-0.0616694767930398,0.00851438467002549,0.0844693520504465,0.0636618373243203,0.0261038723435391,0.0583654797069074,0.0599298816880557,,"outcome_z ~ BRIEF_SelfMonitor_z + age_z",-3.83131113135529,16.8132229224729,7.67939387390232,0.126429036704892,0.918743967290465,0.043956043956044,5,0.2551503826889,0.0574720965226721,"True","False"
"brief_subscales","separate","TOL_VIO_REG","Tower of London rule violations","TOL_VIO_REG_PRE","Tower of London",96,"BRIEF_shift","BRIEF Shift","BRIEF-2","ok",0.292627456071474,0.11705826358296,0.0631974753560764,0.522057436786872,0.0124247831103678,0.158600346936598,0.140505730741686,0.0755774554276971,0.0830228915089005,0.0898105438864132,,"outcome_z ~ BRIEF_shift_z + age_z",1.54591807996156,2.7897862295035,3.84967200947636,0.163224131118164,0.20151644741448,0.0416666666666667,6,0.459739982472217,0.0774159563030606,"True","False"
"brief_subscales","separate","CBT_F_SPAN","Corsi forward span","CBT_F_SPAN_PRE","Corsi",96,"BRIEF_OrganizMaterial","BRIEF Organization of Materials","BRIEF-2","ok",-0.205329780306017,0.0864359754074435,-0.374741179073196,-0.035918381538838,0.0175245766906176,0.104487219824523,0.0852288804659108,0.0686475941168177,0.0358396257077055,0.0384812724821593,,"outcome_z ~ BRIEF_OrganizMaterial_z + age_z",-1.37437277341892,2.57703454857312,3.4546473313323,0.103950912287827,0.153543440565468,0.0416666666666667,6,0.689885448201216,0.101392193710002,"True","False"
"brief_subscales","separate","TOL_VIO_REG","Tower of London rule violations","TOL_VIO_REG_PRE","Tower of London",96,"BRIEF_OrganizMaterial","BRIEF Organization of Materials","BRIEF-2","ok",0.335289274517527,0.144063863035288,0.0529292914946517,0.617649257540403,0.0199458166906706,0.171142463918758,0.153317570669699,0.0755774554276971,0.0955650084910608,0.103378059148563,,"outcome_z ~ BRIEF_OrganizMaterial_z + age_z",1.14309912239856,1.68332112612024,3.68146874188867,0.103950912287827,0.261167562804159,0.0416666666666667,8,0.0026283285127413,0.107707410129621,"True","False"
"brief_subscales","separate","CBT_F_SPAN","Corsi forward span","CBT_F_SPAN_PRE","Corsi",96,"BRIEF_TaskMonitor","BRIEF Task-Monitor","BRIEF-2","ok",-0.30028269105582,0.131671456703664,-0.558354003986927,-0.0422113781247135,0.0225753810842072,0.143204606250505,0.124778898858043,0.0686475941168177,0.0745570121336873,0.0800524180350254,,"outcome_z ~ BRIEF_TaskMonitor_z + age_z",-1.3367557904857,2.54605053797308,3.78398322258557,0.157857478844443,0.245975992984629,0.0416666666666667,9,0.602986062621656,0.108807768252585,"True","False"
"brief_subscales","separate","TOL_VIO_REG","Tower of London rule violations","TOL_VIO_REG_PRE","Tower of London",96,"BRIEF_SelfMonitor","BRIEF Self-Monitor","BRIEF-2","ok",0.279965026367343,0.122998620330561,0.0388921603713282,0.521037892363357,0.022836198275234,0.153613756265023,0.135411901561046,0.0755774554276971,0.0780363008373264,0.0844162675342703,,"outcome_z ~ BRIEF_SelfMonitor_z + age_z",1.38160158145085,2.38332524276632,3.58480021051897,0.123474811029033,0.175810675867611,0.0416666666666667,6,0.0828500074233027,0.108807768252585,"True","False"
"brief_subscales","separate","CBT_B_SPAN","Corsi backward span","CBT_B_SPAN_PRE","Corsi",96,"BRIEF_plann","BRIEF Plan/Organize","BRIEF-2","ok",-0.209170720291071,0.093450845073104,-0.392331010959187,-0.0260104296229546,0.0252017116786162,0.154694592822323,0.136515981915276,0.114737866022369,0.0399567267999535,0.045135474868242,,"outcome_z ~ BRIEF_plann_z + age_z",-0.100793396424394,-1.0272445520474,2.04852965278387,0.113751034686433,0.0916632522825847,0.0416666666666667,4,0.893638902300738,0.113407702553773,"True","False"
"brief_subscales","separate","TOL_VIO_REG","Tower of London rule violations","TOL_VIO_REG_PRE","Tower of London",96,"BRIEF_Inhibit","BRIEF Inhibit","BRIEF-2","ok",0.2918711017766,0.132757011422176,0.0316721406939623,0.552070062859238,0.0279109144028716,0.160396067225985,0.142340068671705,0.0755774554276971,0.0848186117982875,0.0917530757945006,,"outcome_z ~ BRIEF_Inhibit_z + age_z",1.4507692110953,3.17126983927498,3.92006507604301,0.155664229628713,0.345933891113109,0.0416666666666667,6,0.328030004918417,0.118988635085926,"True","False"
"brief_subscales","separate","TOL_VIO_REG","Tower of London rule violations","TOL_VIO_REG_PRE","Tower of London",96,"BRIEF_Initiate","BRIEF Initiate","BRIEF-2","ok",0.287789882682157,0.13237574041844,0.0283381990351909,0.547241566329122,0.0297022856250486,0.158353516301844,0.140253591921239,0.0755774554276971,0.0827760608741474,0.089543533268593,,"outcome_z ~ BRIEF_Initiate_z + age_z",1.5161780687018,2.77130676986277,3.86126856427103,0.226710054623464,0.331818690664379,0.0416666666666667,7,0.136247234541804,0.120294256781447,"True","False"
"brief_subscales","separate","PLANNING_ACC","Moles planning accuracy","PLANNING_ACC_PRE","Moles planning",91,"BRIEF_plann","BRIEF Plan/Organize","BRIEF-2","ok",-0.20885588490034,0.0979491198950724,-0.400832632212078,-0.0168791375886027,0.032983050496421,0.0651512696735293,0.0439047076206549,0.0261038723435391,0.0390473973299902,0.0400940061482243,,"outcome_z ~ BRIEF_plann_z + age_z",-3.69194565213252,15.8435221099933,7.60935485612422,0.117316292543437,0.921467209738903,0.043956043956044,4,0.120230536463529,0.127220337629053,"True","False"
"brief_subscales","separate","WM_ACC","Moles working-memory accuracy","WM_ACC_PRE","Moles working memory",91,"BRIEF_OrganizMaterial","BRIEF Organization of Materials","BRIEF-2","ok",-0.204837267483384,0.0986216510632176,-0.398132151663167,-0.0115423833036012,0.0378014672960289,0.12986785234926,0.110092121720834,0.0946333567585447,0.0352344955907149,0.0389173776764802,,"outcome_z ~ BRIEF_OrganizMaterial_z + age_z",1.20572670656112,2.60324030964052,4.57715107250816,0.10445618101767,0.104253806709661,0.043956043956044,5,0.895745170311641,0.139178129589925,"True","False"
"brief_subscales","separate","WM_ACC","Moles working-memory accuracy","WM_ACC_PRE","Moles working memory",91,"BRIEF_wm","BRIEF Working Memory","BRIEF-2","ok",-0.162548997177592,0.0802304490749352,-0.31979778782794,-0.00530020652724414,0.0427620930641474,0.120856830962202,0.100876304393161,0.0946333567585447,0.0262234742036571,0.0289644801908872,,"outcome_z ~ BRIEF_wm_z + age_z",1.16240789563997,2.64699181382904,4.57407778246213,0.126339505144756,0.0999065794050208,0.043956043956044,5,0.667872970531965,0.150596936443302,"True","False"
"brief_subscales","separate","CBT_B_SPAN","Corsi backward span","CBT_B_SPAN_PRE","Corsi",96,"BRIEF_SelfMonitor","BRIEF Self-Monitor","BRIEF-2","ok",-0.187197593413688,0.0956076085354237,-0.374585062791123,0.000189875963746422,0.0502325951429683,0.149626955266884,0.131339362907032,0.114737866022369,0.0348890892445143,0.0394110262999184,,"outcome_z ~ BRIEF_SelfMonitor_z + age_z",-0.0809207569597769,-1.01087069629527,1.97791043503293,0.123474811029033,0.0885571912859794,0.0416666666666667,5,0.93572879154575,0.169535008607518,"False","False"
"brief_subscales","separate","PLANNING_EFF","Moles planning tile difference (EFF)","PLANNING_EFF_PRE","Moles planning",96,"BRIEF_Em_Con","BRIEF Emotional Control","BRIEF-2","ok",-0.140456825747146,0.0743103053826001,-0.286102347977215,0.005188696482923,0.05873933737801,0.0865763048702761,0.0669327845449056,0.0668638404636668,0.0197124644066092,0.0211249603877791,,"outcome_z ~ BRIEF_Em_Con_z + age_z",1.27714886941321,2.67553963206884,4.82632189170685,0.203202805709435,0.119079195467167,0.0416666666666667,3,0.574758872275573,0.188084130334289,"False","False"
"brief_subscales","separate","PLANNING_ACC","Moles planning accuracy","PLANNING_ACC_PRE","Moles planning",91,"BRIEF_wm","BRIEF Working Memory","BRIEF-2","ok",-0.261713909487885,0.13935317861257,-0.5348411206997,0.0114133017239291,0.0603726838110062,0.0940829471264428,0.0734939231974983,0.0261038723435391,0.0679790747829037,0.0698011552284178,,"outcome_z ~ BRIEF_wm_z + age_z",-3.57552904581505,14.9380026724879,7.34982729361313,0.126339505144756,1.19543342048489,0.043956043956044,6,0.0586923489834778,0.188084130334289,"False","False"
"brief_subscales","separate","TOL_ACC","Tower of London accuracy","TOL_ACC_PRE","Tower of London",95,"BRIEF_OrganizMaterial","BRIEF Organization of Materials","BRIEF-2","ok",-0.189663925809151,0.10205216491514,-0.389682493587167,0.010354641968866,0.0630980749244348,0.126265846243325,0.107271625509484,0.0958684098679692,0.0303974363753556,0.0336205887584534,,"outcome_z ~ BRIEF_OrganizMaterial_z + age_z",-0.328134218384105,0.228548757598412,3.4361080957485,0.104017956770498,0.235945360172858,0.0421052631578947,3,0.17968603139382,0.189294224773304,"False","False"
"brief_subscales","separate","CBT_F_SPAN","Corsi forward span","CBT_F_SPAN_PRE","Corsi",96,"BRIEF_plann","BRIEF Plan/Organize","BRIEF-2","ok",-0.176578056052031,0.0971025074534832,-0.36689547346939,0.013739361365328,0.0689922346271143,0.0971224531713297,0.0777057317341541,0.0686475941168177,0.028474859054512,0.0305736677917419,,"outcome_z ~ BRIEF_plann_z + age_z",-1.3929171878012,2.71351257572969,3.52357592745345,0.113751034686433,0.197178607959244,0.0416666666666667,8,0.741640714058376,0.199584678742724,"False","False"
"brief_subscales","separate","CBT_F_SPAN","Corsi forward span","CBT_F_SPAN_PRE","Corsi",96,"BRIEF_wm","BRIEF Working Memory","BRIEF-2","ok",-0.224851754846003,0.126315015833648,-0.472424636586559,0.0227211268945535,0.0750616755048474,0.11894468897959,0.09999726293614,0.0686475941168177,0.050297094862772,0.0540043645617429,,"outcome_z ~ BRIEF_wm_z + age_z",-1.31509807483056,2.50057030283341,3.65149280374455,0.123131662899875,0.319539761395786,0.0416666666666667,10,0.509650520542411,0.209655024685953,"False","False"
"brief_subscales","separate","TOL_ACC","Tower of London accuracy","TOL_ACC_PRE","Tower of London",95,"BRIEF_wm","BRIEF Working Memory","BRIEF-2","ok",-0.196881795034574,0.1186983616162,-0.429526308826237,0.0357627187570891,0.0971816562488115,0.13443366720816,0.115617007799642,0.0958684098679692,0.038565257340191,0.0426544739295739,,"outcome_z ~ BRIEF_wm_z + age_z",-0.188729817130052,0.00990849079853066,3.17515214635701,0.123513655155025,0.24979011671538,0.0421052631578947,5,0.0376514840570889,0.256513778492676,"False","False"
"brief_subscales","separate","PLANNING_ACC","Moles planning accuracy","PLANNING_ACC_PRE","Moles planning",91,"BRIEF_Initiate","BRIEF Initiate","BRIEF-2","ok",-0.127091798069293,0.0768492131819877,-0.27771348814623,0.0235298920076432,0.0981719399169502,0.0422497699463523,0.0204827192633149,0.0261038723435391,0.0161458976028132,0.0165786649564629,,"outcome_z ~ BRIEF_Initiate_z + age_z",-3.84949033083234,16.5382683144274,7.63446563004293,0.23015337934409,0.870672670727722,0.043956043956044,4,0.341449939792718,0.256513778492676,"False","False"
"brief_subscales","separate","PLANNING_ACC","Moles planning accuracy","PLANNING_ACC_PRE","Moles planning",91,"BRIEF_TaskMonitor","BRIEF Task-Monitor","BRIEF-2","ok",-0.128681178149937,0.0786771813316468,-0.282885619965091,0.0255232636652182,0.101931900817788,0.0395849064651545,0.0177572907029989,0.0261038723435391,0.0134810341216154,0.0138423736770113,,"outcome_z ~ BRIEF_TaskMonitor_z + age_z",-3.8040614456785,16.5147562105773,7.72077905109846,0.161283336898801,0.832023083819175,0.043956043956044,4,0.268711646421125,0.258015123945026,"False","False"
"brief_subscales","separate","WM_ACC","Moles working-memory accuracy","WM_ACC_PRE","Moles working memory",91,"BRIEF_shift","BRIEF Shift","BRIEF-2","ok",-0.134389587376293,0.0917529889637727,-0.314222141219188,0.0454429664666028,0.143005806101299,0.112050037777512,0.09186935681791,0.0946333567585447,0.0174166810189674,0.0192371578398459,,"outcome_z ~ BRIEF_shift_z + age_z",1.11647657018093,2.31577032127351,4.45642438595162,0.16502915576785,0.123725573413667,0.043956043956044,4,0.501202162268782,0.342613365724315,"False","False"
"brief_subscales","separate","TOL_ACC","Tower of London accuracy","TOL_ACC_PRE","Tower of London",95,"BRIEF_TaskMonitor","BRIEF Task-Monitor","BRIEF-2","ok",-0.165264419305105,0.113060219030848,-0.386858376689778,0.0563295380795671,0.143813017711441,0.118400644486603,0.0992354411058769,0.0958684098679692,0.0225322346186339,0.0249214106271227,,"outcome_z ~ BRIEF_TaskMonitor_z + age_z",-0.321378442109204,0.422331464760168,3.63613392277592,0.157857944494113,0.316573904161721,0.0421052631578947,4,0.175641149093216,0.342613365724315,"False","False"
"brief_subscales","separate","CBT_F_SPAN","Corsi forward span","CBT_F_SPAN_PRE","Corsi",96,"BRIEF_Initiate","BRIEF Initiate","BRIEF-2","ok",-0.132396146919635,0.108388777933115,-0.34483424799685,0.0800419541575811,0.221899367607974,0.0861663960882561,0.0665140605202617,0.0686475941168177,0.0175188019714384,0.0188100678763216,,"outcome_z ~ BRIEF_Initiate_z + age_z",-1.4046215001654,2.57010485577333,3.37369793012271,0.226710054623464,0.204798517070857,0.0416666666666667,8,0.580124933672841,0.49480280276747,"False","False"
"brief_subscales","separate","TOL_VIO_REG","Tower of London rule violations","TOL_VIO_REG_PRE","Tower of London",96,"BRIEF_Em_Con","BRIEF Emotional Control","BRIEF-2","ok",0.191966881311498,0.15830923645556,-0.118313520561434,0.502247283184431,0.22528012817823,0.112399495158566,0.09331131225875,0.0755774554276971,0.0368220397308687,0.0398324769847592,,"outcome_z ~ BRIEF_Em_Con_z + age_z",1.40325776457941,2.52158256356829,3.75934696425542,0.203202805709435,0.424663956652084,0.0416666666666667,7,0.0837381157257221,0.49480280276747,"False","False"
"brief_subscales","separate","TOL_ACC","Tower of London accuracy","TOL_ACC_PRE","Tower of London",95,"BRIEF_Initiate","BRIEF Initiate","BRIEF-2","ok",-0.134137330033194,0.111258758050647,-0.352200488777117,0.0839258287107289,0.22795868323592,0.113844698430422,0.0945804527441272,0.0958684098679692,0.0179762885624532,0.019882380793517,,"outcome_z ~ BRIEF_Initiate_z + age_z",-0.292633367844506,-0.0840406049826613,3.16602562026813,0.228135832070802,0.296976726425071,0.0421052631578947,5,0.14361755773377,0.49480280276747,"False","False"
"brief_subscales","separate","WM_ACC","Moles working-memory accuracy","WM_ACC_PRE","Moles working memory",91,"BRIEF_Inhibit","BRIEF Inhibit","BRIEF-2","ok",0.111020004641172,0.0929122623769227,-0.0710846833397327,0.293124692622076,0.232129709940294,0.106920433010764,0.0866231701246449,0.0946333567585447,0.0122870762522193,0.0135713816539876,,"outcome_z ~ BRIEF_Inhibit_z + age_z",1.17269667095225,2.45546413066722,4.45246039431989,0.16179260126339,0.13521876197118,0.043956043956044,5,0.834642633808955,0.49480280276747,"False","False"
"brief_subscales","separate","PLANNING_ACC","Moles planning accuracy","PLANNING_ACC_PRE","Moles planning",91,"BRIEF_shift","BRIEF Shift","BRIEF-2","ok",-0.0801242570324286,0.0725800398686983,-0.222378521171559,0.0621300071067013,0.269617684595558,0.0322948920709464,0.0103015941634679,0.0261038723435391,0.0061910197274073,0.00635696102653661,,"outcome_z ~ BRIEF_shift_z + age_z",-3.87388416615224,16.9724597301408,7.80817897940138,0.16502915576785,0.87060737700856,0.043956043956044,5,0.309770158981529,0.530204596031122,"False","False"
"brief_subscales","separate","WM_ACC","Moles working-memory accuracy","WM_ACC_PRE","Moles working memory",91,"BRIEF_plann","BRIEF Plan/Organize","BRIEF-2","ok",-0.0986844286385986,0.0896516657983132,-0.274398464757314,0.0770296074801166,0.271003742360907,0.10335093632634,0.082972548515575,0.0946333567585447,0.00871757956779531,0.00962878368986965,,"outcome_z ~ BRIEF_plann_z + age_z",1.16766763125374,2.55460742550023,4.52124921819229,0.117316292543437,0.107453385486589,0.043956043956044,5,0.827688712235794,0.530204596031122,"False","False"
"brief_subscales","separate","PLANNING_EFF","Moles planning tile difference (EFF)","PLANNING_EFF_PRE","Moles planning",96,"BRIEF_wm","BRIEF Working Memory","BRIEF-2","ok",-0.0924542563575642,0.0849508839513193,-0.258954929356992,0.0740464166418633,0.276451213172553,0.0753674665973776,0.0554828959865685,0.0668638404636668,0.00850362613371082,0.00911295318138397,,"outcome_z ~ BRIEF_wm_z + age_z",1.25718017295652,2.68640631672508,4.81617645588284,0.123131662899875,0.131162594922097,0.0416666666666667,5,0.464581313211974,0.530204596031122,"False","False"
"brief_subscales","separate","CBT_F_SPAN","Corsi forward span","CBT_F_SPAN_PRE","Corsi",96,"BRIEF_shift","BRIEF Shift","BRIEF-2","ok",-0.0980126507882296,0.0909997598037549,-0.276368902605385,0.0803436010289257,0.281451254974177,0.0779615029194497,0.0581327180359971,0.0686475941168177,0.009313908802632,0.0100004131022775,,"outcome_z ~ BRIEF_shift_z + age_z",-1.37569277928662,2.55138954754201,3.40384040527606,0.163224131118164,0.149036201590624,0.0416666666666667,8,0.723049351395096,0.530204596031122,"False","False"
"brief_subscales","separate","PWM_ACC","Moles WM-planning accuracy","PWM_ACC_PRE","Moles working-memory planning",91,"BRIEF_OrganizMaterial","BRIEF Organization of Materials","BRIEF-2","ok",0.140633307082296,0.131751607207437,-0.117595097949548,0.398861712114141,0.285785624666699,0.0463810181887658,0.0247078595112377,0.0297726681178758,0.01660835007089,0.0171179985608853,,"outcome_z ~ BRIEF_OrganizMaterial_z + age_z",-0.11782366603443,-0.336481080369522,2.84911191968225,0.10445618101767,0.137644214742634,0.043956043956044,6,0.0533307443967674,0.530204596031122,"False","False"
"brief_subscales","separate","PWM_ACC","Moles WM-planning accuracy","PWM_ACC_PRE","Moles working-memory planning",91,"BRIEF_shift","BRIEF Shift","BRIEF-2","ok",0.118230464624599,0.111276565856791,-0.0998675967780107,0.336328526027208,0.288012373152708,0.0432527630138789,0.0215085076278306,0.0297726681178758,0.0134800948960031,0.0138937488700234,,"outcome_z ~ BRIEF_shift_z + age_z",-0.0859156031269962,-0.346191314174319,2.87734759941738,0.16502915576785,0.129919208429412,0.043956043956044,4,0.139166560263719,0.530204596031122,"False","False"
"brief_subscales","separate","PLANNING_EFF","Moles planning tile difference (EFF)","PLANNING_EFF_PRE","Moles planning",96,"BRIEF_SelfMonitor","BRIEF Self-Monitor","BRIEF-2","ok",-0.088697916573771,0.0957244601160656,-0.2763144108408,0.0989185776932584,0.35413625259825,0.0746966208096979,0.054797623407756,0.0668638404636668,0.0078327803460311,0.0083940379611086,,"outcome_z ~ BRIEF_SelfMonitor_z + age_z",1.27481787205398,2.64335354697093,4.8029927125428,0.123474811029033,0.152282992820721,0.0416666666666667,6,0.616075106840759,0.630631663406244,"False","False"
"brief_subscales","separate","TOL_ACC","Tower of London accuracy","TOL_ACC_PRE","Tower of London",95,"BRIEF_shift","BRIEF Shift","BRIEF-2","ok",-0.0834470363951862,0.090809729969181,-0.261430836580589,0.0945367637902162,0.358136500206015,0.102628360282601,0.0831202811583096,0.0958684098679692,0.00675995041463184,0.00747673290969137,,"outcome_z ~ BRIEF_shift_z + age_z",-0.353984471017318,0.193312492374266,3.37467460653272,0.164240956092045,0.228727132455467,0.0421052631578947,5,0.267209134584504,0.630631663406244,"False","False"
"brief_subscales","separate","CBT_F_SPAN","Corsi forward span","CBT_F_SPAN_PRE","Corsi",96,"BRIEF_SelfMonitor","BRIEF Self-Monitor","BRIEF-2","ok",-0.0689350204663966,0.0779326751688292,-0.221680257016161,0.0838102160833676,0.376401650365873,0.0733787681975892,0.0534514298792578,0.0686475941168177,0.00473117408077142,0.00507989677257001,,"outcome_z ~ BRIEF_SelfMonitor_z + age_z",-1.35270628951977,2.54989694100503,3.33859104691475,0.123474811029033,0.12463602106608,0.0416666666666667,8,0.746022557808015,0.635515908048291,"False","False"
"brief_subscales","separate","PWM_EFF","Moles WM-planning tile difference (EFF)","PWM_EFF_PRE","Moles working-memory planning",96,"BRIEF_Inhibit","BRIEF Inhibit","BRIEF-2","ok",0.0872775006398201,0.0987107186311567,-0.106191952765314,0.280746954044954,0.376602019584173,0.0210389042798373,-1.40225098435032e-05,0.0134546380961673,0.00758426618366996,0.00768770142412292,,"outcome_z ~ BRIEF_Inhibit_z + age_z",-2.78179059511424,18.3520937615038,8.37603205023462,0.155664229628713,0.321359008477315,0.0416666666666667,5,0.625554039094264,0.635515908048291,"False","False"
"brief_subscales","separate","PWM_ACC","Moles WM-planning accuracy","PWM_ACC_PRE","Moles working-memory planning",91,"BRIEF_plann","BRIEF Plan/Organize","BRIEF-2","ok",0.107477592726151,0.12978458446274,-0.146895518569316,0.361850704021619,0.40760087449105,0.0401130009791898,0.0182973873650805,0.0297726681178758,0.010340332861314,0.0106576392166307,,"outcome_z ~ BRIEF_plann_z + age_z",-0.104573143493322,-0.188045955442836,2.92545317406286,0.117316292543437,0.213035057619574,0.043956043956044,3,0.037308978174931,0.650190710895845,"False","False"
"brief_subscales","separate","WM_ACC","Moles working-memory accuracy","WM_ACC_PRE","Moles working memory",91,"BRIEF_Em_Con","BRIEF Emotional Control","BRIEF-2","ok",0.118590471724219,0.143609865470732,-0.162879692423057,0.400060635871495,0.408927648915151,0.108694931076758,0.0884379976921386,0.0946333567585447,0.014061574318213,0.0155313589507438,,"outcome_z ~ BRIEF_Em_Con_z + age_z",1.08744766573847,2.02738970483095,4.3386072718963,0.207755255953809,0.504927907369903,0.043956043956044,5,0.342634370976459,0.650190710895845,"False","False"
"brief_subscales","separate","PWM_EFF","Moles WM-planning tile difference (EFF)","PWM_EFF_PRE","Moles working-memory planning",96,"BRIEF_Initiate","BRIEF Initiate","BRIEF-2","ok",-0.162429537280681,0.196887543607372,-0.548322031755688,0.223462957194327,0.409379336489977,0.0398230348922702,0.0191740679007062,0.0134546380961673,0.0263683967961028,0.0267280125317475,,"outcome_z ~ BRIEF_Initiate_z + age_z",-2.84456602979495,20.3522708239476,9.01311907738273,0.226710054623464,1.12126251830812,0.0416666666666667,5,0.809512265202633,0.650190710895845,"False","False"
"brief_subscales","separate","PLANNING_EFF","Moles planning tile difference (EFF)","PLANNING_EFF_PRE","Moles planning",96,"BRIEF_Inhibit","BRIEF Inhibit","BRIEF-2","ok",-0.0711671880803737,0.0939892184172018,-0.255382671113158,0.11304829495241,0.448939279397258,0.0719066037032081,0.0519476059333847,0.0668638404636668,0.0050427632395413,0.00540410227168457,,"outcome_z ~ BRIEF_Inhibit_z + age_z",1.27165085689825,2.65637278643568,4.81815681405057,0.155664229628713,0.149660150113668,0.0416666666666667,4,0.555743073023938,0.699309262138036,"False","False"
"brief_subscales","separate","PWM_ACC","Moles WM-planning accuracy","PWM_ACC_PRE","Moles working-memory planning",91,"BRIEF_TaskMonitor","BRIEF Task-Monitor","BRIEF-2","ok",0.104763275132416,0.141463857795245,-0.17250079126036,0.382027341525193,0.45895683616048,0.038708012281991,0.0168604671065816,0.0297726681178758,0.00893534416411518,0.00920953664207916,,"outcome_z ~ BRIEF_TaskMonitor_z + age_z",-0.0764743106553469,-0.242217101531028,2.94056694538393,0.161283336898801,0.195220484751959,0.043956043956044,4,0.0833813623773429,0.701424598660356,"False","False"
"brief_subscales","separate","TOL_ACC","Tower of London accuracy","TOL_ACC_PRE","Tower of London",95,"BRIEF_SelfMonitor","BRIEF Self-Monitor","BRIEF-2","ok",-0.0712785402750958,0.101409879730189,-0.270038252222805,0.127481171672613,0.48213321554709,0.100926437744355,0.0813813603040152,0.0958684098679692,0.00505802787638625,0.00559434924251191,,"outcome_z ~ BRIEF_SelfMonitor_z + age_z",-0.330170891203505,0.161882453472264,3.30137669967372,0.123921351135381,0.241586658824209,0.0421052631578947,4,0.265846220013339,0.723199823320635,"False","False"
"brief_subscales","separate","PWM_ACC","Moles WM-planning accuracy","PWM_ACC_PRE","Moles working-memory planning",91,"BRIEF_Em_Con","BRIEF Emotional Control","BRIEF-2","ok",-0.0727577874064713,0.108941869527165,-0.286279928088176,0.140764353275233,0.504223721861067,0.0350655636276649,0.0131352355282937,0.0297726681178758,0.0052928955097891,0.00545531478640322,,"outcome_z ~ BRIEF_Em_Con_z + age_z",0.0423807651013987,-0.206685609739798,3.10666501868229,0.207755255953809,0.0942818004492561,0.043956043956044,4,0.518325619222536,0.742584026740844,"False","False"
"brief_subscales","separate","CBT_B_SPAN","Corsi backward span","CBT_B_SPAN_PRE","Corsi",96,"BRIEF_Em_Con","BRIEF Emotional Control","BRIEF-2","ok",-0.071732559829436,0.124614842420752,-0.315973162913243,0.172508043254371,0.564862488199896,0.119879342839474,0.100952016879033,0.114737866022369,0.00514147681710447,0.00580785805669017,,"outcome_z ~ BRIEF_Em_Con_z + age_z",-0.0909133448760909,-1.11572225016167,1.93294007514786,0.203202805709435,0.163389832051948,0.0416666666666667,6,0.97016707258756,0.803129097313537,"False","False"
"brief_subscales","separate","PLANNING_EFF","Moles planning tile difference (EFF)","PLANNING_EFF_PRE","Moles planning",96,"BRIEF_Initiate","BRIEF Initiate","BRIEF-2","ok",-0.0473319193325636,0.0907055119321579,-0.225111455918861,0.130447617253734,0.601795900359902,0.0691028809291712,0.0490835880459275,0.0668638404636668,0.00223904046550437,0.0023994788355613,,"outcome_z ~ BRIEF_Initiate_z + age_z",1.29322940304336,2.76191958698352,4.85717605626491,0.226710054623464,0.121109979374002,0.0416666666666667,5,0.678690181796982,0.803129097313537,"False","False"
"brief_subscales","separate","PWM_ACC","Moles WM-planning accuracy","PWM_ACC_PRE","Moles working-memory planning",91,"BRIEF_Initiate","BRIEF Initiate","BRIEF-2","ok",0.0740017521879369,0.148813995757228,-0.217668319891725,0.365671824267599,0.618993847981793,0.0352467482636875,0.0133205379969531,0.0297726681178758,0.00547408014581165,0.00564205930500074,,"outcome_z ~ BRIEF_Initiate_z + age_z",-0.0697912210826064,-0.258196242602362,2.96253917005497,0.23015337934409,0.256405591183418,0.043956043956044,5,0.019625192184741,0.803129097313537,"False","False"
"brief_subscales","separate","PLANNING_EFF","Moles planning tile difference (EFF)","PLANNING_EFF_PRE","Moles planning",96,"BRIEF_shift","BRIEF Shift","BRIEF-2","ok",-0.0466603500926738,0.0962713126451308,-0.235348655621526,0.142027955436178,0.62790652244606,0.0689747212027825,0.0489526721963908,0.0668638404636668,0.00211088073911568,0.00226213582824243,,"outcome_z ~ BRIEF_shift_z + age_z",1.29061364230476,2.76937154143186,4.85247757209562,0.163224131118164,0.108789414827293,0.0416666666666667,5,0.644413643384519,0.803129097313537,"False","False"
"brief_subscales","separate","TOL_ACC","Tower of London accuracy","TOL_ACC_PRE","Tower of London",95,"BRIEF_Inhibit","BRIEF Inhibit","BRIEF-2","ok",-0.0439358248912373,0.093717304756599,-0.227618366942336,0.139746717159861,0.639203809586153,0.0977921272598207,0.0781789126350342,0.0958684098679692,0.00192371739185156,0.00212769624781117,,"outcome_z ~ BRIEF_Inhibit_z + age_z",-0.354196571928548,0.178129078753413,3.3310312474069,0.156341259080855,0.229934643867802,0.0421052631578947,4,0.233948671831969,0.803129097313537,"False","False"
"brief_subscales","separate","PLANNING_ACC","Moles planning accuracy","PLANNING_ACC_PRE","Moles planning",91,"BRIEF_OrganizMaterial","BRIEF Organization of Materials","BRIEF-2","ok",0.0555448465577922,0.120520455736168,-0.18067090608545,0.291760599201035,0.644888398965458,0.0286946948068476,0.00661957423427595,0.0261038723435391,0.00259082246330853,0.00266026569952872,,"outcome_z ~ BRIEF_OrganizMaterial_z + age_z",-3.75214886835022,15.9015748259595,7.65673422379794,0.10445618101767,1.01611434983083,0.043956043956044,5,0.161530809808309,0.803129097313537,"False","False"
"brief_subscales","separate","PLANNING_ACC","Moles planning accuracy","PLANNING_ACC_PRE","Moles planning",91,"BRIEF_Em_Con","BRIEF Emotional Control","BRIEF-2","ok",-0.0399190461651238,0.0876459693437363,-0.211701989468949,0.131863897138701,0.648779873156066,0.0276971617352791,0.00559936995653554,0.0261038723435391,0.00159328939174006,0.00163599520163814,,"outcome_z ~ BRIEF_Em_Con_z + age_z",-3.86323804029291,16.7921637774629,7.7578295815704,0.207755255953809,0.883091692559399,0.043956043956044,5,0.247027217628874,0.803129097313537,"False","False"
"brief_subscales","separate","PWM_EFF","Moles WM-planning tile difference (EFF)","PWM_EFF_PRE","Moles working-memory planning",96,"BRIEF_SelfMonitor","BRIEF Self-Monitor","BRIEF-2","ok",0.0465503935654739,0.102752913890714,-0.154841616966872,0.24794240409782,0.650525450560149,0.0156120636798121,-0.00555756935933172,0.0134546380961673,0.00215742558364473,0.00218684884340373,,"outcome_z ~ BRIEF_SelfMonitor_z + age_z",-2.78860285891713,18.5320392554996,8.42035505169361,0.123474811029033,0.330611749075319,0.0416666666666667,5,0.640648851358462,0.803129097313537,"False","False"
"brief_subscales","separate","PWM_EFF","Moles WM-planning tile difference (EFF)","PWM_EFF_PRE","Moles working-memory planning",96,"BRIEF_TaskMonitor","BRIEF Task-Monitor","BRIEF-2","ok",-0.0504313176883963,0.111469253586089,-0.268907040100694,0.168044404723901,0.650963869977945,0.0155575860689641,-0.00561321853170327,0.0134546380961673,0.00210294797279677,0.00213162825958506,,"outcome_z ~ BRIEF_TaskMonitor_z + age_z",-2.81724755292053,19.067095920139,8.54320136468407,0.157857478844443,0.261655405969933,0.0416666666666667,4,0.761185113436004,0.803129097313537,"False","False"
"brief_subscales","separate","PLANNING_EFF","Moles planning tile difference (EFF)","PLANNING_EFF_PRE","Moles planning",96,"BRIEF_OrganizMaterial","BRIEF Organization of Materials","BRIEF-2","ok",-0.0404578958548203,0.0974126412104301,-0.231383164266186,0.150467372556545,0.677904072600718,0.0682552858487336,0.0482177651142979,0.0668638404636668,0.00139144538506679,0.00149114935783655,,"outcome_z ~ BRIEF_OrganizMaterial_z + age_z",1.28393210087803,2.7866182332531,4.86071687408927,0.103950912287827,0.127200076749262,0.0416666666666667,5,0.557854757659071,0.803129097313537,"False","False"
"brief_subscales","separate","CBT_F_SPAN","Corsi forward span","CBT_F_SPAN_PRE","Corsi",96,"BRIEF_Inhibit","BRIEF Inhibit","BRIEF-2","ok",0.0348267321932815,0.0840366165239603,-0.129882009576284,0.199535473962847,0.678564125759367,0.0698552255755411,0.0498521121470582,0.0686475941168177,0.00120763145872342,0.00129664287233804,,"outcome_z ~ BRIEF_Inhibit_z + age_z",-1.30460801068004,2.41628611007811,3.28375887197539,0.155664229628713,0.12965072902465,0.0416666666666667,8,0.462821377996719,0.803129097313537,"False","False"
"brief_subscales","separate","PWM_EFF","Moles WM-planning tile difference (EFF)","PWM_EFF_PRE","Moles working-memory planning",96,"BRIEF_wm","BRIEF Working Memory","BRIEF-2","ok",-0.0411396556076321,0.101403111312595,-0.239886101700624,0.15760679048536,0.684960046817703,0.0151383649632842,-0.00604145514503229,0.0134546380961673,0.00168372686711686,0.00170668976018246,,"outcome_z ~ BRIEF_wm_z + age_z",-2.83480131036859,19.15105663054,8.56135798621465,0.123131662899875,0.288842888083559,0.0416666666666667,5,0.739157724941173,0.803129097313537,"False","False"
"brief_subscales","separate","WM_ACC","Moles working-memory accuracy","WM_ACC_PRE","Moles working memory",91,"BRIEF_SelfMonitor","BRIEF Self-Monitor","BRIEF-2","ok",-0.0350159484144562,0.0871409408200234,-0.205809054000638,0.135777157171726,0.687808262232889,0.0958572950415042,0.0753085972015384,0.0946333567585447,0.00122393828295955,0.00135187030811912,,"outcome_z ~ BRIEF_SelfMonitor_z + age_z",1.19705178227778,2.60416322453179,4.55696677916379,0.126429036704892,0.114717392035556,0.043956043956044,4,0.95275742452828,0.803129097313537,"False","False"
"brief_subscales","separate","CBT_B_SPAN","Corsi backward span","CBT_B_SPAN_PRE","Corsi",96,"BRIEF_Inhibit","BRIEF Inhibit","BRIEF-2","ok",-0.0433166444357616,0.110170081080864,-0.259246035528113,0.17261274665659,0.694186728352211,0.116606045416876,0.0976083259634752,0.114737866022369,0.00186817939450623,0.00211031210169614,,"outcome_z ~ BRIEF_Inhibit_z + age_z",-0.0896883605861618,-1.12757899448112,1.79151184091491,0.155664229628713,0.116656423558793,0.0416666666666667,4,0.930217768414383,0.803129097313537,"False","False"
"brief_subscales","separate","PWM_EFF","Moles WM-planning tile difference (EFF)","PWM_EFF_PRE","Moles working-memory planning",96,"BRIEF_Em_Con","BRIEF Emotional Control","BRIEF-2","ok",0.0379032398974759,0.0996555953110007,-0.157418137769984,0.233224617564936,0.703691328049795,0.0148901536151638,-0.00629500437160679,0.0134546380961673,0.00143551551899643,0.00145509327237222,,"outcome_z ~ BRIEF_Em_Con_z + age_z",-2.79635836843271,18.6974263245262,8.42344933695781,0.203202805709435,0.256638192807566,0.0416666666666667,5,0.667934787078383,0.803129097313537,"False","False"
"brief_subscales","separate","PWM_ACC","Moles WM-planning accuracy","PWM_ACC_PRE","Moles working-memory planning",91,"BRIEF_SelfMonitor","BRIEF Self-Monitor","BRIEF-2","ok",0.0414048734697583,0.115901692237148,-0.185758269062297,0.268568016001814,0.720911155467194,0.0314839858685134,0.00947225827461606,0.0297726681178758,0.00171131775063759,0.00176383172726935,,"outcome_z ~ BRIEF_SelfMonitor_z + age_z",-0.0240120910002566,-0.294365032005126,2.99915394858352,0.126429036704892,0.127470341211123,0.043956043956044,3,0.134915907244462,0.803129097313537,"False","False"
"brief_subscales","separate","PLANNING_EFF","Moles planning tile difference (EFF)","PLANNING_EFF_PRE","Moles planning",96,"BRIEF_TaskMonitor","BRIEF Task-Monitor","BRIEF-2","ok",-0.0330017637505948,0.0926003888728646,-0.214495190895813,0.148491663394623,0.721549235628153,0.0677643787858947,0.0477163009103225,0.0668638404636668,0.000900538322227903,0.000965066365743752,,"outcome_z ~ BRIEF_TaskMonitor_z + age_z",1.28642219641364,2.79496898261939,4.86362672780048,0.157857478844443,0.100029652348882,0.0416666666666667,5,0.561480276101554,0.803129097313537,"False","False"
"brief_subscales","separate","PWM_EFF","Moles WM-planning tile difference (EFF)","PWM_EFF_PRE","Moles working-memory planning",96,"BRIEF_plann","BRIEF Plan/Organize","BRIEF-2","ok",-0.0419044663060192,0.118583732125841,-0.274324310425012,0.190515377812974,0.723807704986274,0.0150582849925264,-0.00612325726569884,0.0134546380961673,0.00160364689635908,0.00162551764803248,,"outcome_z ~ BRIEF_plann_z + age_z",-2.80861095236056,19.0466854892064,8.52831706823386,0.113751034686433,0.258469521978713,0.0416666666666667,5,0.750284351947071,0.803129097313537,"False","False"
"brief_subscales","separate","PWM_ACC","Moles WM-planning accuracy","PWM_ACC_PRE","Moles working-memory planning",91,"BRIEF_Inhibit","BRIEF Inhibit","BRIEF-2","ok",-0.0360329885821232,0.113745597485943,-0.258970263054562,0.186904285890316,0.751406149773309,0.0310670029517473,0.00904579847337805,0.0297726681178758,0.00129433483387151,0.00133405315572864,,"outcome_z ~ BRIEF_Inhibit_z + age_z",0.0313689872688316,-0.296066906519263,3.04036686000983,0.16179260126339,0.146009531960356,0.043956043956044,4,0.32151097454133,0.813766678054113,"False","False"
"brief_subscales","separate","TOL_ACC","Tower of London accuracy","TOL_ACC_PRE","Tower of London",95,"BRIEF_plann","BRIEF Plan/Organize","BRIEF-2","ok",-0.0395738854000261,0.126013847453606,-0.286556487962418,0.207408717162366,0.753487664864919,0.0972959189576443,0.0776719171958538,0.0958684098679692,0.00142750908967508,0.00157887314773119,,"outcome_z ~ BRIEF_plann_z + age_z",-0.341600197239146,0.243767818446847,3.47434432238202,0.11376647866268,0.342669710691982,0.0421052631578947,5,0.254503344136208,0.813766678054113,"False","False"
"brief_subscales","separate","PWM_ACC","Moles WM-planning accuracy","PWM_ACC_PRE","Moles working-memory planning",91,"BRIEF_wm","BRIEF Working Memory","BRIEF-2","ok",0.0387064206655809,0.131058150290895,-0.218162833785011,0.295575675116173,0.767735873200054,0.031259588326391,0.0092427607883544,0.0297726681178758,0.00148692020851521,0.00153254825921126,,"outcome_z ~ BRIEF_wm_z + age_z",-0.0304478552103972,-0.239817291823481,3.01030788166557,0.126339505144756,0.248518333394616,0.043956043956044,4,0.0395006257774419,0.818244812226373,"False","False"
"brief_subscales","separate","CBT_F_SPAN","Corsi forward span","CBT_F_SPAN_PRE","Corsi",96,"BRIEF_Em_Con","BRIEF Emotional Control","BRIEF-2","ok",0.0230211796308554,0.096313269773893,-0.165749360359265,0.211791719620976,0.811086999820187,0.0691771482604587,0.0491594525241246,0.0686475941168177,0.000529554143641003,0.000568586219669261,,"outcome_z ~ BRIEF_Em_Con_z + age_z",-1.31882962270038,2.44565795142342,3.28766912573195,0.203202805709435,0.129883238577339,0.0416666666666667,7,0.674327931095113,0.853221389421235,"False","False"
"brief_subscales","separate","PLANNING_EFF","Moles planning tile difference (EFF)","PLANNING_EFF_PRE","Moles planning",96,"BRIEF_plann","BRIEF Plan/Organize","BRIEF-2","ok",-0.0185471298042296,0.098966159368661,-0.212517237855056,0.175422978246597,0.851340118398277,0.0671779937037273,0.0471173053962807,0.0668638404636668,0.000314153240060483,0.000336663880024301,,"outcome_z ~ BRIEF_plann_z + age_z",1.2876849847748,2.76510081548386,4.86383940795678,0.113751034686433,0.119742389488375,0.0416666666666667,6,0.517447506537728,0.884083969105903,"False","False"
"brief_subscales","separate","TOL_ACC","Tower of London accuracy","TOL_ACC_PRE","Tower of London",95,"BRIEF_Em_Con","BRIEF Emotional Control","BRIEF-2","ok",0.00994821271395242,0.09883739049099,-0.183769512974309,0.203665938402214,0.919826461733774,0.0959673093874074,0.0763144248088726,0.0958684098679692,9.88995194382558e-05,0.000109386200546012,,"outcome_z ~ BRIEF_Em_Con_z + age_z",-0.339053412861134,0.168979278015232,3.34502697341369,0.203286931992396,0.228034479107651,0.0421052631578947,4,0.213060716945294,0.943113207600451,"False","False"
"brief_subscales","separate","PWM_EFF","Moles WM-planning tile difference (EFF)","PWM_EFF_PRE","Moles working-memory planning",96,"BRIEF_shift","BRIEF Shift","BRIEF-2","ok",-0.00923515133712543,0.131266091343063,-0.266511962760873,0.248041660086622,0.943911559083957,0.0135373286202602,-0.00767692237715356,0.0134546380961673,8.26905240928887e-05,8.38182685621049e-05,,"outcome_z ~ BRIEF_shift_z + age_z",-2.81351835791547,18.8829484221484,8.49792093673267,0.163224131118164,0.291908878283158,0.0416666666666667,5,0.759488811232434,0.955710453572506,"False","False"
"brief_subscales","separate","PWM_EFF","Moles WM-planning tile difference (EFF)","PWM_EFF_PRE","Moles working-memory planning",96,"BRIEF_OrganizMaterial","BRIEF Organization of Materials","BRIEF-2","ok",0.00360094157735645,0.0866690030815199,-0.166267183038414,0.173469066193126,0.96685886332956,0.0134656608911819,-0.00775013134771729,0.0134546380961673,1.10227950145501e-05,1.11731253728961e-05,,"outcome_z ~ BRIEF_OrganizMaterial_z + age_z",-2.81375100232612,18.835741121178,8.44010276808718,0.103950912287827,0.217381103852636,0.0416666666666667,5,0.753149326066029,0.96685886332956,"False","False"
"totals_joint","joint","TOL_ACC","Tower of London accuracy","TOL_ACC_PRE","Tower of London",93,"ABAS_TOT_complete","ABAS-II complete total","ABAS-II","ok",0.45927436095474,0.224100114361272,0.0200462078753399,0.89850251403414,0.0404214535854951,0.192917556368769,0.165712530178952,0.0977667998223103,0.095150756546459,0.0904608544016385,2.62776916923168,"outcome_z ~ ABAS_TOT_complete_z + BRIEF_TOT_complete_z + age_z",-0.0465995077530633,0.198019883806044,2.83482585291428,0.17653537581061,0.241008763358144,0.043010752688172,9,0.0694284888457979,0.438957362326945,"True","False"
"totals_joint","joint","PLANNING_ACC","Moles planning accuracy","PLANNING_ACC_PRE","Moles planning",89,"BRIEF_TOT_complete","BRIEF-2 complete total","BRIEF-2","ok",-0.348832957018027,0.177021315741293,-0.695788360366855,-0.00187755366919895,0.0487730402585495,0.0894613427589116,0.0573246842680496,0.0262863174842033,0.0631750252747082,0.0640917071872763,1.95149788893768,"outcome_z ~ ABAS_TOT_complete_z + BRIEF_TOT_complete_z + age_z",-3.51390628150115,14.3743996389865,7.38778545020714,0.179625551281843,0.912458817126269,0.0449438202247191,5,0.07349747604641,0.438957362326945,"True","False"
"totals_joint","joint","CBT_B_SPAN","Corsi backward span","CBT_B_SPAN_PRE","Corsi",94,"BRIEF_TOT_complete","BRIEF-2 complete total","BRIEF-2","ok",-0.207594417820679,0.123898329961853,-0.450430682290571,0.0352418466492121,0.0938317946846108,0.172583014503903,0.1450024483207,0.110348117562508,0.0622348969413944,0.0270158725662906,1.87583081950254,"outcome_z ~ ABAS_TOT_complete_z + BRIEF_TOT_complete_z + age_z",-0.144488757093714,-0.993100594912275,1.91777125290868,0.176301684541044,0.0878020067686798,0.0425531914893617,3,0.681386635083608,0.562990768107665,"False","False"
"totals_joint","joint","TOL_VIO_REG","Tower of London rule violations","TOL_VIO_REG_PRE","Tower of London",94,"ABAS_TOT_complete","ABAS-II complete total","ABAS-II","ok",-0.255490395419613,0.167319277574561,-0.583430153385013,0.0724493625457866,0.126770138784712,0.212489559016728,0.186239210983952,0.0686269384280538,0.143862620588674,0.0303776545745113,2.64570374767873,"outcome_z ~ ABAS_TOT_complete_z + BRIEF_TOT_complete_z + age_z",1.26839451543031,1.88357620968519,3.70053789032993,0.176301684541044,0.193097551355973,0.0425531914893617,7,0.0496607726009876,0.566370452893672,"False","False"
"totals_joint","joint","PLANNING_EFF","Moles planning tile difference (EFF)","PLANNING_EFF_PRE","Moles planning",94,"ABAS_TOT_complete","ABAS-II complete total","ABAS-II","ok",0.254665550042452,0.180174550602691,-0.0984700800695118,0.607801180154415,0.15752698957259,0.0968428191266582,0.0667375797642135,0.0618669062432187,0.0349759128834395,0.026424423311435,2.64570374767873,"outcome_z ~ ABAS_TOT_complete_z + BRIEF_TOT_complete_z + age_z",1.21130207358797,2.44379957417426,4.76570757350385,0.176301684541044,0.203107087169781,0.0425531914893617,2,0.424921607425778,0.566370452893672,"False","False"
"totals_joint","joint","TOL_VIO_REG","Tower of London rule violations","TOL_VIO_REG_PRE","Tower of London",94,"BRIEF_TOT_complete","BRIEF-2 complete total","BRIEF-2","ok",0.206680911657806,0.157271470858118,-0.101565507019746,0.514927330335358,0.188790150964557,0.212489559016728,0.186239210983952,0.0686269384280538,0.143862620588674,0.0281041514200445,1.87583081950254,"outcome_z ~ ABAS_TOT_complete_z + BRIEF_TOT_complete_z + age_z",1.26839451543031,1.88357620968519,3.70053789032993,0.176301684541044,0.193097551355973,0.0425531914893617,7,0.0496607726009876,0.566370452893672,"False","False"
"totals_joint","joint","PWM_ACC","Moles WM-planning accuracy","PWM_ACC_PRE","Moles working-memory planning",89,"BRIEF_TOT_complete","BRIEF-2 complete total","BRIEF-2","ok",0.153029039533228,0.135262342517014,-0.112080280264641,0.418138359331097,0.257907843643142,0.0413024625068326,0.00746607883060313,0.0288983131312236,0.012404149375609,0.0123621984590055,1.95149788893768,"outcome_z ~ ABAS_TOT_complete_z + BRIEF_TOT_complete_z + age_z",-0.0159893051535764,-0.332205886395474,2.91950165487268,0.179625551281843,0.131706304267374,0.0449438202247191,5,0.0764117525204037,0.603934234569076,"False","False"
"totals_joint","joint","PLANNING_ACC","Moles planning accuracy","PLANNING_ACC_PRE","Moles planning",89,"ABAS_TOT_complete","ABAS-II complete total","ABAS-II","ok",-0.24393181147952,0.220409786030475,-0.675927053939431,0.188063430980391,0.268415215364034,0.0894613427589116,0.0573246842680496,0.0262863174842033,0.0631750252747082,0.0239738302191708,2.66049550956387,"outcome_z ~ ABAS_TOT_complete_z + BRIEF_TOT_complete_z + age_z",-3.51390628150115,14.3743996389865,7.38778545020714,0.179625551281843,0.912458817126269,0.0449438202247191,5,0.07349747604641,0.603934234569076,"False","False"
"totals_joint","joint","CBT_F_SPAN","Corsi forward span","CBT_F_SPAN_PRE","Corsi",94,"ABAS_TOT_complete","ABAS-II complete total","ABAS-II","ok",0.191364490325551,0.206424014113175,-0.213219142880459,0.595948123531561,0.353902818004572,0.0968590570435936,0.0667543589450466,0.0642608517005129,0.0325982053430806,0.0150945613954624,2.64570374767873,"outcome_z ~ ABAS_TOT_complete_z + BRIEF_TOT_complete_z + age_z",-1.35570458522332,2.9328258368252,3.7856242726961,0.176301684541044,0.173922616115453,0.0425531914893617,8,0.781703356885235,0.690822904181707,"False","False"
"totals_joint","joint","PWM_ACC","Moles WM-planning accuracy","PWM_ACC_PRE","Moles working-memory planning",89,"ABAS_TOT_complete","ABAS-II complete total","ABAS-II","ok",0.145948507595313,0.178392455991256,-0.203694281261196,0.495591296451822,0.413282039891898,0.0413024625068326,0.00746607883060313,0.0288983131312236,0.012404149375609,0.00828215403106759,2.66049550956387,"outcome_z ~ ABAS_TOT_complete_z + BRIEF_TOT_complete_z + age_z",-0.0159893051535764,-0.332205886395474,2.91950165487268,0.179625551281843,0.131706304267374,0.0449438202247191,5,0.0764117525204037,0.690822904181707,"False","False"
"totals_joint","joint","TOL_ACC","Tower of London accuracy","TOL_ACC_PRE","Tower of London",93,"BRIEF_TOT_complete","BRIEF-2 complete total","BRIEF-2","ok",0.136115751182678,0.169580201979305,-0.196255337187788,0.468486839553145,0.422169552555488,0.192917556368769,0.165712530178952,0.0977667998223103,0.095150756546459,0.0120851664062045,1.87657419454827,"outcome_z ~ ABAS_TOT_complete_z + BRIEF_TOT_complete_z + age_z",-0.0465995077530633,0.198019883806044,2.83482585291428,0.17653537581061,0.241008763358144,0.043010752688172,9,0.0694284888457979,0.690822904181707,"False","False"
"totals_joint","joint","WM_ACC","Moles working-memory accuracy","WM_ACC_PRE","Moles working memory",89,"BRIEF_TOT_complete","BRIEF-2 complete total","BRIEF-2","ok",-0.0735210324940794,0.125492153199393,-0.319481133107272,0.172439068119113,0.557968530367646,0.109118001163848,0.0776751070872777,0.0958509284120027,0.0132670727518451,0.00309946512757203,1.95149788893768,"outcome_z ~ ABAS_TOT_complete_z + BRIEF_TOT_complete_z + age_z",1.16432991795445,2.49153662077152,4.51687695082741,0.179625551281843,0.0985461345995271,0.0449438202247191,4,0.77993820239759,0.819528230754298,"False","False"
"totals_joint","joint","CBT_B_SPAN","Corsi backward span","CBT_B_SPAN_PRE","Corsi",94,"ABAS_TOT_complete","ABAS-II complete total","ABAS-II","ok",0.0739052203410158,0.14746178577984,-0.215114568883431,0.362925009565463,0.616242909295185,0.172583014503903,0.1450024483207,0.110348117562508,0.0622348969413944,0.00248887071468327,2.64570374767873,"outcome_z ~ ABAS_TOT_complete_z + BRIEF_TOT_complete_z + age_z",-0.144488757093714,-0.993100594912275,1.91777125290868,0.176301684541044,0.0878020067686798,0.0425531914893617,3,0.681386635083608,0.819528230754298,"False","False"
"totals_joint","joint","PWM_EFF","Moles WM-planning tile difference (EFF)","PWM_EFF_PRE","Moles working-memory planning",94,"ABAS_TOT_complete","ABAS-II complete total","ABAS-II","ok",0.0704931658753838,0.149564785816658,-0.222648427680713,0.363634759431481,0.637410846142232,0.0209527761781784,-0.011682131282549,0.0179151768167709,0.00303759936140748,0.0019147708458722,2.64570374767873,"outcome_z ~ ABAS_TOT_complete_z + BRIEF_TOT_complete_z + age_z",-3.02248314839056,20.2616263365197,8.82056011626786,0.176301684541044,0.343635133488339,0.0425531914893617,5,0.564352379469643,0.819528230754298,"False","False"
"totals_joint","joint","WM_ACC","Moles working-memory accuracy","WM_ACC_PRE","Moles working memory",89,"ABAS_TOT_complete","ABAS-II complete total","ABAS-II","ok",0.063500359563703,0.15754886173096,-0.24528973523426,0.372290454361666,0.686910084153953,0.109118001163848,0.0776751070872777,0.0958509284120027,0.0132670727518451,0.00169836658531083,2.66049550956387,"outcome_z ~ ABAS_TOT_complete_z + BRIEF_TOT_complete_z + age_z",1.16432991795445,2.49153662077152,4.51687695082741,0.179625551281843,0.0985461345995271,0.0449438202247191,4,0.77993820239759,0.824292100984744,"False","False"
"totals_joint","joint","PLANNING_EFF","Moles planning tile difference (EFF)","PLANNING_EFF_PRE","Moles planning",94,"BRIEF_TOT_complete","BRIEF-2 complete total","BRIEF-2","ok",0.0397789111076256,0.118664880654874,-0.192799981205671,0.272357803420922,0.737458692393947,0.0968428191266582,0.0667375797642135,0.0618669062432187,0.0349759128834395,0.000933132534468739,1.87583081950254,"outcome_z ~ ABAS_TOT_complete_z + BRIEF_TOT_complete_z + age_z",1.21130207358797,2.44379957417426,4.76570757350385,0.176301684541044,0.203107087169781,0.0425531914893617,2,0.424921607425778,0.829641028943191,"False","False"
"totals_joint","joint","CBT_F_SPAN","Corsi forward span","CBT_F_SPAN_PRE","Corsi",94,"BRIEF_TOT_complete","BRIEF-2 complete total","BRIEF-2","ok",-0.0311843992257663,0.140850936669429,-0.30724716228658,0.244878363835047,0.824780982218269,0.0968590570435936,0.0667543589450466,0.0642608517005129,0.0325982053430806,0.000573688763977027,1.87583081950254,"outcome_z ~ ABAS_TOT_complete_z + BRIEF_TOT_complete_z + age_z",-1.35570458522332,2.9328258368252,3.7856242726961,0.176301684541044,0.173922616115453,0.0425531914893617,8,0.781703356885235,0.87329751058405,"False","False"
"totals_joint","joint","PWM_EFF","Moles WM-planning tile difference (EFF)","PWM_EFF_PRE","Moles working-memory planning",94,"BRIEF_TOT_complete","BRIEF-2 complete total","BRIEF-2","ok",0.0051819349339991,0.144782614781596,-0.278586775625466,0.288950645493464,0.971448897253975,0.0209527761781784,-0.011682131282549,0.0179151768167709,0.00303759936140748,1.46211069523706e-05,1.87583081950254,"outcome_z ~ ABAS_TOT_complete_z + BRIEF_TOT_complete_z + age_z",-3.02248314839056,20.2616263365197,8.82056011626786,0.176301684541044,0.343635133488339,0.0425531914893617,5,0.564352379469643,0.971448897253975,"False","False"
"totals_separate","separate","TOL_VIO_REG","Tower of London rule violations","TOL_VIO_REG_PRE","Tower of London",95,"ABAS_TOT_complete","ABAS-II complete total","ABAS-II","ok",-0.427472366707907,0.134411885221426,-0.690914820836033,-0.164029912579781,0.00147114163825028,0.197103339917848,0.17964906469867,0.0726282954430217,0.124475044474826,0.134223466020337,,"outcome_z ~ ABAS_TOT_complete_z + age_z",1.2965062678997,1.74386966506465,3.44512076206136,0.109043495858489,0.164045320554083,0.0421052631578947,5,0.0148316689887006,0.0189363052669832,"True","True"
"totals_separate","separate","TOL_VIO_REG","Tower of London rule violations","TOL_VIO_REG_PRE","Tower of London",96,"BRIEF_TOT_complete","BRIEF-2 complete total","BRIEF-2","ok",0.35975154714074,0.116987026749003,0.13046118805427,0.58904190622721,0.00210403391855369,0.201543484883057,0.184372377031079,0.0755774554276971,0.12596602945536,0.136264558015122,,"outcome_z ~ BRIEF_TOT_complete_z + age_z",1.33813786032654,2.44323188159914,4.00915431193246,0.164273575752832,0.176278277649839,0.0416666666666667,7,0.0734030409798849,0.0189363052669832,"True","True"
"totals_separate","separate","CBT_B_SPAN","Corsi backward span","CBT_B_SPAN_PRE","Corsi",96,"BRIEF_TOT_complete","BRIEF-2 complete total","BRIEF-2","ok",-0.252165722109794,0.0884554212014327,-0.425535161901923,-0.0787962823176657,0.00436140301698339,0.176627825930953,0.15892089745635,0.114737866022369,0.061889959908584,0.0699114505558961,,"outcome_z ~ BRIEF_TOT_complete_z + age_z",-0.096904408977027,-0.959389360797613,1.94583152637486,0.164273575752832,0.0842651229722299,0.0416666666666667,3,0.905044933804616,0.0261684181019004,"True","True"
"totals_separate","separate","PLANNING_ACC","Moles planning accuracy","PLANNING_ACC_PRE","Moles planning",91,"BRIEF_TOT_complete","BRIEF-2 complete total","BRIEF-2","ok",-0.202114179949342,0.0761148406398786,-0.35129652629251,-0.0529318336061743,0.00792180196948214,0.0655645184890282,0.044327348454688,0.0261038723435391,0.0394606461454891,0.0405183314984989,,"outcome_z ~ BRIEF_TOT_complete_z + age_z",-3.84459010810861,16.8733208157493,7.72795459121169,0.167050819019708,0.868681033858216,0.043956043956044,4,0.270775608199468,0.029982315996284,"True","True"
"totals_separate","separate","TOL_ACC","Tower of London accuracy","TOL_ACC_PRE","Tower of London",94,"ABAS_TOT_complete","ABAS-II complete total","ABAS-II","ok",0.360133968461529,0.136494148009596,0.0926103542622418,0.627657582660817,0.0083284211100789,0.191782065186556,0.174019033652195,0.102865731220943,0.0889163339656137,0.0991115121336556,,"outcome_z ~ ABAS_TOT_complete_z + age_z",-0.13569757948402,0.0941339245471293,2.9550226600375,0.109052408878543,0.273120465403076,0.0425531914893617,9,0.0772117138030332,0.029982315996284,"True","True"
"totals_separate","separate","CBT_B_SPAN","Corsi backward span","CBT_B_SPAN_PRE","Corsi",95,"ABAS_TOT_complete","ABAS-II complete total","ABAS-II","ok",0.219942482464802,0.112489936253083,-0.000533741214446715,0.440418706144052,0.0505572040499795,0.133810029242088,0.114979812486481,0.100857827036972,0.0329522022051157,0.0366484891888956,,"outcome_z ~ ABAS_TOT_complete_z + age_z",-0.153009708459235,-1.17335786007421,1.79358681441282,0.109043495858489,0.0600361442845066,0.0421052631578947,2,0.506943289184443,0.151671612149939,"False","False"
"totals_separate","separate","PLANNING_EFF","Moles planning tile difference (EFF)","PLANNING_EFF_PRE","Moles planning",95,"ABAS_TOT_complete","ABAS-II complete total","ABAS-II","ok",0.225042730420849,0.137979704414201,-0.0453925208284673,0.495477981670166,0.102893634167389,0.0960050749043403,0.0763530113153041,0.0615068955564009,0.0344981793479395,0.0367591186174908,,"outcome_z ~ ABAS_TOT_complete_z + age_z",1.22140339222692,2.55887723475617,4.827321209085,0.109043495858489,0.259550530920084,0.0421052631578947,4,0.279978581195047,0.264583630716143,"False","False"
"totals_separate","separate","CBT_F_SPAN","Corsi forward span","CBT_F_SPAN_PRE","Corsi",95,"ABAS_TOT_complete","ABAS-II complete total","ABAS-II","ok",0.222428798811142,0.146772807333274,-0.0652406174719119,0.510098215094195,0.129655124718268,0.100879837332461,0.0813337468396886,0.0671784148741593,0.0337014224583019,0.0361284762227663,,"outcome_z ~ ABAS_TOT_complete_z + age_z",-1.35377501240459,2.96682654490264,3.8363328757304,0.109043495858489,0.223806111268062,0.0421052631578947,7,0.860477793191169,0.273096605503064,"False","False"
"totals_separate","separate","CBT_F_SPAN","Corsi forward span","CBT_F_SPAN_PRE","Corsi",96,"BRIEF_TOT_complete","BRIEF-2 complete total","BRIEF-2","ok",-0.151020335751995,0.101439761428755,-0.34983861475269,0.0477979432487013,0.136548302751532,0.0908458555855148,0.0712941535550958,0.0686475941168177,0.0221982614686971,0.023834438316232,,"outcome_z ~ BRIEF_TOT_complete_z + age_z",-1.37021021303667,2.57840893212467,3.49985734553856,0.164273575752832,0.162188809933302,0.0416666666666667,8,0.737960233943992,0.273096605503064,"False","False"
"totals_separate","separate","TOL_ACC","Tower of London accuracy","TOL_ACC_PRE","Tower of London",95,"BRIEF_TOT_complete","BRIEF-2 complete total","BRIEF-2","ok",-0.117765293793822,0.0955745640585731,-0.305087997186742,0.0695574095990975,0.217880963780835,0.109360226952791,0.0899984927561124,0.0958684098679692,0.0134918170848218,0.0149224042518539,,"outcome_z ~ BRIEF_TOT_complete_z + age_z",-0.32884643600606,0.191170480962534,3.37026939549578,0.16436402270309,0.227563136140696,0.0421052631578947,5,0.204176422063167,0.362720621902925,"False","False"
"totals_separate","separate","WM_ACC","Moles working-memory accuracy","WM_ACC_PRE","Moles working memory",90,"ABAS_TOT_complete","ABAS-II complete total","ABAS-II","ok",0.133621331186989,0.112374091653349,-0.0866278412489778,0.353870503622955,0.234409776388619,0.113289838000634,0.092905696345476,0.100817853283607,0.0124719847170272,0.0138703651563504,,"outcome_z ~ ABAS_TOT_complete_z + age_z",1.10696669798252,2.29116776377673,4.48513839720642,0.110556253497774,0.101932616888788,0.0444444444444444,4,0.635525484989248,0.362720621902925,"False","False"
"totals_separate","separate","WM_ACC","Moles working-memory accuracy","WM_ACC_PRE","Moles working memory",91,"BRIEF_TOT_complete","BRIEF-2 complete total","BRIEF-2","ok",-0.104269240590139,0.089083576929155,-0.278869842985286,0.0703313618050078,0.241813747935283,0.105135623526432,0.0847977967883966,0.0946333567585447,0.0105022667678876,0.011600015138935,,"outcome_z ~ BRIEF_TOT_complete_z + age_z",1.1969524366649,2.66170755448258,4.59371894277857,0.167050819019708,0.113385370970074,0.043956043956044,4,0.961104778639967,0.362720621902925,"False","False"
"totals_separate","separate","PLANNING_EFF","Moles planning tile difference (EFF)","PLANNING_EFF_PRE","Moles planning",96,"BRIEF_TOT_complete","BRIEF-2 complete total","BRIEF-2","ok",-0.0829704395407826,0.0886707045333653,-0.256761826909971,0.0908209478284058,0.349420344769188,0.0735641502285035,0.0536407986205143,0.0668638404636668,0.00670030976483664,0.00718042023809899,,"outcome_z ~ BRIEF_TOT_complete_z + age_z",1.26979193449167,2.70690874445244,4.82315744849287,0.164273575752832,0.128624833426501,0.0416666666666667,4,0.533751915069621,0.48381278506503,"False","False"
"totals_separate","separate","PWM_ACC","Moles WM-planning accuracy","PWM_ACC_PRE","Moles working-memory planning",91,"BRIEF_TOT_complete","BRIEF-2 complete total","BRIEF-2","ok",0.0627766105222225,0.112827365586595,-0.158360962498037,0.283914183542482,0.57794068390606,0.0335795232572828,0.0116154215131302,0.0297726681178758,0.00380685513940703,0.00392367336428479,,"outcome_z ~ BRIEF_TOT_complete_z + age_z",-0.0571164876397126,-0.274493911745327,2.97165011095832,0.167050819019708,0.105778618793554,0.043956043956044,5,0.0339497680083091,0.743066593593506,"False","False"
"totals_separate","separate","PWM_EFF","Moles WM-planning tile difference (EFF)","PWM_EFF_PRE","Moles working-memory planning",95,"ABAS_TOT_complete","ABAS-II complete total","ABAS-II","ok",0.0640380239340366,0.145060834613308,-0.220275987475368,0.348352035343442,0.658882668485562,0.0203770952527847,-0.000919054850415879,0.0175836379156035,0.00279345733718117,0.00284345563143306,,"outcome_z ~ ABAS_TOT_complete_z + age_z",-3.0221358486017,20.4201248432397,8.90117469409886,0.109043495858489,0.463271307768746,0.0421052631578947,5,0.461627336146808,0.790659202182674,"False","False"
"totals_separate","separate","PLANNING_ACC","Moles planning accuracy","PLANNING_ACC_PRE","Moles planning",90,"ABAS_TOT_complete","ABAS-II complete total","ABAS-II","ok",0.0368758658293708,0.106597105037279,-0.172050620899929,0.24580235255867,0.729390180518568,0.0280886925140511,0.00574590383621321,0.0271388131906773,0.000949879323373832,0.000976377037395376,,"outcome_z ~ ABAS_TOT_complete_z + age_z",-3.83166250183007,16.522033168295,7.73275918668412,0.110556253497774,0.938029685924744,0.0444444444444444,4,0.203639178265419,0.820563953083389,"False","False"
"totals_separate","separate","PWM_ACC","Moles WM-planning accuracy","PWM_ACC_PRE","Moles working-memory planning",90,"ABAS_TOT_complete","ABAS-II complete total","ABAS-II","ok",0.0367273830355294,0.141613604465987,-0.240830181438705,0.314284947509764,0.795365777880774,0.0329658961590604,0.0107352271052458,0.0320236509225487,0.000942245236511673,0.00097341762266158,,"outcome_z ~ ABAS_TOT_complete_z + age_z",0.0454748403172794,-0.32462471465144,3.02795220144298,0.110556253497774,0.107341546552634,0.0444444444444444,6,0.108503931202958,0.842152000109055,"False","False"
"totals_separate","separate","PWM_EFF","Moles WM-planning tile difference (EFF)","PWM_EFF_PRE","Moles working-memory planning",96,"BRIEF_TOT_complete","BRIEF-2 complete total","BRIEF-2","ok",-0.0143832016511631,0.131350410599844,-0.271825275781405,0.243058872479079,0.912803918968254,0.0136559916217015,-0.00755570748320822,0.0134546380961673,0.000201353525534175,0.000204099611948422,,"outcome_z ~ BRIEF_TOT_complete_z + age_z",-2.81652747048992,18.9311746692842,8.52361357144091,0.164273575752832,0.315855447265599,0.0416666666666667,5,0.755998962755022,0.912803918968254,"False","False"
